mass_ratio,gamma,zeta_t,positive_frequency_integral,two_sided_integral
0.853,0.01,0.01,0.011747799489023995,0.02349559897804799
0.853,0.01,0.026500000000000003,0.011459592320766274,0.022919184641532548
0.853,0.01,0.043000000000000003,0.011369080845106398,0.022738161690212796
0.853,0.01,0.059500000000000004,0.011311948496592348,0.022623896993184695
0.853,0.01,0.076,0.011266573279667645,0.02253314655933529
0.853,0.01,0.0925,0.011226759712223824,0.02245351942444765
0.853,0.01,0.109,0.011190062811672523,0.022380125623345046
0.853,0.01,0.1255,0.011155322638500158,0.022310645277000316
0.853,0.01,0.14200000000000002,0.011121917713715622,0.022243835427431243
0.853,0.01,0.15850000000000003,0.01108948475575175,0.0221789695115035
0.853,0.01,0.17500000000000002,0.011057796966031801,0.022115593932063603
0.853,0.01,0.1915,0.011026705237299306,0.022053410474598613
0.853,0.01,0.20800000000000002,0.010996107344407407,0.021992214688814814
0.853,0.01,0.22450000000000003,0.010965930721268526,0.021931861442537053
0.853,0.01,0.24100000000000002,0.010936122312753439,0.021872244625506878
0.853,0.01,0.2575,0.010906642328115121,0.021813284656230243
0.853,0.01,0.274,0.010877460251314735,0.02175492050262947
0.853,0.01,0.29050000000000004,0.010848552210941685,0.02169710442188337
0.853,0.01,0.30700000000000005,0.010819899198205427,0.021639798396410854
0.853,0.01,0.3235,0.010791485830218005,0.02158297166043601
0.853,0.01,0.34,0.01076329947333635,0.0215265989466727
0.853,0.01,0.35650000000000004,0.010735329609891073,0.021470659219782147
0.853,0.01,0.373,0.010707567372966003,0.021415134745932006
0.853,0.01,0.3895,0.010680005199369905,0.02136001039873981
0.853,0.01,0.406,0.010652636567200675,0.02130527313440135
0.853,0.01,0.42250000000000004,0.010625455794855397,0.021250911589710795
0.853,0.01,0.43900000000000006,0.010598457885335262,0.021196915770670524
0.853,0.01,0.4555,0.010571638404360909,0.021143276808721818
0.853,0.01,0.47200000000000003,0.010544993384016987,0.021089986768033975
0.853,0.01,0.48850000000000005,0.010518519245892578,0.021037038491785155
0.853,0.01,0.505,0.010492212739265613,0.020984425478531226
0.853,0.01,0.5215000000000001,0.010466070890992102,0.020932141781984204
0.853,0.01,0.538,0.01044009096459295,0.0208801819291859
0.853,0.01,0.5545,0.010414270426617411,0.020828540853234823
0.853,0.01,0.5710000000000001,0.010388606918822112,0.020777213837644224
0.853,0.01,0.5875,0.01036309823500621,0.02072619647001242
0.853,0.01,0.6040000000000001,0.010337742301631201,0.020675484603262403
0.853,0.01,0.6205,0.010312537161506872,0.020625074323013744
0.853,0.01,0.637,0.010287480959996119,0.020574961919992238
0.853,0.01,0.6535000000000001,0.010262571933288639,0.020525143866577278
0.853,0.01,0.67,0.01023780839839689,0.02047561679679378
0.853,0.01,0.6865,0.010213188744559617,0.020426377489119234
0.853,0.01,0.7030000000000001,0.010188711425863743,0.020377422851727486
0.853,0.01,0.7195,0.010164374954848268,0.020328749909696537
0.853,0.01,0.736,0.010140177896959033,0.020280355793918067
0.853,0.01,0.7525000000000001,0.010116118865716419,0.020232237731432838
0.853,0.01,0.769,0.010092196518496754,0.020184393036993507
0.853,0.01,0.7855000000000001,0.010068409552823447,0.020136819105646894
0.853,0.01,0.802,0.010044756703113862,0.020089513406227725
0.853,0.01,0.8185,0.010021236737793208,0.020042473475586416
0.853,0.01,0.8350000000000001,0.009997848456753184,0.019995696913506368
0.853,0.01,0.8515,0.009974590689081476,0.019949181378162952
0.853,0.01,0.8680000000000001,0.009951462291051877,0.019902924582103753
0.853,0.01,0.8845000000000001,0.00992846214431421,0.01985692428862842
0.853,0.01,0.901,0.009905589154287927,0.019811178308575855
0.853,0.01,0.9175000000000001,0.009882842248705026,0.019765684497410053
0.853,0.01,0.934,0.009860220376308997,0.019720440752617995
0.853,0.01,0.9505,0.009837722505670665,0.01967544501134133
0.853,0.01,0.9670000000000001,0.009815347624125623,0.019630695248251246
0.853,0.01,0.9835,0.009793094736800243,0.019586189473600486
0.853,0.01,1.0,0.009770962865732067,0.019541925731464134
0.853,0.026500000000000003,0.01,0.012384721863347246,0.02476944372669449
0.853,0.026500000000000003,0.026500000000000003,0.011619981352215382,0.023239962704430763
0.853,0.026500000000000003,0.043000000000000003,0.011381383428440674,0.022762766856881347
0.853,0.026500000000000003,0.059500000000000004,0.011232252625116908,0.022464505250233816
0.853,0.026500000000000003,0.076,0.011115104560321516,0.02223020912064303
0.853,0.026500000000000003,0.0925,0.01101345206065197,0.02202690412130394
0.853,0.026500000000000003,0.109,0.010920775936262969,0.021841551872525938
0.853,0.026500000000000003,0.1255,0.010833972818268865,0.02166794563653773
0.853,0.026500000000000003,0.14200000000000002,0.01075137101089865,0.0215027420217973
0.853,0.026500000000000003,0.15850000000000003,0.010671985633228246,0.021343971266456492
0.853,0.026500000000000003,0.17500000000000002,0.01059519512368217,0.02119039024736434
0.853,0.026500000000000003,0.1915,0.010520584971035491,0.021041169942070982
0.853,0.026500000000000003,0.20800000000000002,0.010447865813798012,0.020895731627596024
0.853,0.026500000000000003,0.22450000000000003,0.01037682764772403,0.02075365529544806
0.853,0.026500000000000003,0.24100000000000002,0.010307312836929884,0.020614625673859768
0.853,0.026500000000000003,0.2575,0.01023919949472181,0.02047839898944362
0.853,0.026500000000000003,0.274,0.01017239086327269,0.02034478172654538
0.853,0.026500000000000003,0.29050000000000004,0.010106808307301785,0.02021361661460357
0.853,0.026500000000000003,0.30700000000000005,0.010042386562326625,0.02008477312465325
0.853,0.026500000000000003,0.3235,0.00997907043276471,0.01995814086552942
0.853,0.026500000000000003,0.34,0.009916812447498913,0.019833624894997827
0.853,0.026500000000000003,0.35650000000000004,0.009855571162923755,0.01971114232584751
0.853,0.026500000000000003,0.373,0.00979530991309384,0.01959061982618768
0.853,0.026500000000000003,0.3895,0.009735995874549782,0.019471991749099565
0.853,0.026500000000000003,0.406,0.009677599356429251,0.019355198712858502
0.853,0.026500000000000003,0.42250000000000004,0.009620093254370798,0.019240186508741597
0.853,0.026500000000000003,0.43900000000000006,0.009563452625254534,0.019126905250509068
0.853,0.026500000000000003,0.4555,0.009507654352197916,0.01901530870439583
0.853,0.026500000000000003,0.47200000000000003,0.009452676877848818,0.018905353755697636
0.853,0.026500000000000003,0.48850000000000005,0.009398499989875731,0.018796999979751462
0.853,0.026500000000000003,0.505,0.00934510464680958,0.01869020929361916
0.853,0.026500000000000003,0.5215000000000001,0.009292472835366909,0.018584945670733818
0.853,0.026500000000000003,0.538,0.009240587452556674,0.01848117490511335
0.853,0.026500000000000003,0.5545,0.009189432207466671,0.018378864414933343
0.853,0.026500000000000003,0.5710000000000001,0.00913899153881298,0.01827798307762596
0.853,0.026500000000000003,0.5875,0.009089250545181851,0.018178501090363702
0.853,0.026500000000000003,0.6040000000000001,0.009040194925615141,0.018080389851230283
0.853,0.026500000000000003,0.6205,0.008991810928627289,0.017983621857254578
0.853,0.026500000000000003,0.637,0.008944085308187072,0.017888170616374145
0.853,0.026500000000000003,0.6535000000000001,0.008897005285459558,0.017794010570919117
0.853,0.026500000000000003,0.67,0.008850558515352165,0.01770111703070433
0.853,0.026500000000000003,0.6865,0.00880473305709101,0.01760946611418202
0.853,0.026500000000000003,0.7030000000000001,0.00875951734819759,0.01751903469639518
0.853,0.026500000000000003,0.7195,0.00871490018134423,0.01742980036268846
0.853,0.026500000000000003,0.736,0.00867087068366129,0.01734174136732258
0.853,0.026500000000000003,0.7525000000000001,0.008627418298157906,0.017254836596315812
0.853,0.026500000000000003,0.769,0.008584532766939483,0.017169065533878966
0.853,0.026500000000000003,0.7855000000000001,0.008542204116003019,0.017084408232006038
0.853,0.026500000000000003,0.802,0.00850042264138914,0.01700084528277828
0.853,0.026500000000000003,0.8185,0.008459178896518697,0.016918357793037395
0.853,0.026500000000000003,0.8350000000000001,0.008418463680577143,0.016836927361154285
0.853,0.026500000000000003,0.8515,0.008378268027811374,0.01675653605562275
0.853,0.026500000000000003,0.8680000000000001,0.008338583197641641,0.016677166395283282
0.853,0.026500000000000003,0.8845000000000001,0.008299400665487303,0.016598801330974605
0.853,0.026500000000000003,0.901,0.008260712114241512,0.016521424228483024
0.853,0.026500000000000003,0.9175000000000001,0.008222509426313628,0.016445018852627256
0.853,0.026500000000000003,0.934,0.008184784676191324,0.016369569352382648
0.853,0.026500000000000003,0.9505,0.008147530123465176,0.01629506024693035
0.853,0.026500000000000003,0.9670000000000001,0.008110738206270595,0.01622147641254119
0.853,0.026500000000000003,0.9835,0.008074401535117376,0.016148803070234752
0.853,0.026500000000000003,1.0,0.008038512887060914,0.016077025774121827
0.853,0.043000000000000003,0.01,0.013014470858419308,0.026028941716838616
0.853,0.043000000000000003,0.026500000000000003,0.011769338583132472,0.023538677166264944
0.853,0.043000000000000003,0.043000000000000003,0.011383547905390281,0.022767095810780562
0.853,0.043000000000000003,0.059500000000000004,0.011144850305256863,0.022289700610513725
0.853,0.043000000000000003,0.076,0.010959407625933885,0.02191881525186777
0.853,0.043000000000000003,0.0925,0.010800261492516573,0.021600522985033146
0.853,0.043000000000000003,0.109,0.010656718291425617,0.021313436582851234
0.853,0.043000000000000003,0.1255,0.0105236602583111,0.0210473205166222
0.853,0.043000000000000003,0.14200000000000002,0.010398308356533137,0.020796616713066273
0.853,0.043000000000000003,0.15850000000000003,0.010279006904440117,0.020558013808880234
0.853,0.043000000000000003,0.17500000000000002,0.010164695632076266,0.020329391264152532
0.853,0.043000000000000003,0.1915,0.010054654570693532,0.020109309141387064
0.853,0.043000000000000003,0.20800000000000002,0.009948370282904033,0.019896740565808067
0.853,0.043000000000000003,0.22450000000000003,0.009845461012881604,0.019690922025763207
0.853,0.043000000000000003,0.24100000000000002,0.009745632523946756,0.019491265047893513
0.853,0.043000000000000003,0.2575,0.009648650863047,0.019297301726094
0.853,0.043000000000000003,0.274,0.009554324920371494,0.019108649840742988
0.853,0.043000000000000003,0.29050000000000004,0.009462494892662413,0.018924989785324826
0.853,0.043000000000000003,0.30700000000000005,0.009373024431727408,0.018746048863454816
0.853,0.043000000000000003,0.3235,0.00928579516468724,0.01857159032937448
0.853,0.043000000000000003,0.34,0.009200702782266625,0.01840140556453325
0.853,0.043000000000000003,0.35650000000000004,0.009117654188852879,0.018235308377705758
0.853,0.043000000000000003,0.373,0.009036565387096922,0.018073130774193844
0.853,0.043000000000000003,0.3895,0.008957359880611969,0.017914719761223937
0.853,0.043000000000000003,0.406,0.008879967448593241,0.017759934897186483
0.853,0.043000000000000003,0.42250000000000004,0.00880432319177674,0.01760864638355348
0.853,0.043000000000000003,0.43900000000000006,0.008730366779302487,0.017460733558604974
0.853,0.043000000000000003,0.4555,0.008658041846420973,0.017316083692841946
0.853,0.043000000000000003,0.47200000000000003,0.008587295506890481,0.017174591013780962
0.853,0.043000000000000003,0.48850000000000005,0.008518077953657034,0.01703615590731407
0.853,0.043000000000000003,0.505,0.008450342128238133,0.016900684256476266
0.853,0.043000000000000003,0.5215000000000001,0.00838404344416913,0.01676808688833826
0.853,0.043000000000000003,0.538,0.008319139553408648,0.016638279106817297
0.853,0.043000000000000003,0.5545,0.008255590147219594,0.01651118029443919
0.853,0.043000000000000003,0.5710000000000001,0.008193356784956224,0.016386713569912448
0.853,0.043000000000000003,0.5875,0.008132402745672108,0.016264805491344216
0.853,0.043000000000000003,0.6040000000000001,0.008072692898499928,0.016145385796999857
0.853,0.043000000000000003,0.6205,0.008014193588642037,0.016028387177284074
0.853,0.043000000000000003,0.637,0.007956872536413745,0.01591374507282749
0.853,0.043000000000000003,0.6535000000000001,0.00790069874729554,0.01580139749459108
0.853,0.043000000000000003,0.67,0.007845642431330426,0.015691284862660852
0.853,0.043000000000000003,0.6865,0.007791674930507888,0.015583349861015776
0.853,0.043000000000000003,0.7030000000000001,0.007738768653027597,0.015477537306055195
0.853,0.043000000000000003,0.7195,0.007686897013503371,0.015373794027006742
0.853,0.043000000000000003,0.736,0.007636034378358168,0.015272068756716335
0.853,0.043000000000000003,0.7525000000000001,0.007586156015753675,0.01517231203150735
0.853,0.043000000000000003,0.769,0.007537238049514331,0.015074476099028662
0.853,0.043000000000000003,0.7855000000000001,0.00748925741659431,0.01497851483318862
0.853,0.043000000000000003,0.802,0.007442191827677098,0.014884383655354196
0.853,0.043000000000000003,0.8185,0.007396019730602966,0.014792039461205933
0.853,0.043000000000000003,0.8350000000000001,0.007350720276296841,0.014701440552593682
0.853,0.043000000000000003,0.8515,0.007306273286986398,0.014612546573972795
0.853,0.043000000000000003,0.8680000000000001,0.007262659226461369,0.014525318452922738
0.853,0.043000000000000003,0.8845000000000001,0.007219859172204572,0.014439718344409144
0.853,0.043000000000000003,0.901,0.007177854789221155,0.01435570957844231
0.853,0.043000000000000003,0.9175000000000001,0.007136628305415071,0.014273256610830141
0.853,0.043000000000000003,0.934,0.007096162488397037,0.014192324976794074
0.853,0.043000000000000003,0.9505,0.007056440623587891,0.014112881247175782
0.853,0.043000000000000003,0.9670000000000001,0.007017446493541856,0.014034892987083712
0.853,0.043000000000000003,0.9835,0.0069791643583704535,0.013958328716740907
0.853,0.043000000000000003,1.0,0.006941578937205004,0.013883157874410008
0.853,0.059500000000000004,0.01,0.01364196875279098,0.02728393750558196
0.853,0.059500000000000004,0.026500000000000003,0.011909778122725449,0.023819556245450898
0.853,0.059500000000000004,0.043000000000000003,0.011376940899341022,0.022753881798682044
0.853,0.059500000000000004,0.059500000000000004,0.011050677744427277,0.022101355488854554
0.853,0.059500000000000004,0.076,0.010800021914922424,0.02160004382984485
0.853,0.059500000000000004,0.0925,0.010587265476691258,0.021174530953382516
0.853,0.059500000000000004,0.109,0.010397390724968423,0.020794781449936846
0.853,0.059500000000000004,0.1255,0.010223164362451386,0.020446328724902773
0.853,0.059500000000000004,0.14200000000000002,0.010060622408692798,0.020121244817385597
0.853,0.059500000000000004,0.15850000000000003,0.009907374540645933,0.019814749081291865
0.853,0.059500000000000004,0.17500000000000002,0.009761867186116015,0.01952373437223203
0.853,0.059500000000000004,0.1915,0.00962302718246061,0.01924605436492122
0.853,0.059500000000000004,0.20800000000000002,0.009490074719590121,0.018980149439180242
0.853,0.059500000000000004,0.22450000000000003,0.009362418505493351,0.018724837010986702
0.853,0.059500000000000004,0.24100000000000002,0.009239593773290282,0.018479187546580563
0.853,0.059500000000000004,0.2575,0.009121223933350723,0.018242447866701445
0.853,0.059500000000000004,0.274,0.009006995919794834,0.01801399183958967
0.853,0.059500000000000004,0.29050000000000004,0.008896643800431111,0.017793287600862222
0.853,0.059500000000000004,0.30700000000000005,0.008789937552969172,0.017579875105938343
0.853,0.059500000000000004,0.3235,0.008686675172931134,0.01737335034586227
0.853,0.059500000000000004,0.34,0.008586676990001027,0.017173353980002054
0.853,0.059500000000000004,0.35650000000000004,0.008489781484634477,0.016979562969268953
0.853,0.059500000000000004,0.373,0.008395842146703006,0.016791684293406012
0.853,0.059500000000000004,0.3895,0.008304725072642896,0.01660945014528579
0.853,0.059500000000000004,0.406,0.008216307095770793,0.016432614191541586
0.853,0.059500000000000004,0.42250000000000004,0.00813047430815896,0.01626094861631792
0.853,0.059500000000000004,0.43900000000000006,0.008047120874663015,0.01609424174932603
0.853,0.059500000000000004,0.4555,0.007966148068189531,0.015932296136379063
0.853,0.059500000000000004,0.47200000000000003,0.00788746347485351,0.01577492694970702
0.853,0.059500000000000004,0.48850000000000005,0.00781098033129606,0.01562196066259212
0.853,0.059500000000000004,0.505,0.00773661696610351,0.01547323393220702
0.853,0.059500000000000004,0.5215000000000001,0.007664296324169548,0.015328592648339096
0.853,0.059500000000000004,0.538,0.007593945557889352,0.015187891115778705
0.853,0.059500000000000004,0.5545,0.0075254956727736026,0.015050991345547205
0.853,0.059500000000000004,0.5710000000000001,0.007458881217781924,0.014917762435563848
0.853,0.059500000000000004,0.5875,0.007394040012801417,0.014788080025602834
0.853,0.059500000000000004,0.6040000000000001,0.007330912907210062,0.014661825814420123
0.853,0.059500000000000004,0.6205,0.007269443564685001,0.014538887129370001
0.853,0.059500000000000004,0.637,0.007209578270352818,0.014419156540705635
0.853,0.059500000000000004,0.6535000000000001,0.007151265757085288,0.014302531514170576
0.853,0.059500000000000004,0.67,0.007094457048332493,0.014188914096664985
0.853,0.059500000000000004,0.6865,0.007039105315307015,0.01407821063061403
0.853,0.059500000000000004,0.7030000000000001,0.0069851657467381095,0.013970331493476219
0.853,0.059500000000000004,0.7195,0.006932595429651572,0.013865190859303144
0.853,0.059500000000000004,0.736,0.006881353239915158,0.013762706479830316
0.853,0.059500000000000004,0.7525000000000001,0.006831399741437921,0.013662799482875842
0.853,0.059500000000000004,0.769,0.006782697093119579,0.013565394186239157
0.853,0.059500000000000004,0.7855000000000001,0.006735208962704035,0.01347041792540807
0.853,0.059500000000000004,0.802,0.0066889004468889445,0.013377800893777889
0.853,0.059500000000000004,0.8185,0.006643737997050339,0.013287475994100678
0.853,0.059500000000000004,0.8350000000000001,0.006599689350073036,0.013199378700146073
0.853,0.059500000000000004,0.8515,0.006556723463816548,0.013113446927633096
0.853,0.059500000000000004,0.8680000000000001,0.006514810456801403,0.013029620913602807
0.853,0.059500000000000004,0.8845000000000001,0.006473921551775486,0.012947843103550972
0.853,0.059500000000000004,0.901,0.006434029022800089,0.012868058045600178
0.853,0.059500000000000004,0.9175000000000001,0.006395106145612197,0.012790212291224394
0.853,0.059500000000000004,0.934,0.006357127150961434,0.012714254301922868
0.853,0.059500000000000004,0.9505,0.006320067180730236,0.012640134361460472
0.853,0.059500000000000004,0.9670000000000001,0.006283902246596546,0.012567804493193092
0.853,0.059500000000000004,0.9835,0.006248609191069773,0.012497218382139547
0.853,0.059500000000000004,1.0,0.006214165650719725,0.01242833130143945
0.853,0.076,0.01,0.014271947334413717,0.028543894668827435
0.853,0.076,0.026500000000000003,0.012043452668508153,0.024086905337016306
0.853,0.076,0.043000000000000003,0.01136299116681758,0.02272598233363516
0.853,0.076,0.059500000000000004,0.01095075482491243,0.02190150964982486
0.853,0.076,0.076,0.010637604691024321,0.021275209382048643
0.853,0.076,0.0925,0.010374713435209263,0.020749426870418527
0.853,0.076,0.109,0.010142547133701222,0.020285094267402444
0.853,0.076,0.1255,0.00993163281712108,0.01986326563424216
0.853,0.076,0.14200000000000002,0.00973673073764258,0.01947346147528516
0.853,0.076,0.15850000000000003,0.00955464464049621,0.01910928928099242
0.853,0.076,0.17500000000000002,0.009383269392834043,0.018766538785668085
0.853,0.076,0.1915,0.009221129891404292,0.018442259782808584
0.853,0.076,0.20800000000000002,0.009067138583083532,0.018134277166167063
0.853,0.076,0.22450000000000003,0.008920459225528758,0.017840918451057515
0.853,0.076,0.24100000000000002,0.008780426048119346,0.017560852096238692
0.853,0.076,0.2575,0.008646493524416257,0.017292987048832514
0.853,0.076,0.274,0.00851820390156691,0.01703640780313382
0.853,0.076,0.29050000000000004,0.008395165467055958,0.016790330934111915
0.853,0.076,0.30700000000000005,0.008277037546585493,0.016554075093170986
0.853,0.076,0.3235,0.008163519857659184,0.01632703971531837
0.853,0.076,0.34,0.00805434476252127,0.01610868952504254
0.853,0.076,0.35650000000000004,0.007949271500694848,0.015898543001389695
0.853,0.076,0.373,0.007848081804705746,0.015696163609411493
0.853,0.076,0.3895,0.007750576502880122,0.015501153005760245
0.853,0.076,0.406,0.007656572840382742,0.015313145680765484
0.853,0.076,0.42250000000000004,0.007565902332378017,0.015131804664756034
0.853,0.076,0.43900000000000006,0.007478409018087658,0.014956818036175316
0.853,0.076,0.4555,0.007393948021630715,0.01478789604326143
0.853,0.076,0.47200000000000003,0.007312384351091047,0.014624768702182094
0.853,0.076,0.48850000000000005,0.007233591885102834,0.014467183770205668
0.853,0.076,0.505,0.007157452508976232,0.014314905017952463
0.853,0.076,0.5215000000000001,0.0070838553714543786,0.014167710742908757
0.853,0.076,0.538,0.007012696239939017,0.014025392479878034
0.853,0.076,0.5545,0.006943876936888027,0.013887753873776054
0.853,0.076,0.5710000000000001,0.006877304843805571,0.013754609687611143
0.853,0.076,0.5875,0.006812892462024785,0.01362578492404957
0.853,0.076,0.6040000000000001,0.00675055702159797,0.01350111404319594
0.853,0.076,0.6205,0.0066902201312836005,0.013380440262567201
0.853,0.076,0.637,0.006631807463858282,0.013263614927716563
0.853,0.076,0.6535000000000001,0.0065752484720368225,0.013150496944073645
0.853,0.076,0.67,0.006520476131032748,0.013040952262065496
0.853,0.076,0.6865,0.006467426704487832,0.012934853408975664
0.853,0.076,0.7030000000000001,0.006416039530957333,0.012832079061914666
0.853,0.076,0.7195,0.0063662568286084594,0.012732513657216919
0.853,0.076,0.736,0.0063180235160933745,0.012636047032186749
0.853,0.076,0.7525000000000001,0.006271287047882523,0.012542574095765046
0.853,0.076,0.769,0.006225997262525792,0.012451994525051585
0.853,0.076,0.7855000000000001,0.006182106242569972,0.012364212485139943
0.853,0.076,0.802,0.006139568184965768,0.012279136369931536
0.853,0.076,0.8185,0.00609833928098654,0.01219667856197308
0.853,0.076,0.8350000000000001,0.006058377604762855,0.01211675520952571
0.853,0.076,0.8515,0.006019643009664846,0.012039286019329692
0.853,0.076,0.8680000000000001,0.0059820970318403156,0.011964194063680631
0.853,0.076,0.8845000000000001,0.00594570280028569,0.01189140560057138
0.853,0.076,0.901,0.005910424952912303,0.011820849905824606
0.853,0.076,0.9175000000000001,0.00587622955810418,0.01175245911620836
0.853,0.076,0.934,0.00584308404133074,0.01168616808266148
0.853,0.076,0.9505,0.005810957116413346,0.011621914232826693
0.853,0.076,0.9670000000000001,0.005779818721086018,0.011559637442172036
0.853,0.076,0.9835,0.005749639956518294,0.011499279913036588
0.853,0.076,1.0,0.0057203930305131274,0.011440786061026255
0.853,0.0925,0.01,0.014908961490724336,0.029817922981448673
0.853,0.0925,0.026500000000000003,0.012172572371980155,0.02434514474396031
0.853,0.0925,0.043000000000000003,0.011343203630922862,0.022686407261845724
0.853,0.0925,0.059500000000000004,0.010846193880701481,0.021692387761402962
0.853,0.0925,0.076,0.010472932459615787,0.020945864919231574
0.853,0.0925,0.0925,0.010163016911865224,0.02032603382373045
0.853,0.0925,0.109,0.009892167508781538,0.019784335017563076
0.853,0.0925,0.1255,0.009648529352608888,0.019297058705217775
0.853,0.0925,0.14200000000000002,0.009425487550789386,0.018850975101578772
0.853,0.0925,0.15850000000000003,0.009218965499589933,0.018437930999179866
0.853,0.0925,0.17500000000000002,0.009026248472453112,0.018052496944906224
0.853,0.0925,0.1915,0.008845413074569689,0.017690826149139378
0.853,0.0925,0.20800000000000002,0.008675026466795806,0.01735005293359161
0.853,0.0925,0.22450000000000003,0.008513976808086441,0.017027953616172882
0.853,0.0925,0.24100000000000002,0.008361372210829703,0.016722744421659406
0.853,0.0925,0.2575,0.008216477619482227,0.016432955238964455
0.853,0.0925,0.274,0.008078673738848024,0.01615734747769605
0.853,0.0925,0.29050000000000004,0.007947429335407399,0.015894858670814797
0.853,0.0925,0.30700000000000005,0.007822281953487034,0.01564456390697407
0.853,0.0925,0.3235,0.007702824101475343,0.015405648202950687
0.853,0.0925,0.34,0.007588693098782639,0.015177386197565278
0.853,0.0925,0.35650000000000004,0.0074795634379022004,0.014959126875804401
0.853,0.0925,0.373,0.007375140916256911,0.014750281832513822
0.853,0.0925,0.3895,0.007275158040945487,0.014550316081890974
0.853,0.0925,0.406,0.007179370367641675,0.01435874073528335
0.853,0.0925,0.42250000000000004,0.007087553537890838,0.014175107075781675
0.853,0.0925,0.43900000000000006,0.006999500847649631,0.013999001695299261
0.853,0.0925,0.4555,0.006915021226356668,0.013830042452713336
0.853,0.0925,0.47200000000000003,0.00683393753801653,0.01366787507603306
0.853,0.0925,0.48850000000000005,0.006756085138296611,0.013512170276593223
0.853,0.0925,0.505,0.00668131063776097,0.01336262127552194
0.853,0.0925,0.5215000000000001,0.006609470833055726,0.013218941666111452
0.853,0.0925,0.538,0.006540431776354653,0.013080863552709305
0.853,0.0925,0.5545,0.006474067959812857,0.012948135919625714
0.853,0.0925,0.5710000000000001,0.006410261596521362,0.012820523193042725
0.853,0.0925,0.5875,0.006348901983126279,0.012697803966252558
0.853,0.0925,0.6040000000000001,0.006289884932096226,0.012579769864192451
0.853,0.0925,0.6205,0.006233112263791796,0.012466224527583593
0.853,0.0925,0.637,0.006178491350229462,0.012356982700458924
0.853,0.0925,0.6535000000000001,0.006125934703787236,0.012251869407574473
0.853,0.0925,0.67,0.006075359605200839,0.012150719210401678
0.853,0.0925,0.6865,0.006026687766073406,0.012053375532146813
0.853,0.0925,0.7030000000000001,0.005979845021848701,0.011959690043697402
0.853,0.0925,0.7195,0.005934761051780202,0.011869522103560404
0.853,0.0925,0.736,0.005891369122920163,0.011782738245840326
0.853,0.0925,0.7525000000000001,0.005849605855557944,0.011699211711115888
0.853,0.0925,0.769,0.005809411007868005,0.01161882201573601
0.853,0.0925,0.7855000000000001,0.005770727277821783,0.011541454555643565
0.853,0.0925,0.802,0.005733500120663913,0.011467000241327826
0.853,0.0925,0.8185,0.0056976775804351764,0.011395355160870353
0.853,0.0925,0.8350000000000001,0.005663210134234569,0.011326420268469138
0.853,0.0925,0.8515,0.005630050548033634,0.011260101096067269
0.853,0.0925,0.8680000000000001,0.005598153743011106,0.011196307486022211
0.853,0.0925,0.8845000000000001,0.005567476671465141,0.011134953342930283
0.853,0.0925,0.901,0.0055379782014863725,0.011075956402972745
0.853,0.0925,0.9175000000000001,0.005509619009637207,0.011019238019274414
0.853,0.0925,0.934,0.005482361480969369,0.010964722961938738
0.853,0.0925,0.9505,0.005456169615785781,0.010912339231571562
0.853,0.0925,0.9670000000000001,0.005431008942588247,0.010862017885176494
0.853,0.0925,0.9835,0.005406846436734119,0.010813692873468238
0.853,0.0925,1.0,0.005383650444347159,0.010767300888694318
0.853,0.109,0.01,0.015557388213045675,0.03111477642609135
0.853,0.109,0.026500000000000003,0.012299421807789954,0.02459884361557991
0.853,0.109,0.043000000000000003,0.011319173003920824,0.022638346007841648
0.853,0.109,0.059500000000000004,0.010738208703357292,0.021476417406714583
0.853,0.109,0.076,0.010306903536521056,0.020613807073042112
0.853,0.109,0.0925,0.009952742681704506,0.019905485363409012
0.853,0.109,0.109,0.009646437179590012,0.019292874359180024
0.853,0.109,0.1255,0.009373593166717117,0.018747186333434234
0.853,0.109,0.14200000000000002,0.009126115655114588,0.018252231310229176
0.853,0.109,0.15850000000000003,0.008898972688943232,0.017797945377886464
0.853,0.109,0.17500000000000002,0.008688784200999954,0.01737756840199991
0.853,0.109,0.1915,0.008493136125745416,0.016986272251490832
0.853,0.109,0.20800000000000002,0.008310217733314251,0.016620435466628503
0.853,0.109,0.22450000000000003,0.008138616381609688,0.016277232763219376
0.853,0.109,0.24100000000000002,0.007977194604774253,0.015954389209548506
0.853,0.109,0.2575,0.007825012882547461,0.015650025765094923
0.853,0.109,0.274,0.0076812790490776665,0.015362558098155333
0.853,0.109,0.29050000000000004,0.007545313918372894,0.015090627836745788
0.853,0.109,0.30700000000000005,0.007416527159437005,0.01483305431887401
0.853,0.109,0.3235,0.007294399868977275,0.01458879973795455
0.853,0.109,0.34,0.007178471653037932,0.014356943306075865
0.853,0.109,0.35650000000000004,0.007068330826944452,0.014136661653888905
0.853,0.109,0.373,0.006963606825262809,0.013927213650525619
0.853,0.109,0.3895,0.006863964213396102,0.013727928426792204
0.853,0.109,0.406,0.006769097883888422,0.013538195767776843
0.853,0.109,0.42250000000000004,0.006678729145626665,0.01335745829125333
0.853,0.109,0.43900000000000006,0.006592602497647893,0.013185204995295786
0.853,0.109,0.4555,0.006510482936225381,0.013020965872450762
0.853,0.109,0.47200000000000003,0.006432153683361774,0.012864307366723548
0.853,0.109,0.48850000000000005,0.00635741425274823,0.01271482850549646
0.853,0.109,0.505,0.0062860787892404695,0.012572157578480939
0.853,0.109,0.5215000000000001,0.006217974632487376,0.012435949264974752
0.853,0.109,0.538,0.00615294106612119,0.01230588213224238
0.853,0.109,0.5545,0.006090828221974668,0.012181656443949336
0.853,0.109,0.5710000000000001,0.006031496114913993,0.012062992229827986
0.853,0.109,0.5875,0.00597481378856382,0.01194962757712764
0.853,0.109,0.6040000000000001,0.005920658555826759,0.011841317111653519
0.853,0.109,0.6205,0.00586891532097209,0.01173783064194418
0.853,0.109,0.637,0.0058194759723124425,0.011638951944624885
0.853,0.109,0.6535000000000001,0.005772238836292964,0.011544477672585929
0.853,0.109,0.67,0.00572710818527186,0.01145421637054372
0.853,0.109,0.6865,0.005683993792455755,0.01136798758491151
0.853,0.109,0.7030000000000001,0.005642810528420861,0.011285621056841721
0.853,0.109,0.7195,0.005603477994437676,0.011206955988875352
0.853,0.109,0.736,0.005565920188498198,0.011131840376996396
0.853,0.109,0.7525000000000001,0.005530065200483063,0.011060130400966126
0.853,0.109,0.769,0.005495844933377229,0.010991689866754459
0.853,0.109,0.7855000000000001,0.005463194847839213,0.010926389695678426
0.853,0.109,0.802,0.005432053727754801,0.010864107455509602
0.853,0.109,0.8185,0.005402363464703373,0.010804726929406747
0.853,0.109,0.8350000000000001,0.005374068859497701,0.010748137718995403
0.853,0.109,0.8515,0.005347117439179215,0.01069423487835843
0.853,0.109,0.8680000000000001,0.005321459288027012,0.010642918576054023
0.853,0.109,0.8845000000000001,0.0052970468912981175,0.010594093782596235
0.853,0.109,0.901,0.005273834990559879,0.010547669981119757
0.853,0.109,0.9175000000000001,0.005251780449587322,0.010503560899174645
0.853,0.109,0.934,0.00523084212991273,0.01046168425982546
0.853,0.109,0.9505,0.0052109807752013385,0.010421961550402677
0.853,0.109,0.9670000000000001,0.005192158903713325,0.01038431780742665
0.853,0.109,0.9835,0.005174340708184379,0.010348681416368757
0.853,0.109,1.0,0.00515749196251815,0.0103149839250363
0.853,0.1255,0.01,0.01622141087220851,0.03244282174441702
0.853,0.1255,0.026500000000000003,0.012426374772104634,0.02485274954420927
0.853,0.1255,0.043000000000000003,0.011292596819341666,0.022585193638683332
0.853,0.1255,0.059500000000000004,0.010628123562520884,0.021256247125041768
0.853,0.1255,0.076,0.010140541390584118,0.020281082781168237
0.853,0.1255,0.0925,0.009744608037207532,0.019489216074415065
0.853,0.1255,0.109,0.009405730724563039,0.018811461449126078
0.853,0.1255,0.1255,0.009106807094101206,0.01821361418820241
0.853,0.1255,0.14200000000000002,0.00883815341643323,0.01767630683286646
0.853,0.1255,0.15850000000000003,0.008593708222418743,0.017187416444837487
0.853,0.1255,0.17500000000000002,0.008369373620257865,0.01673874724051573
0.853,0.1255,0.1915,0.00816220702062778,0.01632441404125556
0.853,0.1255,0.20800000000000002,0.007969992313244276,0.015939984626488553
0.853,0.1255,0.22450000000000003,0.007790996149734951,0.015581992299469901
0.853,0.1255,0.24100000000000002,0.007623821255338776,0.015247642510677553
0.853,0.1255,0.2575,0.007467313722997965,0.01493462744599593
0.853,0.1255,0.274,0.0073205018965963355,0.014641003793192671
0.853,0.1255,0.29050000000000004,0.007182554563266933,0.014365109126533866
0.853,0.1255,0.30700000000000005,0.007052751408297556,0.014105502816595112
0.853,0.1255,0.3235,0.00693046152599721,0.01386092305199442
0.853,0.1255,0.34,0.006815127385856273,0.013630254771712546
0.853,0.1255,0.35650000000000004,0.006706252595150553,0.013412505190301106
0.853,0.1255,0.373,0.006603392369633045,0.01320678473926609
0.853,0.1255,0.3895,0.00650614597976945,0.0130122919595389
0.853,0.1255,0.406,0.006414150667769258,0.012828301335538516
0.853,0.1255,0.42250000000000004,0.006327076680136412,0.012654153360272823
0.853,0.1255,0.43900000000000006,0.0062446231606244915,0.012489246321248983
0.853,0.1255,0.4555,0.006166514717077485,0.01233302943415497
0.853,0.1255,0.47200000000000003,0.006092498523475703,0.012184997046951406
0.853,0.1255,0.48850000000000005,0.006022341852418848,0.012044683704837696
0.853,0.1255,0.505,0.0059558299578038165,0.011911659915607633
0.853,0.1255,0.5215000000000001,0.005892764245370039,0.011785528490740079
0.853,0.1255,0.538,0.005832960682137539,0.011665921364275078
0.853,0.1255,0.5545,0.005776248405781419,0.011552496811562838
0.853,0.1255,0.5710000000000001,0.00572246850266393,0.01144493700532786
0.853,0.1255,0.5875,0.005671472929138542,0.011342945858277083
0.853,0.1255,0.6040000000000001,0.00562312355535313,0.01124624711070626
0.853,0.1255,0.6205,0.005577291314408582,0.011154582628817165
0.853,0.1255,0.637,0.005533855442614565,0.01106771088522913
0.853,0.1255,0.6535000000000001,0.005492702798912866,0.010985405597825732
0.853,0.1255,0.67,0.005453727253399878,0.010907454506799755
0.853,0.1255,0.6865,0.005416829136425651,0.010833658272851302
0.853,0.1255,0.7030000000000001,0.0053819147409934565,0.010763829481986913
0.853,0.1255,0.7195,0.005348895872232845,0.01069779174446569
0.853,0.1255,0.736,0.005317689438577711,0.010635378877155422
0.853,0.1255,0.7525000000000001,0.00528821708001249,0.01057643416002498
0.853,0.1255,0.769,0.0052604048293597725,0.010520809658719545
0.853,0.1255,0.7855000000000001,0.005234182803092943,0.010468365606185887
0.853,0.1255,0.802,0.005209484918607845,0.01041896983721569
0.853,0.1255,0.8185,0.0051862486352569626,0.010372497270513925
0.853,0.1255,0.8350000000000001,0.005164414716765606,0.010328829433531212
0.853,0.1255,0.8515,0.005143927012947429,0.010287854025894858
0.853,0.1255,0.8680000000000001,0.005124732258851278,0.010249464517702556
0.853,0.1255,0.8845000000000001,0.0051067798896986495,0.010213559779397299
0.853,0.1255,0.901,0.005090021870145102,0.010180043740290204
0.853,0.1255,0.9175000000000001,0.0050744125365566805,0.010148825073113361
0.853,0.1255,0.934,0.00505990845113199,0.01011981690226398
0.853,0.1255,0.9505,0.005046468266825878,0.010092936533651757
0.853,0.1255,0.9670000000000001,0.0050340526021299264,0.010068105204259853
0.853,0.1255,0.9835,0.005022623924869671,0.010045247849739342
0.853,0.1255,1.0,0.0050121464442524945,0.010024292888504989
0.853,0.14200000000000002,0.01,0.0169049885686148,0.0338099771372296
0.853,0.14200000000000002,0.026500000000000003,0.012555906502888544,0.025111813005777087
0.853,0.14200000000000002,0.043000000000000003,0.011265287616577498,0.022530575233154996
0.853,0.14200000000000002,0.059500000000000004,0.010517381985302365,0.02103476397060473
0.853,0.14200000000000002,0.076,0.00997499839194752,0.01994999678389504
0.853,0.14200000000000002,0.0925,0.009539477601460488,0.019078955202920977
0.853,0.14200000000000002,0.109,0.0091705993401007,0.0183411986802014
0.853,0.14200000000000002,0.1255,0.008848372320642204,0.017696744641284408
0.853,0.14200000000000002,0.14200000000000002,0.008561412886816624,0.01712282577363325
0.853,0.14200000000000002,0.15850000000000003,0.008302557466804313,0.016605114933608625
0.853,0.14200000000000002,0.17500000000000002,0.00806694145817988,0.01613388291635976
0.853,0.14200000000000002,0.1915,0.00785106041121773,0.01570212082243546
0.853,0.14200000000000002,0.20800000000000002,0.007652270164323147,0.015304540328646294
0.853,0.14200000000000002,0.22450000000000003,0.007468501530157794,0.014937003060315588
0.853,0.14200000000000002,0.24100000000000002,0.0072980877259051355,0.014596175451810271
0.853,0.14200000000000002,0.2575,0.007139654723095252,0.014279309446190503
0.853,0.14200000000000002,0.274,0.006992048551935341,0.013984097103870682
0.853,0.14200000000000002,0.29050000000000004,0.0068542852901379795,0.013708570580275959
0.853,0.14200000000000002,0.30700000000000005,0.0067255155259151106,0.013451031051830221
0.853,0.14200000000000002,0.3235,0.006604998378290706,0.013209996756581412
0.853,0.14200000000000002,0.34,0.006492082023900787,0.012984164047801575
0.853,0.14200000000000002,0.35650000000000004,0.006386188776355035,0.01277237755271007
0.853,0.14200000000000002,0.373,0.0062868034305108905,0.012573606861021781
0.853,0.14200000000000002,0.3895,0.006193464000816929,0.012386928001633858
0.853,0.14200000000000002,0.406,0.006105754250723998,0.012211508501447995
0.853,0.14200000000000002,0.42250000000000004,0.006023297586506048,0.012046595173012096
0.853,0.14200000000000002,0.43900000000000006,0.005945752007608843,0.011891504015217685
0.853,0.14200000000000002,0.4555,0.005872805887261313,0.011745611774522626
0.853,0.14200000000000002,0.47200000000000003,0.005804174414284384,0.011608348828568768
0.853,0.14200000000000002,0.48850000000000005,0.005739596567844885,0.01147919313568977
0.853,0.14200000000000002,0.505,0.0056788325264390815,0.011357665052878163
0.853,0.14200000000000002,0.5215000000000001,0.005621661434194594,0.011243322868389189
0.853,0.14200000000000002,0.538,0.005567879463805961,0.011135758927611922
0.853,0.14200000000000002,0.5545,0.0055172981277332635,0.011034596255466527
0.853,0.14200000000000002,0.5710000000000001,0.00546974279869245,0.0109394855973849
0.853,0.14200000000000002,0.5875,0.005425051407774012,0.010850102815548024
0.853,0.14200000000000002,0.6040000000000001,0.005383073294229399,0.010766146588458798
0.853,0.14200000000000002,0.6205,0.005343668185486169,0.010687336370972338
0.853,0.14200000000000002,0.637,0.005306705289545096,0.010613410579090193
0.853,0.14200000000000002,0.6535000000000001,0.00527206248482731,0.01054412496965462
0.853,0.14200000000000002,0.67,0.005239625594875828,0.010479251189751656
0.853,0.14200000000000002,0.6865,0.005209287737250701,0.010418575474501403
0.853,0.14200000000000002,0.7030000000000001,0.005180948737525839,0.010361897475051679
0.853,0.14200000000000002,0.7195,0.005154514600622738,0.010309029201245476
0.853,0.14200000000000002,0.736,0.005129897032785025,0.01025979406557005
0.853,0.14200000000000002,0.7525000000000001,0.005107013008432482,0.010214026016864964
0.853,0.14200000000000002,0.769,0.005085784376888495,0.01017156875377699
0.853,0.14200000000000002,0.7855000000000001,0.0050661375046331895,0.010132275009266379
0.853,0.14200000000000002,0.802,0.0050480029492838375,0.010096005898567675
0.853,0.14200000000000002,0.8185,0.005031315161980881,0.010062630323961761
0.853,0.14200000000000002,0.8350000000000001,0.005016012215258693,0.010032024430517386
0.853,0.14200000000000002,0.8515,0.005002035553829473,0.010004071107658946
0.853,0.14200000000000002,0.8680000000000001,0.004989329766012012,0.009978659532024025
0.853,0.14200000000000002,0.8845000000000001,0.0049778423737933675,0.009955684747586735
0.853,0.14200000000000002,0.901,0.004967523639739649,0.009935047279479298
0.853,0.14200000000000002,0.9175000000000001,0.0049583263891730305,0.009916652778346061
0.853,0.14200000000000002,0.934,0.004950205846193352,0.009900411692386705
0.853,0.14200000000000002,0.9505,0.004943119482290817,0.009886238964581634
0.853,0.14200000000000002,0.9670000000000001,0.004937026876408899,0.009874053752817798
0.853,0.14200000000000002,0.9835,0.004931889585453078,0.009863779170906155
0.853,0.14200000000000002,1.0,0.004927671024328432,0.009855342048656865
0.853,0.15850000000000003,0.01,0.017611810498059873,0.035223620996119746
0.853,0.15850000000000003,0.026500000000000003,0.012690602777824514,0.025381205555649027
0.853,0.15850000000000003,0.043000000000000003,0.011239183934961424,0.022478367869922848
0.853,0.15850000000000003,0.059500000000000004,0.010407554988518159,0.020815109977036318
0.853,0.15850000000000003,0.076,0.009811559593035922,0.019623119186071843
0.853,0.15850000000000003,0.0925,0.009338361094840071,0.018676722189680143
0.853,0.15850000000000003,0.109,0.008941760688376732,0.017883521376753465
0.853,0.15850000000000003,0.1255,0.008598687950073567,0.017197375900147135
0.853,0.15850000000000003,0.14200000000000002,0.00829594625556639,0.01659189251113278
0.853,0.15850000000000003,0.15850000000000003,0.008025199203759137,0.016050398407518273
0.853,0.15850000000000003,0.17500000000000002,0.007780770149451338,0.015561540298902676
0.853,0.15850000000000003,0.1915,0.007558563647619923,0.015117127295239846
0.853,0.15850000000000003,0.20800000000000002,0.007355489111535904,0.014710978223071809
0.853,0.15850000000000003,0.22450000000000003,0.007169130483612655,0.01433826096722531
0.853,0.15850000000000003,0.24100000000000002,0.006997545534216322,0.013995091068432644
0.853,0.15850000000000003,0.2575,0.006839137735772304,0.013678275471544607
0.853,0.15850000000000003,0.274,0.0066925709200324895,0.013385141840064979
0.853,0.15850000000000003,0.29050000000000004,0.0065567103049478295,0.013113420609895659
0.853,0.15850000000000003,0.30700000000000005,0.006430580420428833,0.012861160840857666
0.853,0.15850000000000003,0.3235,0.00631333424266422,0.01262666848532844
0.853,0.15850000000000003,0.34,0.006204229993404294,0.012408459986808588
0.853,0.15850000000000003,0.35650000000000004,0.006102613325761787,0.012205226651523574
0.853,0.15850000000000003,0.373,0.006007903388783326,0.012015806777566652
0.853,0.15850000000000003,0.3895,0.005919581746764732,0.011839163493529464
0.853,0.15850000000000003,0.406,0.005837183441202233,0.011674366882404466
0.853,0.15850000000000003,0.42250000000000004,0.005760289689423666,0.011520579378847332
0.853,0.15850000000000003,0.43900000000000006,0.0056885218533178255,0.011377043706635651
0.853,0.15850000000000003,0.4555,0.005621536407749919,0.011243072815499838
0.853,0.15850000000000003,0.47200000000000003,0.005559020705948063,0.011118041411896125
0.853,0.15850000000000003,0.48850000000000005,0.0055006893875559956,0.011001378775111991
0.853,0.15850000000000003,0.505,0.005446281310354543,0.010892562620709086
0.853,0.15850000000000003,0.5215000000000001,0.005395556912658182,0.010791113825316364
0.853,0.15850000000000003,0.538,0.005348295932951099,0.010696591865902197
0.853,0.15850000000000003,0.5545,0.005304295428109658,0.010608590856219315
0.853,0.15850000000000003,0.5710000000000001,0.005263368042952431,0.010526736085904861
0.853,0.15850000000000003,0.5875,0.005225340492680475,0.01045068098536095
0.853,0.15850000000000003,0.6040000000000001,0.0051900522267111,0.0103801044534222
0.853,0.15850000000000003,0.6205,0.005157354247891508,0.010314708495783016
0.853,0.15850000000000003,0.637,0.005127108065465706,0.010254216130931412
0.853,0.15850000000000003,0.6535000000000001,0.005099184763708399,0.010198369527416798
0.853,0.15850000000000003,0.67,0.005073464170995408,0.010146928341990815
0.853,0.15850000000000003,0.6865,0.005049834116436904,0.010099668232873808
0.853,0.15850000000000003,0.7030000000000001,0.005028189763119991,0.010056379526239983
0.853,0.15850000000000003,0.7195,0.005008433008613393,0.010016866017226785
0.853,0.15850000000000003,0.736,0.00499047194469966,0.00998094388939932
0.853,0.15850000000000003,0.7525000000000001,0.0049742203694398135,0.009948440738879627
0.853,0.15850000000000003,0.769,0.004959597345577486,0.009919194691154973
0.853,0.15850000000000003,0.7855000000000001,0.004946526800115965,0.00989305360023193
0.853,0.15850000000000003,0.802,0.00493493716053994,0.00986987432107988
0.853,0.15850000000000003,0.8185,0.004924761023753328,0.009849522047506656
0.853,0.15850000000000003,0.8350000000000001,0.004915934854272816,0.009831869708545632
0.853,0.15850000000000003,0.8515,0.004908398708650025,0.00981679741730005
0.853,0.15850000000000003,0.8680000000000001,0.004902095983451119,0.009804191966902237
0.853,0.15850000000000003,0.8845000000000001,0.004896973184437456,0.009793946368874913
0.853,0.15850000000000003,0.901,0.004892979714861065,0.00978595942972213
0.853,0.15850000000000003,0.9175000000000001,0.004890067681025014,0.009780135362050028
0.853,0.15850000000000003,0.934,0.0048881917134653355,0.009776383426930671
0.853,0.15850000000000003,0.9505,0.004887308802287135,0.00977461760457427
0.853,0.15850000000000003,0.9670000000000001,0.0048873781453504005,0.009774756290700801
0.853,0.15850000000000003,0.9835,0.004888361008135776,0.009776722016271552
0.853,0.15850000000000003,1.0,0.004890220594240813,0.009780441188481625
0.853,0.17500000000000002,0.01,0.01834523562927327,0.03669047125854654
0.853,0.17500000000000002,0.026500000000000003,0.012833165208076713,0.025666330416153425
0.853,0.17500000000000002,0.043000000000000003,0.011216359680677454,0.022432719361354908
0.853,0.17500000000000002,0.059500000000000004,0.010300348399633773,0.020600696799267546
0.853,0.17500000000000002,0.076,0.009651646152053998,0.019303292304107995
0.853,0.17500000000000002,0.0925,0.009142411530141555,0.01828482306028311
0.853,0.17500000000000002,0.109,0.00872009040866143,0.01744018081732286
0.853,0.17500000000000002,0.1255,0.008358334093839433,0.016716668187678866
0.853,0.17500000000000002,0.14200000000000002,0.008042018473926394,0.01608403694785279
0.853,0.17500000000000002,0.15850000000000003,0.007761565469164391,0.015523130938328782
0.853,0.17500000000000002,0.17500000000000002,0.007510444346425569,0.015020888692851137
0.853,0.17500000000000002,0.1915,0.007283943258080526,0.014567886516161052
0.853,0.17500000000000002,0.20800000000000002,0.007078510498785494,0.014157020997570989
0.853,0.17500000000000002,0.22450000000000003,0.006891375505342542,0.013782751010685084
0.853,0.17500000000000002,0.24100000000000002,0.006720317671336668,0.013440635342673335
0.853,0.17500000000000002,0.2575,0.006563518184381939,0.013127036368763879
0.853,0.17500000000000002,0.274,0.006419460977317708,0.012838921954635416
0.853,0.17500000000000002,0.29050000000000004,0.006286864063674355,0.01257372812734871
0.853,0.17500000000000002,0.30700000000000005,0.006164630418665564,0.012329260837331128
0.853,0.17500000000000002,0.3235,0.006051811872533857,0.012103623745067713
0.853,0.17500000000000002,0.34,0.005947581933832618,0.011895163867665237
0.853,0.17500000000000002,0.35650000000000004,0.00585121490840978,0.01170242981681956
0.853,0.17500000000000002,0.373,0.005762069564630291,0.011524139129260582
0.853,0.17500000000000002,0.3895,0.005679576152444872,0.011359152304889744
0.853,0.17500000000000002,0.406,0.005603225944304062,0.011206451888608124
0.853,0.17500000000000002,0.42250000000000004,0.005532562704927494,0.011065125409854989
0.853,0.17500000000000002,0.43900000000000006,0.005467175659038099,0.010934351318076197
0.853,0.17500000000000002,0.4555,0.005406693638457751,0.010813387276915502
0.853,0.17500000000000002,0.47200000000000003,0.005350780169174274,0.010701560338348548
0.853,0.17500000000000002,0.48850000000000005,0.005299129315911431,0.010598258631822862
0.853,0.17500000000000002,0.505,0.005251462143249395,0.01050292428649879
0.853,0.17500000000000002,0.5215000000000001,0.005207523683110748,0.010415047366221496
0.853,0.17500000000000002,0.538,0.005167080321520616,0.010334160643041232
0.853,0.17500000000000002,0.5545,0.0051299175351145485,0.010259835070229097
0.853,0.17500000000000002,0.5710000000000001,0.0050958379213678125,0.010191675842735625
0.853,0.17500000000000002,0.5875,0.005064659477034085,0.01012931895406817
0.853,0.17500000000000002,0.6040000000000001,0.005036214087514366,0.010072428175028732
0.853,0.17500000000000002,0.6205,0.005010346196424678,0.010020692392849357
0.853,0.17500000000000002,0.637,0.004986911629845568,0.009973823259691136
0.853,0.17500000000000002,0.6535000000000001,0.004965776553944347,0.009931553107888694
0.853,0.17500000000000002,0.67,0.004946816548076521,0.009893633096153043
0.853,0.17500000000000002,0.6865,0.004929915778257862,0.009859831556515724
0.853,0.17500000000000002,0.7030000000000001,0.004914966258193044,0.009829932516386088
0.853,0.17500000000000002,0.7195,0.00490186718693629,0.00980373437387258
0.853,0.17500000000000002,0.736,0.004890524353842454,0.009781048707684908
0.853,0.17500000000000002,0.7525000000000001,0.00488084960277696,0.00976169920555392
0.853,0.17500000000000002,0.769,0.004872760348659642,0.009745520697319284
0.853,0.17500000000000002,0.7855000000000001,0.004866179140354521,0.009732358280709043
0.853,0.17500000000000002,0.802,0.004861033264699537,0.009722066529399075
0.853,0.17500000000000002,0.8185,0.004857254387147967,0.009714508774295935
0.853,0.17500000000000002,0.8350000000000001,0.004854778225063861,0.009709556450127723
0.853,0.17500000000000002,0.8515,0.0048535442502057845,0.009707088500411569
0.853,0.17500000000000002,0.8680000000000001,0.004853495417352329,0.009706990834704658
0.853,0.17500000000000002,0.8845000000000001,0.004854577916394127,0.009709155832788254
0.853,0.17500000000000002,0.901,0.004856740945520964,0.009713481891041927
0.853,0.17500000000000002,0.9175000000000001,0.00485993650341492,0.00971987300682984
0.853,0.17500000000000002,0.934,0.004864119198596142,0.009728238397192284
0.853,0.17500000000000002,0.9505,0.004869246074267354,0.009738492148534708
0.853,0.17500000000000002,0.9670000000000001,0.00487527644719733,0.00975055289439466
0.853,0.17500000000000002,0.9835,0.0048821717593274805,0.009764343518654961
0.853,0.17500000000000002,1.0,0.004889895440939719,0.009779790881879438
0.853,0.1915,0.01,0.01910821858202396,0.03821643716404792
0.853,0.1915,0.026500000000000003,0.012986411913950077,0.025972823827900154
0.853,0.1915,0.043000000000000003,0.011199031330297194,0.022398062660594388
0.853,0.1915,0.059500000000000004,0.01019760883808936,0.02039521767617872
0.853,0.1915,0.076,0.009496817982702844,0.018993635965405688
0.853,0.1915,0.0925,0.008952923339316915,0.01790584667863383
0.853,0.1915,0.109,0.00850661459355346,0.01701322918710692
0.853,0.1915,0.1255,0.008128057418237073,0.016256114836474145
0.853,0.1915,0.14200000000000002,0.007800084400732556,0.015600168801465112
0.853,0.1915,0.15850000000000003,0.007511808650572177,0.015023617301144354
0.853,0.1915,0.17500000000000002,0.0072558061913496575,0.014511612382699315
0.853,0.1915,0.1915,0.007026726540127476,0.014053453080254952
0.853,0.1915,0.20800000000000002,0.006820545214848753,0.013641090429697507
0.853,0.1915,0.22450000000000003,0.0066341322187728055,0.013268264437545611
0.853,0.1915,0.24100000000000002,0.006464987951139678,0.012929975902279355
0.853,0.1915,0.2575,0.0063110734416659845,0.012622146883331969
0.853,0.1915,0.274,0.00617069656263575,0.0123413931252715
0.853,0.1915,0.29050000000000004,0.006042432982876724,0.012084865965753448
0.853,0.1915,0.30700000000000005,0.005925069540020218,0.011850139080040435
0.853,0.1915,0.3235,0.005817562580717003,0.011635125161434006
0.853,0.1915,0.34,0.005719006599107672,0.011438013198215344
0.853,0.1915,0.35650000000000004,0.005628610151206578,0.011257220302413155
0.853,0.1915,0.373,0.005545677032137912,0.011091354064275824
0.853,0.1915,0.3895,0.00546959134041929,0.01093918268083858
0.853,0.1915,0.406,0.005399805466966997,0.010799610933933994
0.853,0.1915,0.42250000000000004,0.005335830321452301,0.010671660642904602
0.853,0.1915,0.43900000000000006,0.005277227295701039,0.010554454591402078
0.853,0.1915,0.4555,0.005223601593648571,0.010447203187297142
0.853,0.1915,0.47200000000000003,0.005174596649251235,0.01034919329850247
0.853,0.1915,0.48850000000000005,0.0051298894198406695,0.010259778839681339
0.853,0.1915,0.505,0.005089186390763496,0.010178372781526992
0.853,0.1915,0.5215000000000001,0.005052220162993408,0.010104440325986817
0.853,0.1915,0.538,0.005018746522351003,0.010037493044702006
0.853,0.1915,0.5545,0.004988541909488832,0.009977083818977665
0.853,0.1915,0.5710000000000001,0.00496140122557058,0.00992280245114116
0.853,0.1915,0.5875,0.004937135920853588,0.009874271841707177
0.853,0.1915,0.6040000000000001,0.004915572323018279,0.009831144646036558
0.853,0.1915,0.6205,0.0048965501697249576,0.009793100339449915
0.853,0.1915,0.637,0.0048799213159610695,0.009759842631922139
0.853,0.1915,0.6535000000000001,0.004865548591665131,0.009731097183330262
0.853,0.1915,0.67,0.004853304789075725,0.00970660957815145
0.853,0.1915,0.6865,0.004843071762497431,0.009686143524994861
0.853,0.1915,0.7030000000000001,0.00483473962584695,0.0096694792516939
0.853,0.1915,0.7195,0.004828206035524116,0.009656412071048231
0.853,0.1915,0.736,0.0048233755479893305,0.009646751095978661
0.853,0.1915,0.7525000000000001,0.004820159042941275,0.00964031808588255
0.853,0.1915,0.769,0.0048184732042652525,0.009636946408530505
0.853,0.1915,0.7855000000000001,0.004818240051993763,0.009636480103987526
0.853,0.1915,0.802,0.004819386519430185,0.00963877303886037
0.853,0.1915,0.8185,0.004821844070350241,0.009643688140700482
0.853,0.1915,0.8350000000000001,0.004825548351855477,0.009651096703710954
0.853,0.1915,0.8515,0.00483043887900911,0.00966087775801822
0.853,0.1915,0.8680000000000001,0.004836458747867511,0.009672917495735022
0.853,0.1915,0.8845000000000001,0.004843554373931063,0.009687108747862126
0.853,0.1915,0.901,0.004851675253393469,0.009703350506786938
0.853,0.1915,0.9175000000000001,0.0048607737448809986,0.009721547489761997
0.853,0.1915,0.934,0.0048708048696365,0.009741609739273
0.853,0.1915,0.9505,0.004881726128335256,0.009763452256670512
0.853,0.1915,0.9670000000000001,0.00489349733292633,0.00978699466585266
0.853,0.1915,0.9835,0.0049060804520674305,0.009812160904134861
0.853,0.1915,1.0,0.00491943946887731,0.00983887893775462
0.853,0.20800000000000002,0.01,0.01990322343555268,0.03980644687110536
0.853,0.20800000000000002,0.026500000000000003,0.013153272651201583,0.026306545302403166
0.853,0.20800000000000002,0.043000000000000003,0.011189562332699356,0.022379124665398712
0.853,0.20800000000000002,0.059500000000000004,0.010101327860876108,0.020202655721752217
0.853,0.20800000000000002,0.076,0.009348775181919872,0.018697550363839743
0.853,0.20800000000000002,0.0925,0.008771329949510446,0.01754265989902089
0.853,0.20800000000000002,0.109,0.008302502615469073,0.016605005230938146
0.853,0.20800000000000002,0.1255,0.00790875827547524,0.01581751655095048
0.853,0.20800000000000002,0.14200000000000002,0.007570769176436111,0.015141538352872222
0.853,0.20800000000000002,0.15850000000000003,0.007276273933518147,0.014552547867036294
0.853,0.20800000000000002,0.17500000000000002,0.007016918588658549,0.014033837177317097
0.853,0.20800000000000002,0.1915,0.006786694377557967,0.013573388755115934
0.853,0.20800000000000002,0.20800000000000002,0.006581094777751099,0.013162189555502198
0.853,0.20800000000000002,0.22450000000000003,0.006396627487474607,0.012793254974949214
0.853,0.20800000000000002,0.24100000000000002,0.0062305149742198414,0.012461029948439683
0.853,0.20800000000000002,0.2575,0.006080501554065424,0.012161003108130848
0.853,0.20800000000000002,0.274,0.005944723868083521,0.011889447736167041
0.853,0.20800000000000002,0.29050000000000004,0.005821620809275771,0.011643241618551542
0.853,0.20800000000000002,0.30700000000000005,0.005709868967083603,0.011419737934167206
0.853,0.20800000000000002,0.3235,0.005608335144091668,0.011216670288183336
0.853,0.20800000000000002,0.34,0.0055160406379165345,0.011032081275833069
0.853,0.20800000000000002,0.35650000000000004,0.005432133845160644,0.010864267690321288
0.853,0.20800000000000002,0.373,0.005355868889045251,0.010711737778090502
0.853,0.20800000000000002,0.3895,0.00528658869692329,0.01057317739384658
0.853,0.20800000000000002,0.406,0.0052237114250875336,0.010447422850175067
0.853,0.20800000000000002,0.42250000000000004,0.0051667194424103325,0.010333438884820665
0.853,0.20800000000000002,0.43900000000000006,0.00511515029840679,0.01023030059681358
0.853,0.20800000000000002,0.4555,0.0050685892502101305,0.010137178500420261
0.853,0.20800000000000002,0.47200000000000003,0.005026663028436082,0.010053326056872165
0.853,0.20800000000000002,0.48850000000000005,0.004989034597933935,0.00997806919586787
0.853,0.20800000000000002,0.505,0.004955398725031483,0.009910797450062967
0.853,0.20800000000000002,0.5215000000000001,0.004925478204182107,0.009850956408364213
0.853,0.20800000000000002,0.538,0.004899020627953314,0.009798041255906628
0.853,0.20800000000000002,0.5545,0.004875795607926503,0.009751591215853006
0.853,0.20800000000000002,0.5710000000000001,0.0048555923722462735,0.009711184744492547
0.853,0.20800000000000002,0.5875,0.0048382176796812875,0.009676435359362575
0.853,0.20800000000000002,0.6040000000000001,0.004823494001138132,0.009646988002276265
0.853,0.20800000000000002,0.6205,0.004811257928334091,0.009622515856668182
0.853,0.20800000000000002,0.637,0.004801358776329701,0.009602717552659403
0.853,0.20800000000000002,0.6535000000000001,0.00479365735223063,0.00958731470446126
0.853,0.20800000000000002,0.67,0.00478802486692739,0.00957604973385478
0.853,0.20800000000000002,0.6865,0.004784341970425763,0.009568683940851527
0.853,0.20800000000000002,0.7030000000000001,0.0047824978943699125,0.009564995788739825
0.853,0.20800000000000002,0.7195,0.004782389687838555,0.00956477937567711
0.853,0.20800000000000002,0.736,0.00478392153458336,0.00956784306916672
0.853,0.20800000000000002,0.7525000000000001,0.004787004141580345,0.00957400828316069
0.853,0.20800000000000002,0.769,0.0047915541902179976,0.009583108380435995
0.853,0.20800000000000002,0.7855000000000001,0.004797493842648238,0.009594987685296477
0.853,0.20800000000000002,0.802,0.004804750296844021,0.009609500593688041
0.853,0.20800000000000002,0.8185,0.0048132553847737205,0.009626510769547441
0.853,0.20800000000000002,0.8350000000000001,0.004822945208833641,0.009645890417667282
0.853,0.20800000000000002,0.8515,0.004833759812302138,0.009667519624604276
0.853,0.20800000000000002,0.8680000000000001,0.0048456428801178205,0.009691285760235641
0.853,0.20800000000000002,0.8845000000000001,0.0048585414667402975,0.009717082933480595
0.853,0.20800000000000002,0.901,0.004872405748244337,0.009744811496488674
0.853,0.20800000000000002,0.9175000000000001,0.004887188796146371,0.009774377592292742
0.853,0.20800000000000002,0.934,0.004902846370749036,0.009805692741498073
0.853,0.20800000000000002,0.9505,0.004919336732050739,0.009838673464101479
0.853,0.20800000000000002,0.9670000000000001,0.004936620466486927,0.009873240932973855
0.853,0.20800000000000002,0.9835,0.0049546603279684446,0.009909320655936889
0.853,0.20800000000000002,1.0,0.0049734210918449895,0.009946842183689979
0.853,0.22450000000000003,0.01,0.02073212827392853,0.04146425654785706
0.853,0.22450000000000003,0.026500000000000003,0.013336777367215122,0.026673554734430244
0.853,0.22450000000000003,0.043000000000000003,0.011190463972054962,0.022380927944109924
0.853,0.22450000000000003,0.059500000000000004,0.010013643708390205,0.02002728741678041
0.853,0.22450000000000003,0.076,0.009209357753521651,0.018418715507043302
0.853,0.22450000000000003,0.0925,0.008599200332241656,0.01719840066448331
0.853,0.22450000000000003,0.109,0.008109059750319603,0.016218119500639207
0.853,0.22450000000000003,0.1255,0.007701478688792941,0.015402957377585883
0.853,0.22450000000000003,0.14200000000000002,0.007354850798211454,0.014709701596422908
0.853,0.22450000000000003,0.15850000000000003,0.007055475629229269,0.014110951258458538
0.853,0.22450000000000003,0.17500000000000002,0.006794034405145515,0.01358806881029103
0.853,0.22450000000000003,0.1915,0.006563842421448195,0.01312768484289639
0.853,0.22450000000000003,0.20800000000000002,0.006359903623289516,0.012719807246579031
0.853,0.22450000000000003,0.22450000000000003,0.006178361980892966,0.012356723961785932
0.853,0.22450000000000003,0.24100000000000002,0.006016164202146601,0.012032328404293201
0.853,0.22450000000000003,0.2575,0.005870842130189423,0.011741684260378846
0.853,0.22450000000000003,0.274,0.005740366529492257,0.011480733058984513
0.853,0.22450000000000003,0.29050000000000004,0.005623045385688806,0.011246090771377611
0.853,0.22450000000000003,0.30700000000000005,0.005517451046481874,0.011034902092963749
0.853,0.22450000000000003,0.3235,0.005422366682740932,0.010844733365481864
0.853,0.22450000000000003,0.34,0.005336746074778842,0.010673492149557684
0.853,0.22450000000000003,0.35650000000000004,0.0052596828273149595,0.010519365654629919
0.853,0.22450000000000003,0.373,0.005190386408229583,0.010380772816459166
0.853,0.22450000000000003,0.3895,0.005128163225341769,0.010256326450683539
0.853,0.22450000000000003,0.406,0.005072401489160603,0.010144802978321207
0.853,0.22450000000000003,0.42250000000000004,0.00502255896586966,0.01004511793173932
0.853,0.22450000000000003,0.43900000000000006,0.004978152967962708,0.009956305935925416
0.853,0.22450000000000003,0.4555,0.004938752099272116,0.009877504198544232
0.853,0.22450000000000003,0.47200000000000003,0.004903969391163458,0.009807938782326915
0.853,0.22450000000000003,0.48850000000000005,0.004873456553224093,0.009746913106448186
0.853,0.22450000000000003,0.505,0.004846899125105775,0.00969379825021155
0.853,0.22450000000000003,0.5215000000000001,0.004824012363189275,0.00964802472637855
0.853,0.22450000000000003,0.538,0.004804537731066323,0.009609075462132646
0.853,0.22450000000000003,0.5545,0.004788239889700469,0.009576479779400938
0.853,0.22450000000000003,0.5710000000000001,0.0047749041037740275,0.009549808207548055
0.853,0.22450000000000003,0.5875,0.004764333996760383,0.009528667993520767
0.853,0.22450000000000003,0.6040000000000001,0.004756349599807978,0.009512699199615955
0.853,0.22450000000000003,0.6205,0.004750785649454765,0.00950157129890953
0.853,0.22450000000000003,0.637,0.004747490097076294,0.009494980194152588
0.853,0.22450000000000003,0.6535000000000001,0.004746322799313286,0.009492645598626573
0.853,0.22450000000000003,0.67,0.004747154363838331,0.009494308727676662
0.853,0.22450000000000003,0.6865,0.004749865128974735,0.00949973025794947
0.853,0.22450000000000003,0.7030000000000001,0.0047543442590808425,0.009508688518161685
0.853,0.22450000000000003,0.7195,0.004760488940407536,0.009520977880815072
0.853,0.22450000000000003,0.736,0.004768203664437336,0.009536407328874673
0.853,0.22450000000000003,0.7525000000000001,0.0047773995876409,0.0095547991752818
0.853,0.22450000000000003,0.769,0.0047879939581707935,0.009575987916341587
0.853,0.22450000000000003,0.7855000000000001,0.004799909601366474,0.009599819202732948
0.853,0.22450000000000003,0.802,0.004813074457056764,0.009626148914113527
0.853,0.22450000000000003,0.8185,0.004827421162608126,0.009654842325216252
0.853,0.22450000000000003,0.8350000000000001,0.0048428866764667336,0.009685773352933467
0.853,0.22450000000000003,0.8515,0.004859411937632376,0.009718823875264753
0.853,0.22450000000000003,0.8680000000000001,0.0048769415570828105,0.009753883114165621
0.853,0.22450000000000003,0.8845000000000001,0.004895423537674592,0.009790847075349184
0.853,0.22450000000000003,0.901,0.004914809019471503,0.009829618038943007
0.853,0.22450000000000003,0.9175000000000001,0.004935052047824417,0.009870104095648834
0.853,0.22450000000000003,0.934,0.004956109361848133,0.009912218723696267
0.853,0.22450000000000003,0.9505,0.00497794020121439,0.00995588040242878
0.853,0.22450000000000003,0.9670000000000001,0.005000506129424217,0.010001012258848434
0.853,0.22450000000000003,0.9835,0.005023770871932832,0.010047541743865664
0.853,0.22450000000000003,1.0,0.0050477001676773135,0.010095400335354627
0.853,0.24100000000000002,0.01,0.0215961245411574,0.0431922490823148
0.853,0.24100000000000002,0.026500000000000003,0.013540037121599222,0.027080074243198443
0.853,0.24100000000000002,0.043000000000000003,0.01120439186584172,0.02240878373168344
0.853,0.24100000000000002,0.059500000000000004,0.009936840023581927,0.019873680047163854
0.853,0.24100000000000002,0.076,0.009080543113690767,0.018161086227381534
0.853,0.24100000000000002,0.0925,0.008438234052589796,0.016876468105179593
0.853,0.24100000000000002,0.109,0.007927719092754687,0.015855438185509375
0.853,0.24100000000000002,0.1255,0.007507390571611115,0.01501478114322223
0.853,0.24100000000000002,0.14200000000000002,0.0071532440680711655,0.014306488136142331
0.853,0.24100000000000002,0.15850000000000003,0.006850076241600321,0.013700152483200643
0.853,0.24100000000000002,0.17500000000000002,0.0065875700241064036,0.013175140048212807
0.853,0.24100000000000002,0.1915,0.00635834850126968,0.01271669700253936
0.853,0.24100000000000002,0.20800000000000002,0.006156919766982887,0.012313839533965774
0.853,0.24100000000000002,0.22450000000000003,0.005979063523138026,0.011958127046276051
0.853,0.24100000000000002,0.24100000000000002,0.005821453484171429,0.011642906968342859
0.853,0.24100000000000002,0.2575,0.005681413599585263,0.011362827199170526
0.853,0.24100000000000002,0.274,0.005556754238412286,0.011113508476824572
0.853,0.24100000000000002,0.29050000000000004,0.005445658305187048,0.010891316610374097
0.853,0.24100000000000002,0.30700000000000005,0.005346599740387891,0.010693199480775782
0.853,0.24100000000000002,0.3235,0.005258283727057017,0.010516567454114034
0.853,0.24100000000000002,0.34,0.005179601869772052,0.010359203739544104
0.853,0.24100000000000002,0.35650000000000004,0.005109597964049459,0.010219195928098918
0.853,0.24100000000000002,0.373,0.005047441424286332,0.010094882848572665
0.853,0.24100000000000002,0.3895,0.004992406359338048,0.009984812718676095
0.853,0.24100000000000002,0.406,0.004943854885661195,0.00988770977132239
0.853,0.24100000000000002,0.42250000000000004,0.004901223669480584,0.009802447338961169
0.853,0.24100000000000002,0.43900000000000006,0.004864012963654608,0.009728025927309217
0.853,0.24100000000000002,0.4555,0.00483177759593384,0.00966355519186768
0.853,0.24100000000000002,0.47200000000000003,0.004804119500751273,0.009608239001502546
0.853,0.24100000000000002,0.48850000000000005,0.0047806814843240845,0.009561362968648169
0.853,0.24100000000000002,0.505,0.0047611419842571185,0.009522283968514237
0.853,0.24100000000000002,0.5215000000000001,0.004745210637819279,0.009490421275638558
0.853,0.24100000000000002,0.538,0.004732624512825618,0.009465249025651237
0.853,0.24100000000000002,0.5545,0.004723144885265502,0.009446289770531004
0.853,0.24100000000000002,0.5710000000000001,0.004716554471006426,0.009433108942012852
0.853,0.24100000000000002,0.5875,0.0047126550368706875,0.009425310073741375
0.853,0.24100000000000002,0.6040000000000001,0.004711265330431691,0.009422530660863382
0.853,0.24100000000000002,0.6205,0.0047122192789616725,0.009424438557923345
0.853,0.24100000000000002,0.637,0.004715364416767283,0.009430728833534565
0.853,0.24100000000000002,0.6535000000000001,0.004720560507195214,0.009441121014390428
0.853,0.24100000000000002,0.67,0.004727678331275074,0.009455356662550148
0.853,0.24100000000000002,0.6865,0.004736598619563617,0.009473197239127235
0.853,0.24100000000000002,0.7030000000000001,0.004747211107518805,0.00949442221503761
0.853,0.24100000000000002,0.7195,0.004759413697806019,0.009518827395612038
0.853,0.24100000000000002,0.736,0.004773111715481335,0.00954622343096267
0.853,0.24100000000000002,0.7525000000000001,0.004788217244098171,0.009576434488196343
0.853,0.24100000000000002,0.769,0.004804648532538376,0.009609297065076752
0.853,0.24100000000000002,0.7855000000000001,0.004822329463824859,0.009644658927649718
0.853,0.24100000000000002,0.802,0.004841189078408779,0.009682378156817557
0.853,0.24100000000000002,0.8185,0.004861161145451914,0.009722322290903827
0.853,0.24100000000000002,0.8350000000000001,0.0048821837765084634,0.009764367553016927
0.853,0.24100000000000002,0.8515,0.004904199076741382,0.009808398153482764
0.853,0.24100000000000002,0.8680000000000001,0.00492715282945385,0.0098543056589077
0.853,0.24100000000000002,0.8845000000000001,0.004950994210246296,0.009901988420492593
0.853,0.24100000000000002,0.901,0.004975675527579555,0.00995135105515911
0.853,0.24100000000000002,0.9175000000000001,0.005001151986917081,0.010002303973834161
0.853,0.24100000000000002,0.934,0.005027381475967249,0.010054762951934498
0.853,0.24100000000000002,0.9505,0.0050543243688392575,0.010108648737678515
0.853,0.24100000000000002,0.9670000000000001,0.005081943347185582,0.010163886694371163
0.853,0.24100000000000002,0.9835,0.005110203236622946,0.010220406473245892
0.853,0.24100000000000002,1.0,0.0051390708569268,0.0102781417138536
0.853,0.2575,0.01,0.02249561664437015,0.0449912332887403
0.853,0.2575,0.026500000000000003,0.013766216326792747,0.027532432653585494
0.853,0.2575,0.043000000000000003,0.01123413720375926,0.02246827440751852
0.853,0.2575,0.059500000000000004,0.009873340865475885,0.01974668173095177
0.853,0.2575,0.076,0.00896444083925989,0.01792888167851978
0.853,0.2575,0.0925,0.008290254349800354,0.016580508699600708
0.853,0.2575,0.109,0.007760032297700732,0.015520064595401464
0.853,0.2575,0.1255,0.007327783648478429,0.014655567296956858
0.853,0.2575,0.14200000000000002,0.0069669852395016,0.0139339704790032
0.853,0.2575,0.15850000000000003,0.0066608673757587175,0.013321734751517435
0.853,0.2575,0.17500000000000002,0.006398082046118707,0.012796164092237414
0.853,0.2575,0.1915,0.006170544658267172,0.012341089316534343
0.853,0.2575,0.20800000000000002,0.005972261736964397,0.011944523473928794
0.853,0.2575,0.22450000000000003,0.00579864853188178,0.01159729706376356
0.853,0.2575,0.24100000000000002,0.0056461086568331395,0.011292217313666279
0.853,0.2575,0.2575,0.005511762680744953,0.011023525361489907
0.853,0.2575,0.274,0.0053932658406968415,0.010786531681393683
0.853,0.2575,0.29050000000000004,0.005288681456054921,0.010577362912109842
0.853,0.2575,0.30700000000000005,0.005196390484756836,0.010392780969513672
0.853,0.2575,0.3235,0.005115025303651315,0.01023005060730263
0.853,0.2575,0.34,0.005043420189814346,0.010086840379628693
0.853,0.2575,0.35650000000000004,0.004980573604232117,0.009961147208464234
0.853,0.2575,0.373,0.004925618999340212,0.009851237998680424
0.853,0.2575,0.3895,0.004877801901983112,0.009755603803966223
0.853,0.2575,0.406,0.004836461695872034,0.009672923391744068
0.853,0.2575,0.42250000000000004,0.004801016977229696,0.009602033954459393
0.853,0.2575,0.43900000000000006,0.004770953664458261,0.009541907328916521
0.853,0.2575,0.4555,0.004745815256554654,0.009491630513109308
0.853,0.2575,0.47200000000000003,0.004725194786638636,0.009450389573277271
0.853,0.2575,0.48850000000000005,0.004708728126163063,0.009417456252326126
0.853,0.2575,0.505,0.004696088375209477,0.009392176750418955
0.853,0.2575,0.5215000000000001,0.0046869811333946155,0.009373962266789231
0.853,0.2575,0.538,0.0046811404902548474,0.009362280980509695
0.853,0.2575,0.5545,0.00467832560760105,0.0093566512152021
0.853,0.2575,0.5710000000000001,0.004678317792096127,0.009356635584192254
0.853,0.2575,0.5875,0.004680917976244896,0.009361835952489793
0.853,0.2575,0.6040000000000001,0.004685944541538556,0.009371889083077112
0.853,0.2575,0.6205,0.004693231429742195,0.00938646285948439
0.853,0.2575,0.637,0.004702626498020032,0.009405252996040064
0.853,0.2575,0.6535000000000001,0.004713990081348348,0.009427980162696695
0.853,0.2575,0.67,0.0047271937318967994,0.009454387463793599
0.853,0.2575,0.6865,0.0047421191101088426,0.009484238220217685
0.853,0.2575,0.7030000000000001,0.004758657006306565,0.00951731401261313
0.853,0.2575,0.7195,0.004776706475013239,0.009553412950026478
0.853,0.2575,0.736,0.004796174066940376,0.009592348133880753
0.853,0.2575,0.7525000000000001,0.004816973145876092,0.009633946291752184
0.853,0.2575,0.769,0.004839023279599486,0.009678046559198973
0.853,0.2575,0.7855000000000001,0.0048622496955356,0.0097244993910712
0.853,0.2575,0.802,0.004886582793178372,0.009773165586356745
0.853,0.2575,0.8185,0.0049119577064325026,0.009823915412865005
0.853,0.2575,0.8350000000000001,0.004938313909956565,0.00987662781991313
0.853,0.2575,0.8515,0.004965594864387937,0.009931189728775875
0.853,0.2575,0.8680000000000001,0.0049937476960075985,0.009987495392015197
0.853,0.2575,0.8845000000000001,0.005022722906974005,0.01004544581394801
0.853,0.2575,0.901,0.0050524741127536184,0.010104948225507237
0.853,0.2575,0.9175000000000001,0.005082957803794788,0.010165915607589575
0.853,0.2575,0.934,0.005114133128854131,0.010228266257708262
0.853,0.2575,0.9505,0.005145961697704586,0.010291923395409172
0.853,0.2575,0.9670000000000001,0.005178407401214419,0.010356814802428838
0.853,0.2575,0.9835,0.00521143624703398,0.01042287249406796
0.853,0.2575,1.0,0.005245016209319961,0.010490032418639921
0.853,0.274,0.01,0.02343012856662847,0.04686025713325694
0.853,0.274,0.026500000000000003,0.014018495374589478,0.028036990749178956
0.853,0.274,0.043000000000000003,0.011282611798663349,0.022565223597326697
0.853,0.274,0.059500000000000004,0.009825701305243835,0.01965140261048767
0.853,0.274,0.076,0.008863284107275028,0.017726568214550056
0.853,0.274,0.0925,0.008157198791970185,0.01631439758394037
0.853,0.274,0.109,0.00760765872168844,0.01521531744337688
0.853,0.274,0.1255,0.007164052620019076,0.014328105240038152
0.853,0.274,0.14200000000000002,0.006797216810879284,0.013594433621758568
0.853,0.274,0.15850000000000003,0.0064887517786435455,0.012977503557287091
0.853,0.274,0.17500000000000002,0.006226246204044239,0.012452492408088479
0.853,0.274,0.1915,0.006000892579924455,0.01200178515984891
0.853,0.274,0.20800000000000002,0.005806190201850286,0.011612380403700572
0.853,0.274,0.22450000000000003,0.005637189551176614,0.011274379102353228
0.853,0.274,0.24100000000000002,0.005490026736285506,0.010980053472571012
0.853,0.274,0.2575,0.005361623032693857,0.010723246065387715
0.853,0.274,0.274,0.005249483292173702,0.010498966584347404
0.853,0.274,0.29050000000000004,0.005151556169495502,0.010303112338991003
0.853,0.274,0.30700000000000005,0.005066134457122712,0.010132268914245424
0.853,0.274,0.3235,0.004991782287713596,0.009983564575427192
0.853,0.274,0.34,0.0049272808424885685,0.009854561684977137
0.853,0.274,0.35650000000000004,0.004871587119829334,0.009743174239658668
0.853,0.274,0.373,0.004823802120260554,0.009647604240521109
0.853,0.274,0.3895,0.0047831459502356115,0.009566291900471223
0.853,0.274,0.406,0.0047489380957271374,0.009497876191454275
0.853,0.274,0.42250000000000004,0.004720581617117085,0.00944116323423417
0.853,0.274,0.43900000000000006,0.00469755035864361,0.00939510071728722
0.853,0.274,0.4555,0.004679378503574568,0.009358757007149136
0.853,0.274,0.47200000000000003,0.00466565197475967,0.00933130394951934
0.853,0.274,0.48850000000000005,0.00465600130146253,0.00931200260292506
0.853,0.274,0.505,0.00465009566186528,0.00930019132373056
0.853,0.274,0.5215000000000001,0.004647637876099763,0.009295275752199525
0.853,0.274,0.538,0.004648360173662817,0.009296720347325633
0.853,0.274,0.5545,0.004652020596169425,0.00930404119233885
0.853,0.274,0.5710000000000001,0.004658399924772575,0.00931679984954515
0.853,0.274,0.5875,0.004667299043474569,0.009334598086949138
0.853,0.274,0.6040000000000001,0.004678536666629617,0.009357073333259233
0.853,0.274,0.6205,0.004691947372321673,0.009383894744643346
0.853,0.274,0.637,0.004707379893914259,0.009414759787828518
0.853,0.274,0.6535000000000001,0.00472469563050727,0.00944939126101454
0.853,0.274,0.67,0.004743767343820865,0.00948753468764173
0.853,0.274,0.6865,0.004764478014489537,0.009528956028979074
0.853,0.274,0.7030000000000001,0.00478671983519714,0.00957343967039428
0.853,0.274,0.7195,0.004810393321701984,0.009620786643403968
0.853,0.274,0.736,0.004835406525786096,0.009670813051572191
0.853,0.274,0.7525000000000001,0.004861674336605255,0.00972334867321051
0.853,0.274,0.769,0.0048891178589591175,0.009778235717918235
0.853,0.274,0.7855000000000001,0.004917663858685515,0.00983532771737103
0.853,0.274,0.802,0.00494724426680062,0.00989448853360124
0.853,0.274,0.8185,0.0049777957351901745,0.009955591470380349
0.853,0.274,0.8350000000000001,0.005009259237654062,0.010018518475308123
0.853,0.274,0.8515,0.005041579710956025,0.01008315942191205
0.853,0.274,0.8680000000000001,0.005074705731239282,0.010149411462478565
0.853,0.274,0.8845000000000001,0.005108589221781228,0.010217178443562456
0.853,0.274,0.901,0.005143185188580236,0.010286370377160473
0.853,0.274,0.9175000000000001,0.005178451480709575,0.01035690296141915
0.853,0.274,0.934,0.005214348572759665,0.01042869714551933
0.853,0.274,0.9505,0.0052508393670148935,0.010501678734029787
0.853,0.274,0.9670000000000001,0.005287889013295666,0.010575778026591333
0.853,0.274,0.9835,0.00532546474464481,0.01065092948928962
0.853,0.274,1.0,0.005363535727246493,0.010727071454492986
0.853,0.29050000000000004,0.01,0.02439822534194789,0.04879645068389578
0.853,0.29050000000000004,0.026500000000000003,0.014300022939157562,0.028600045878315123
0.853,0.29050000000000004,0.043000000000000003,0.011352826034391712,0.022705652068783423
0.853,0.29050000000000004,0.059500000000000004,0.00979659288833447,0.01959318577666894
0.853,0.29050000000000004,0.076,0.00877941728061656,0.01755883456123312
0.853,0.29050000000000004,0.0925,0.008041107070178743,0.016082214140357487
0.853,0.29050000000000004,0.109,0.007472352580014038,0.014944705160028077
0.853,0.29050000000000004,0.1255,0.007017683182164778,0.014035366364329557
0.853,0.29050000000000004,0.14200000000000002,0.006645172016540176,0.013290344033080352
0.853,0.29050000000000004,0.15850000000000003,0.006334725951405979,0.012669451902811959
0.853,0.29050000000000004,0.17500000000000002,0.006072837770770327,0.012145675541540654
0.853,0.29050000000000004,0.1915,0.005849961503916475,0.01169992300783295
0.853,0.29050000000000004,0.20800000000000002,0.005659083104594152,0.011318166209188305
0.853,0.29050000000000004,0.22450000000000003,0.005494887386510939,0.010989774773021878
0.853,0.29050000000000004,0.24100000000000002,0.005353244865836829,0.010706489731673659
0.853,0.29050000000000004,0.2575,0.005230880866501331,0.010461761733002662
0.853,0.29050000000000004,0.274,0.005125153824222282,0.010250307648444564
0.853,0.29050000000000004,0.29050000000000004,0.005033901865287787,0.010067803730575574
0.853,0.29050000000000004,0.30700000000000005,0.004955333660872631,0.009910667321745262
0.853,0.29050000000000004,0.3235,0.004887948913276259,0.009775897826552518
0.853,0.29050000000000004,0.34,0.004830479224760483,0.009660958449520966
0.853,0.29050000000000004,0.35650000000000004,0.004781843327006932,0.009563686654013864
0.853,0.29050000000000004,0.373,0.004741112644159794,0.009482225288319587
0.853,0.29050000000000004,0.3895,0.004707484431818587,0.009414968863637173
0.853,0.29050000000000004,0.406,0.004680260563244533,0.009360521126489066
0.853,0.29050000000000004,0.42250000000000004,0.004658830588032344,0.009317661176064689
0.853,0.29050000000000004,0.43900000000000006,0.004642658066541047,0.009285316133082094
0.853,0.29050000000000004,0.4555,0.004631269446287861,0.009262538892575722
0.853,0.29050000000000004,0.47200000000000003,0.004624244932514979,0.009248489865029958
0.853,0.29050000000000004,0.48850000000000005,0.004621210938777128,0.009242421877554256
0.853,0.29050000000000004,0.505,0.004621833800815798,0.009243667601631596
0.853,0.29050000000000004,0.5215000000000001,0.004625814508917919,0.009251629017835838
0.853,0.29050000000000004,0.538,0.004632884267694539,0.009265768535389077
0.853,0.29050000000000004,0.5545,0.004642800732838799,0.009285601465677598
0.853,0.29050000000000004,0.5710000000000001,0.004655344805410573,0.009310689610821146
0.853,0.29050000000000004,0.5875,0.004670317888082036,0.009340635776164072
0.853,0.29050000000000004,0.6040000000000001,0.004687539526334226,0.009375079052668453
0.853,0.29050000000000004,0.6205,0.004706845372143298,0.009413690744286596
0.853,0.29050000000000004,0.637,0.004728085419174704,0.009456170838349409
0.853,0.29050000000000004,0.6535000000000001,0.004751122467633755,0.00950224493526751
0.853,0.29050000000000004,0.67,0.004775830784226792,0.009551661568453584
0.853,0.29050000000000004,0.6865,0.0048020949285750795,0.009604189857150159
0.853,0.29050000000000004,0.7030000000000001,0.0048298087221869505,0.009659617444373901
0.853,0.29050000000000004,0.7195,0.004858874339983092,0.009717748679966184
0.853,0.29050000000000004,0.736,0.00488920150753975,0.0097784030150795
0.853,0.29050000000000004,0.7525000000000001,0.004920706789844345,0.00984141357968869
0.853,0.29050000000000004,0.769,0.004953312959509058,0.009906625919018116
0.853,0.29050000000000004,0.7855000000000001,0.00498694843419139,0.00997389686838278
0.853,0.29050000000000004,0.802,0.005021546774464924,0.010043093548929847
0.853,0.29050000000000004,0.8185,0.005057046234639703,0.010114092469279405
0.853,0.29050000000000004,0.8350000000000001,0.0050933893600835535,0.010186778720167107
0.853,0.29050000000000004,0.8515,0.0051305226254855325,0.010261045250971065
0.853,0.29050000000000004,0.8680000000000001,0.005168396109253049,0.010336792218506098
0.853,0.29050000000000004,0.8845000000000001,0.0052069631998787275,0.010413926399757455
0.853,0.29050000000000004,0.901,0.0052461803306462105,0.010492360661292421
0.853,0.29050000000000004,0.9175000000000001,0.0052860067395234765,0.010572013479046953
0.853,0.29050000000000004,0.934,0.005326404251476887,0.010652808502953774
0.853,0.29050000000000004,0.9505,0.005367337080792092,0.010734674161584183
0.853,0.29050000000000004,0.9670000000000001,0.005408771651277043,0.010817543302554087
0.853,0.29050000000000004,0.9835,0.00545067643247965,0.0109013528649593
0.853,0.29050000000000004,1.0,0.005493021790272549,0.010986043580545097
0.853,0.30700000000000005,0.01,0.02539745787790072,0.05079491575580144
0.853,0.30700000000000005,0.026500000000000003,0.014613857609209208,0.029227715218418417
0.853,0.30700000000000005,0.043000000000000003,0.011447858874607104,0.022895717749214207
0.853,0.30700000000000005,0.059500000000000004,0.009788783280334692,0.019577566560669384
0.853,0.30700000000000005,0.076,0.008715279126440286,0.017430558252880573
0.853,0.30700000000000005,0.0925,0.007944105536623553,0.015888211073247106
0.853,0.30700000000000005,0.109,0.007355947786374056,0.014711895572748112
0.853,0.30700000000000005,0.1255,0.006890236576955104,0.013780473153910207
0.853,0.30700000000000005,0.14200000000000002,0.00651215865683144,0.01302431731366288
0.853,0.30700000000000005,0.15850000000000003,0.006199862896342756,0.012399725792685511
0.853,0.30700000000000005,0.17500000000000002,0.0059387129042892135,0.011877425808578427
0.853,0.30700000000000005,0.1915,0.00571840788125051,0.01143681576250102
0.853,0.30700000000000005,0.20800000000000002,0.005531413402808342,0.011062826805616684
0.853,0.30700000000000005,0.22450000000000003,0.005372046721435051,0.010744093442870101
0.853,0.30700000000000005,0.24100000000000002,0.0052359136475466795,0.010471827295093359
0.853,0.30700000000000005,0.2575,0.005119545868229597,0.010239091736459194
0.853,0.30700000000000005,0.274,0.0050201583693248435,0.010040316738649687
0.853,0.30700000000000005,0.29050000000000004,0.0049354819226084395,0.009870963845216879
0.853,0.30700000000000005,0.30700000000000005,0.004863644211688177,0.009727288423376354
0.853,0.30700000000000005,0.3235,0.004803083469564744,0.009606166939129489
0.853,0.30700000000000005,0.34,0.004752484443875314,0.009504968887750627
0.853,0.30700000000000005,0.35650000000000004,0.004710730063226345,0.00942146012645269
0.853,0.30700000000000005,0.373,0.004676864377337816,0.009353728754675631
0.853,0.30700000000000005,0.3895,0.004650063742981965,0.00930012748596393
0.853,0.30700000000000005,0.406,0.004629614141023741,0.009259228282047482
0.853,0.30700000000000005,0.42250000000000004,0.004614893119832188,0.009229786239664375
0.853,0.30700000000000005,0.43900000000000006,0.004605355276198519,0.009210710552397038
0.853,0.30700000000000005,0.4555,0.004600520473767107,0.009201040947534213
0.853,0.30700000000000005,0.47200000000000003,0.004599964203064469,0.009199928406128937
0.853,0.30700000000000005,0.48850000000000005,0.004603309633633204,0.009206619267266408
0.853,0.30700000000000005,0.505,0.0046102210153059955,0.009220442030611991
0.853,0.30700000000000005,0.5215000000000001,0.004620398164185146,0.009240796328370292
0.853,0.30700000000000005,0.538,0.004633571827447511,0.009267143654895022
0.853,0.30700000000000005,0.5545,0.004649499765264399,0.009298999530528798
0.853,0.30700000000000005,0.5710000000000001,0.0046679634217496315,0.009335926843499263
0.853,0.30700000000000005,0.5875,0.0046887650827172845,0.009377530165434569
0.853,0.30700000000000005,0.6040000000000001,0.004711725438076948,0.009423450876153896
0.853,0.30700000000000005,0.6205,0.004736681482380236,0.009473362964760472
0.853,0.30700000000000005,0.637,0.004763484699379256,0.009526969398758512
0.853,0.30700000000000005,0.6535000000000001,0.00479199948625805,0.0095839989725161
0.853,0.30700000000000005,0.67,0.004822101781025632,0.009644203562051264
0.853,0.30700000000000005,0.6865,0.0048536778628438144,0.009707355725687629
0.853,0.30700000000000005,0.7030000000000001,0.0048866233001525206,0.009773246600305041
0.853,0.30700000000000005,0.7195,0.004920842025582703,0.009841684051165407
0.853,0.30700000000000005,0.736,0.004956245520021652,0.009912491040043304
0.853,0.30700000000000005,0.7525000000000001,0.004992752090977902,0.009985504181955804
0.853,0.30700000000000005,0.769,0.005030286232665043,0.010060572465330085
0.853,0.30700000000000005,0.7855000000000001,0.005068778057133059,0.010137556114266118
0.853,0.30700000000000005,0.802,0.005108162787344392,0.010216325574688784
0.853,0.30700000000000005,0.8185,0.005148380304412287,0.010296760608824574
0.853,0.30700000000000005,0.8350000000000001,0.005189374742326886,0.010378749484653772
0.853,0.30700000000000005,0.8515,0.0052310941244206426,0.010462188248841285
0.853,0.30700000000000005,0.8680000000000001,0.005273490036614851,0.010546980073229703
0.853,0.30700000000000005,0.8845000000000001,0.005316517333153094,0.010633034666306189
0.853,0.30700000000000005,0.901,0.005360133871094944,0.010720267742189888
0.853,0.30700000000000005,0.9175000000000001,0.005404300270327865,0.01080860054065573
0.853,0.30700000000000005,0.934,0.005448979696264932,0.010897959392529863
0.853,0.30700000000000005,0.9505,0.005494137662757734,0.010988275325515467
0.853,0.30700000000000005,0.9670000000000001,0.005539741853051143,0.011079483706102285
0.853,0.30700000000000005,0.9835,0.005585761956875664,0.011171523913751327
0.853,0.30700000000000005,1.0,0.005632169522000355,0.01126433904400071
0.853,0.3235,0.01,0.026424339552576392,0.052848679105152785
0.853,0.3235,0.026500000000000003,0.014962899018627168,0.029925798037254335
0.853,0.3235,0.043000000000000003,0.011570819259077377,0.023141638518154754
0.853,0.3235,0.059500000000000004,0.009805109498233133,0.019610218996466266
0.853,0.3235,0.076,0.0086733812187638,0.0173467624375276
0.853,0.3235,0.0925,0.007868388151763855,0.01573677630352771
0.853,0.3235,0.109,0.007260340204221347,0.014520680408442694
0.853,0.3235,0.1255,0.0067833324224261275,0.013566664844852255
0.853,0.3235,0.14200000000000002,0.00639954199258102,0.01279908398516204
0.853,0.3235,0.15850000000000003,0.006085294666410316,0.012170589332820631
0.853,0.3235,0.17500000000000002,0.005824790509552623,0.011649581019105246
0.853,0.3235,0.1915,0.00560695626146854,0.01121391252293708
0.853,0.3235,0.20800000000000002,0.005423728736734839,0.010847457473469678
0.853,0.3235,0.22450000000000003,0.005269054372668997,0.010538108745337994
0.853,0.3235,0.24100000000000002,0.005138273830327373,0.010276547660654747
0.853,0.3235,0.2575,0.005027726203449348,0.010055452406898696
0.853,0.3235,0.274,0.004934484798810039,0.009868969597620078
0.853,0.3235,0.29050000000000004,0.004856175096917098,0.009712350193834197
0.853,0.3235,0.30700000000000005,0.0047908459044427925,0.009581691808885585
0.853,0.3235,0.3235,0.004736876009828347,0.009473752019656693
0.853,0.3235,0.34,0.004692905177553038,0.009385810355106076
0.853,0.3235,0.35650000000000004,0.0046577822225769925,0.009315564445153985
0.853,0.3235,0.373,0.004630525321075376,0.009261050642150753
0.853,0.3235,0.3895,0.004610291249224132,0.009220582498448263
0.853,0.3235,0.406,0.004596351243449657,0.009192702486899315
0.853,0.3235,0.42250000000000004,0.004588071843901178,0.009176143687802356
0.853,0.3235,0.43900000000000006,0.004584899538041537,0.009169799076083073
0.853,0.3235,0.4555,0.004586348336979622,0.009172696673959244
0.853,0.3235,0.47200000000000003,0.004591989639873184,0.009183979279746369
0.853,0.3235,0.48850000000000005,0.0046014439012538565,0.009202887802507713
0.853,0.3235,0.505,0.004614373731977147,0.009228747463954294
0.853,0.3235,0.5215000000000001,0.0046304781497347545,0.009260956299469509
0.853,0.3235,0.538,0.004649487758506501,0.009298975517013003
0.853,0.3235,0.5545,0.0046711606840694935,0.009342321368138987
0.853,0.3235,0.5710000000000001,0.004695279128963979,0.009390558257927959
0.853,0.3235,0.5875,0.004721646438159088,0.009443292876318177
0.853,0.3235,0.6040000000000001,0.004750084588196777,0.009500169176393554
0.853,0.3235,0.6205,0.0047804320294055624,0.009560864058811125
0.853,0.3235,0.637,0.004812541823982849,0.009625083647965698
0.853,0.3235,0.6535000000000001,0.004846280033205068,0.009692560066410135
0.853,0.3235,0.67,0.0048815243153567875,0.009763048630713575
0.853,0.3235,0.6865,0.0049181627026588515,0.009836325405317703
0.853,0.3235,0.7030000000000001,0.004956092530860887,0.009912185061721774
0.853,0.3235,0.7195,0.004995219499541336,0.009990438999082672
0.853,0.3235,0.736,0.005035456844722126,0.010070913689444252
0.853,0.3235,0.7525000000000001,0.005076724608327592,0.010153449216655184
0.853,0.3235,0.769,0.0051189489914252595,0.010237897982850519
0.853,0.3235,0.7855000000000001,0.005162061780173519,0.010324123560347037
0.853,0.3235,0.802,0.005205999835054974,0.010411999670109948
0.853,0.3235,0.8185,0.005250704635357585,0.01050140927071517
0.853,0.3235,0.8350000000000001,0.0052961218720102106,0.010592243744020421
0.853,0.3235,0.8515,0.005342201082859406,0.010684402165718813
0.853,0.3235,0.8680000000000001,0.005388895325287398,0.010777790650574796
0.853,0.3235,0.8845000000000001,0.005436160881761628,0.010872321763523256
0.853,0.3235,0.901,0.005483956994500202,0.010967913989000403
0.853,0.3235,0.9175000000000001,0.0055322456259305555,0.011064491251861111
0.853,0.3235,0.934,0.005580991242053607,0.011161982484107213
0.853,0.3235,0.9505,0.005630160616185575,0.01126032123237115
0.853,0.3235,0.9670000000000001,0.005679722650868404,0.011359445301736808
0.853,0.3235,0.9835,0.005729648216009173,0.011459296432018345
0.853,0.3235,1.0,0.005779910001543326,0.011559820003086653
0.853,0.34,0.01,0.02747436206403317,0.05494872412806634
0.853,0.34,0.026500000000000003,0.015349809321939698,0.030699618643879396
0.853,0.34,0.043000000000000003,0.011724798475127349,0.023449596950254697
0.853,0.34,0.059500000000000004,0.009848444273291842,0.019696888546583684
0.853,0.34,0.076,0.008656281180245839,0.017312562360491678
0.853,0.34,0.0925,0.007816193591165761,0.015632387182331522
0.853,0.34,0.109,0.0071874671168260995,0.014374934233652199
0.853,0.34,0.1255,0.006698629645738113,0.013397259291476227
0.853,0.34,0.14200000000000002,0.006308726511460891,0.012617453022921781
0.853,0.34,0.15850000000000003,0.00599219447947002,0.01198438895894004
0.853,0.34,0.17500000000000002,0.005732034309530704,0.011464068619061407
0.853,0.34,0.1915,0.005516381001630062,0.011032762003260125
0.853,0.34,0.20800000000000002,0.005336632517652826,0.010673265035305652
0.853,0.34,0.22450000000000003,0.005186359551721177,0.010372719103442354
0.853,0.34,0.24100000000000002,0.00506063558407492,0.01012127116814984
0.853,0.34,0.2575,0.004955606682585348,0.009911213365170696
0.853,0.34,0.274,0.004868204891816697,0.009736409783633394
0.853,0.34,0.29050000000000004,0.004795951233444932,0.009591902466889865
0.853,0.34,0.30700000000000005,0.004736816635932565,0.00947363327186513
0.853,0.34,0.3235,0.004689121467694265,0.00937824293538853
0.853,0.34,0.34,0.0046514614843741085,0.009302922968748217
0.853,0.34,0.35650000000000004,0.004622652273500486,0.009245304547000972
0.853,0.34,0.373,0.004601686920249266,0.009203373840498533
0.853,0.34,0.3895,0.004587703296331967,0.009175406592663934
0.853,0.34,0.406,0.004579958467788575,0.00915991693557715
0.853,0.34,0.42250000000000004,0.0045778084464661835,0.009155616892932367
0.853,0.34,0.43900000000000006,0.00458069200579346,0.00916138401158692
0.853,0.34,0.4555,0.004588117624877366,0.009176235249754732
0.853,0.34,0.47200000000000003,0.0045996528668299655,0.009199305733659931
0.853,0.34,0.48850000000000005,0.00461491567016032,0.00922983134032064
0.853,0.34,0.505,0.004633567157443734,0.009267134314887468
0.853,0.34,0.5215000000000001,0.004655305657532442,0.009310611315064884
0.853,0.34,0.538,0.004679861705955941,0.009359723411911882
0.853,0.34,0.5545,0.004706993839518885,0.00941398767903777
0.853,0.34,0.5710000000000001,0.0047364850400470025,0.009472970080094005
0.853,0.34,0.5875,0.004768139712066849,0.009536279424133699
0.853,0.34,0.6040000000000001,0.0048017811022236295,0.009603562204447259
0.853,0.34,0.6205,0.004837249086178513,0.009674498172357026
0.853,0.34,0.637,0.0048743982627895074,0.009748796525579015
0.853,0.34,0.6535000000000001,0.004913096306489185,0.00982619261297837
0.853,0.34,0.67,0.004953222537615032,0.009906445075230063
0.853,0.34,0.6865,0.004994666677510061,0.009989333355020122
0.853,0.34,0.7030000000000001,0.005037327760918448,0.010074655521836897
0.853,0.34,0.7195,0.005081113182797874,0.010162226365595748
0.853,0.34,0.736,0.005125937860427295,0.01025187572085459
0.853,0.34,0.7525000000000001,0.005171723494755559,0.010343446989511118
0.853,0.34,0.769,0.005218397917462084,0.010436795834924168
0.853,0.34,0.7855000000000001,0.005265894512271461,0.010531789024542921
0.853,0.34,0.802,0.005314151700806156,0.010628303401612312
0.853,0.34,0.8185,0.005363112484682769,0.010726224969365539
0.853,0.34,0.8350000000000001,0.005412724036768237,0.010825448073536473
0.853,0.34,0.8515,0.005462937335518998,0.010925874671037996
0.853,0.34,0.8680000000000001,0.005513706837169338,0.011027413674338677
0.853,0.34,0.8845000000000001,0.005564990181258869,0.011129980362517737
0.853,0.34,0.901,0.005616747925589878,0.011233495851179756
0.853,0.34,0.9175000000000001,0.005668943307230187,0.011337886614460373
0.853,0.34,0.934,0.005721542026608469,0.011443084053216939
0.853,0.34,0.9505,0.0057745120521343766,0.011549024104268753
0.853,0.34,0.9670000000000001,0.0058278234430929245,0.011655646886185849
0.853,0.34,0.9835,0.005881448188844945,0.01176289637768989
0.853,0.34,1.0,0.005935360062602336,0.011870720125204673
0.853,0.35650000000000004,0.01,0.028542056058939357,0.05708411211787871
0.853,0.35650000000000004,0.026500000000000003,0.015776926686668285,0.03155385337333657
0.853,0.35650000000000004,0.043000000000000003,0.011912813464442758,0.023825626928885516
0.853,0.35650000000000004,0.059500000000000004,0.00992165530575118,0.01984331061150236
0.853,0.35650000000000004,0.076,0.008666550566428172,0.017333101132856344
0.853,0.35650000000000004,0.0925,0.0077897783771027455,0.015579556754205491
0.853,0.35650000000000004,0.109,0.007139283818002725,0.01427856763600545
0.853,0.35650000000000004,0.1255,0.006637805428779198,0.013275610857558396
0.853,0.35650000000000004,0.14200000000000002,0.006241136456443389,0.012482272912886777
0.853,0.35650000000000004,0.15850000000000003,0.005921758246536748,0.011843516493073495
0.853,0.35650000000000004,0.17500000000000002,0.005661434915695226,0.011322869831390452
0.853,0.35650000000000004,0.1915,0.005447488515132404,0.010894977030264808
0.853,0.35650000000000004,0.20800000000000002,0.005270766065898288,0.010541532131796576
0.853,0.35650000000000004,0.22450000000000003,0.005124455664580533,0.010248911329161066
0.853,0.35650000000000004,0.24100000000000002,0.005003359784803069,0.010006719569606137
0.853,0.35650000000000004,0.2575,0.0049034293979703806,0.009806858795940761
0.853,0.35650000000000004,0.274,0.004821454226162979,0.009642908452325958
0.853,0.35650000000000004,0.29050000000000004,0.004754850342948261,0.009509700685896521
0.853,0.35650000000000004,0.30700000000000005,0.004701510620413743,0.009403021240827486
0.853,0.35650000000000004,0.3235,0.004659696986697813,0.009319393973395627
0.853,0.35650000000000004,0.34,0.004627961237017077,0.009255922474034154
0.853,0.35650000000000004,0.35650000000000004,0.004605085797775635,0.00921017159555127
0.853,0.35650000000000004,0.373,0.004590038719774525,0.00918007743954905
0.853,0.35650000000000004,0.3895,0.004581939003488279,0.009163878006976559
0.853,0.35650000000000004,0.406,0.004580029548860562,0.009160059097721125
0.853,0.35650000000000004,0.42250000000000004,0.004583655813962989,0.009167311627925978
0.853,0.35650000000000004,0.43900000000000006,0.004592248804696176,0.009184497609392352
0.853,0.35650000000000004,0.4555,0.004605311389692523,0.009210622779385046
0.853,0.35650000000000004,0.47200000000000003,0.004622407196125653,0.009244814392251307
0.853,0.35650000000000004,0.48850000000000005,0.004643151528805233,0.009286303057610466
0.853,0.35650000000000004,0.505,0.004667203890024331,0.009334407780048662
0.853,0.35650000000000004,0.5215000000000001,0.004694261776625236,0.009388523553250473
0.853,0.35650000000000004,0.538,0.0047240555041507745,0.009448111008301549
0.853,0.35650000000000004,0.5545,0.004756343862962325,0.00951268772592465
0.853,0.35650000000000004,0.5710000000000001,0.004790910452851345,0.00958182090570269
0.853,0.35650000000000004,0.5875,0.004827560574489591,0.009655121148979182
0.853,0.35650000000000004,0.6040000000000001,0.004866118580588077,0.009732237161176154
0.853,0.35650000000000004,0.6205,0.0049064256086869505,0.009812851217373901
0.853,0.35650000000000004,0.637,0.004948337632420784,0.009896675264841568
0.853,0.35650000000000004,0.6535000000000001,0.00499172377985848,0.00998344755971696
0.853,0.35650000000000004,0.67,0.0050364648768610396,0.010072929753722079
0.853,0.35650000000000004,0.6865,0.005082452180848951,0.010164904361697901
0.853,0.35650000000000004,0.7030000000000001,0.005129586276370785,0.01025917255274157
0.853,0.35650000000000004,0.7195,0.005177776108702928,0.010355552217405856
0.853,0.35650000000000004,0.736,0.005226938135643095,0.01045387627128619
0.853,0.35650000000000004,0.7525000000000001,0.005276995580875895,0.01055399116175179
0.853,0.35650000000000004,0.769,0.0053278777749187585,0.010655755549837517
0.853,0.35650000000000004,0.7855000000000001,0.005379519571831482,0.010759039143662963
0.853,0.35650000000000004,0.802,0.005431860831670348,0.010863721663340696
0.853,0.35650000000000004,0.8185,0.005484845960159127,0.010969691920318254
0.853,0.35650000000000004,0.8350000000000001,0.005538423498299249,0.011076846996598498
0.853,0.35650000000000004,0.8515,0.005592545755682812,0.011185091511365625
0.853,0.35650000000000004,0.8680000000000001,0.005647168482153545,0.01129433696430709
0.853,0.35650000000000004,0.8845000000000001,0.0057022505731984955,0.011404501146396991
0.853,0.35650000000000004,0.901,0.005757753805081656,0.011515507610163312
0.853,0.35650000000000004,0.9175000000000001,0.005813642596262628,0.011627285192525256
0.853,0.35650000000000004,0.934,0.00586988379209764,0.01173976758419528
0.853,0.35650000000000004,0.9505,0.0059264464702055595,0.011852892940411119
0.853,0.35650000000000004,0.9670000000000001,0.005983301764216723,0.011966603528433446
0.853,0.35650000000000004,0.9835,0.006040422703903228,0.012080845407806457
0.853,0.35650000000000004,1.0,0.006097784069939242,0.012195568139878484
0.853,0.373,0.01,0.029621099136097347,0.05924219827219469
0.853,0.373,0.026500000000000003,0.016246173413527312,0.032492346827054625
0.853,0.373,0.043000000000000003,0.01213774151331973,0.02427548302663946
0.853,0.373,0.059500000000000004,0.010027557460568473,0.020055114921136947
0.853,0.373,0.076,0.008706737391769156,0.017413474783538312
0.853,0.373,0.0925,0.007791386044398798,0.015582772088797596
0.853,0.373,0.109,0.007117737338786788,0.014235474677573577
0.853,0.373,0.1255,0.006602532170123288,0.013205064340246576
0.853,0.373,0.14200000000000002,0.006198195091701167,0.012396390183402333
0.853,0.373,0.15850000000000003,0.005875185446283741,0.011750370892567481
0.853,0.373,0.17500000000000002,0.005613991775179379,0.011227983550358757
0.853,0.373,0.1915,0.005401099872866981,0.010802199745733963
0.853,0.373,0.20800000000000002,0.005226791538261706,0.010453583076523412
0.853,0.373,0.22450000000000003,0.00508386330993459,0.01016772661986918
0.853,0.373,0.24100000000000002,0.004966840886537754,0.009933681773075508
0.853,0.373,0.2575,0.00487147631940286,0.00974295263880572
0.853,0.373,0.274,0.004794414385641808,0.009588828771283616
0.853,0.373,0.29050000000000004,0.004732964339497105,0.00946592867899421
0.853,0.373,0.30700000000000005,0.004684939601283801,0.009369879202567603
0.853,0.373,0.3235,0.004648542568924917,0.009297085137849834
0.853,0.373,0.34,0.0046222801865418535,0.009244560373083707
0.853,0.373,0.35650000000000004,0.0046049009614197904,0.009209801922839581
0.853,0.373,0.373,0.004595347242712658,0.009190694485425316
0.853,0.373,0.3895,0.004592718556588063,0.009185437113176126
0.853,0.373,0.406,0.0045962430812260474,0.009192486162452095
0.853,0.373,0.42250000000000004,0.004605255201977625,0.00921051040395525
0.853,0.373,0.43900000000000006,0.0046191776681777505,0.009238355336355501
0.853,0.373,0.4555,0.004637507274467053,0.009275014548934106
0.853,0.373,0.47200000000000003,0.004659803271215723,0.009319606542431446
0.853,0.373,0.48850000000000005,0.004685677909393154,0.009371355818786307
0.853,0.373,0.505,0.004714788670240291,0.009429577340480583
0.853,0.373,0.5215000000000001,0.004746831836181466,0.009493663672362932
0.853,0.373,0.538,0.004781537137917161,0.009563074275834322
0.853,0.373,0.5545,0.004818663271369362,0.009637326542738724
0.853,0.373,0.5710000000000001,0.004857994122520645,0.00971598824504129
0.853,0.373,0.5875,0.004899335572030521,0.009798671144061043
0.853,0.373,0.6040000000000001,0.004942512777542193,0.009885025555084387
0.853,0.373,0.6205,0.004987367851780364,0.009974735703560727
0.853,0.373,0.637,0.005033757870316094,0.010067515740632188
0.853,0.373,0.6535000000000001,0.005081553155291063,0.010163106310582126
0.853,0.373,0.67,0.005130635791226432,0.010261271582452864
0.853,0.373,0.6865,0.005180898336890002,0.010361796673780004
0.853,0.373,0.7030000000000001,0.005232242703481678,0.010464485406963356
0.853,0.373,0.7195,0.0052845791744751125,0.010569158348950225
0.853,0.373,0.736,0.005337825546567751,0.010675651093135502
0.853,0.373,0.7525000000000001,0.005391906374546495,0.01078381274909299
0.853,0.373,0.769,0.0054467523056255214,0.010893504611251043
0.853,0.373,0.7855000000000001,0.005502299491070303,0.011004598982140606
0.853,0.373,0.802,0.00555848906479465,0.0111169781295893
0.853,0.373,0.8185,0.005615266680167253,0.011230533360334506
0.853,0.373,0.8350000000000001,0.005672582097553636,0.011345164195107272
0.853,0.373,0.8515,0.005730388816203929,0.011460777632407859
0.853,0.373,0.8680000000000001,0.005788643745004027,0.011577287490008054
0.853,0.373,0.8845000000000001,0.005847306907368936,0.011694613814737872
0.853,0.373,0.901,0.005906341176206303,0.011812682352412606
0.853,0.373,0.9175000000000001,0.005965712035425549,0.011931424070851099
0.853,0.373,0.934,0.006025387364932804,0.012050774729865607
0.853,0.373,0.9505,0.006085337246451404,0.012170674492902808
0.853,0.373,0.9670000000000001,0.0061455337878448335,0.012291067575689667
0.853,0.373,0.9835,0.006205950963915736,0.012411901927831473
0.853,0.373,1.0,0.0062665644719006415,0.012533128943801283
0.853,0.3895,0.01,0.03070447010296132,0.06140894020592264
0.853,0.3895,0.026500000000000003,0.016758962283956517,0.033517924567913034
0.853,0.3895,0.043000000000000003,0.012402247371139657,0.024804494742279314
0.853,0.3895,0.059500000000000004,0.01016885831729742,0.02033771663459484
0.853,0.3895,0.076,0.008779323540543466,0.017558647081086932
0.853,0.3895,0.0925,0.007823212524270604,0.015646425048541208
0.853,0.3895,0.109,0.0071247374563134565,0.014249474912626913
0.853,0.3895,0.1255,0.0065944525711595595,0.013188905142319119
0.853,0.3895,0.14200000000000002,0.0061813027692987355,0.012362605538597471
0.853,0.3895,0.15850000000000003,0.005853659358411625,0.01170731871682325
0.853,0.3895,0.17500000000000002,0.005590694951010923,0.011181389902021846
0.853,0.3895,0.1915,0.005378033652377796,0.010756067304755592
0.853,0.3895,0.20800000000000002,0.005205375475958477,0.010410750951916955
0.853,0.3895,0.22450000000000003,0.005065114239648252,0.010130228479296503
0.853,0.3895,0.24100000000000002,0.004951491073891512,0.009902982147783025
0.853,0.3895,0.2575,0.004860053470510647,0.009720106941021295
0.853,0.3895,0.274,0.004787297033155085,0.00957459406631017
0.853,0.3895,0.29050000000000004,0.004730420916100429,0.009460841832200858
0.853,0.3895,0.30700000000000005,0.004687156460807449,0.009374312921614898
0.853,0.3895,0.3235,0.004655644370902239,0.009311288741804478
0.853,0.3895,0.34,0.0046343449125990175,0.009268689825198035
0.853,0.3895,0.35650000000000004,0.004621971099982932,0.009243942199965865
0.853,0.3895,0.373,0.004617438201232017,0.009234876402464034
0.853,0.3895,0.3895,0.004619825043048599,0.009239650086097197
0.853,0.3895,0.406,0.004628343981837371,0.009256687963674742
0.853,0.3895,0.42250000000000004,0.004642317334133911,0.009284634668267821
0.853,0.3895,0.43900000000000006,0.004661158684636396,0.009322317369272791
0.853,0.3895,0.4555,0.004684357921767997,0.009368715843535994
0.853,0.3895,0.47200000000000003,0.004711469153161172,0.009422938306322345
0.853,0.3895,0.48850000000000005,0.0047421008686415215,0.009484201737283043
0.853,0.3895,0.505,0.00477590787344907,0.00955181574689814
0.853,0.3895,0.5215000000000001,0.004812584627758917,0.009625169255517834
0.853,0.3895,0.538,0.004851859712268812,0.009703719424537623
0.853,0.3895,0.5545,0.004893491202140606,0.009786982404281212
0.853,0.3895,0.5710000000000001,0.004937262778725581,0.009874525557451162
0.853,0.3895,0.5875,0.004982980444402199,0.009965960888804398
0.853,0.3895,0.6040000000000001,0.0050304697334105095,0.010060939466821019
0.853,0.3895,0.6205,0.005079573332912545,0.01015914666582509
0.853,0.3895,0.637,0.005130149045144834,0.010260298090289667
0.853,0.3895,0.6535000000000001,0.005182068034611734,0.010364136069223468
0.853,0.3895,0.67,0.00523521331460994,0.01047042662921988
0.853,0.3895,0.6865,0.005289478435609064,0.010578956871218128
0.853,0.3895,0.7030000000000001,0.0053447663446046685,0.010689532689209337
0.853,0.3895,0.7195,0.005400988389875265,0.01080197677975053
0.853,0.3895,0.736,0.005458063449868842,0.010916126899737684
0.853,0.3895,0.7525000000000001,0.0055159171684494405,0.011031834336898881
0.853,0.3895,0.769,0.005574481281592256,0.011148962563184511
0.853,0.3895,0.7855000000000001,0.00563369302297221,0.01126738604594442
0.853,0.3895,0.802,0.005693494597825837,0.011386989195651674
0.853,0.3895,0.8185,0.005753832716079811,0.011507665432159623
0.853,0.3895,0.8350000000000001,0.005814658177074562,0.011629316354149124
0.853,0.3895,0.8515,0.005875925499333131,0.011751850998666262
0.853,0.3895,0.8680000000000001,0.0059375925897564505,0.011875185179512901
0.853,0.3895,0.8845000000000001,0.005999620447422674,0.011999240894845348
0.853,0.3895,0.901,0.006061972897826556,0.012123945795653112
0.853,0.3895,0.9175000000000001,0.006124616353964652,0.012249232707929304
0.853,0.3895,0.934,0.006187519601146478,0.012375039202292956
0.853,0.3895,0.9505,0.0062506536028238335,0.012501307205647667
0.853,0.3895,0.9670000000000001,0.006313991325077026,0.012627982650154052
0.853,0.3895,0.9835,0.006377507577694932,0.012755015155389864
0.853,0.3895,1.0,0.006441178870048322,0.012882357740096644
0.853,0.406,0.01,0.03178464422679128,0.06356928845358256
0.853,0.406,0.026500000000000003,0.017316105679555112,0.034632211359110224
0.853,0.406,0.043000000000000003,0.012708704525525695,0.02541740905105139
0.853,0.406,0.059500000000000004,0.010348097918602566,0.020696195837205132
0.853,0.406,0.076,0.008886677592979715,0.01777335518595943
0.853,0.406,0.0925,0.007887368130753839,0.015774736261507678
0.853,0.406,0.109,0.007162125277637084,0.014324250555274169
0.853,0.406,0.1255,0.006615153066007606,0.013230306132015212
0.853,0.406,0.14200000000000002,0.006191813950316537,0.012383627900633075
0.853,0.406,0.15850000000000003,0.005858326746601142,0.011716653493202283
0.853,0.406,0.17500000000000002,0.005592506764641612,0.011185013529283224
0.853,0.406,0.1915,0.005379089003417777,0.010758178006835553
0.853,0.406,0.20800000000000002,0.005207172881108062,0.010414345762216124
0.853,0.406,0.22450000000000003,0.005068736129175859,0.010137472258351718
0.853,0.406,0.24100000000000002,0.004957725482924274,0.009915450965848548
0.853,0.406,0.2575,0.004869476413736909,0.009738952827473817
0.853,0.406,0.274,0.004800329518136516,0.009600659036273032
0.853,0.406,0.29050000000000004,0.004747369167787028,0.009494738335574055
0.853,0.406,0.30700000000000005,0.00470824077942515,0.0094164815588503
0.853,0.406,0.3235,0.004681020141103,0.009362040282206
0.853,0.406,0.34,0.00466411809784703,0.00932823619569406
0.853,0.406,0.35650000000000004,0.00465620980165455,0.0093124196033091
0.853,0.406,0.373,0.004656181370355437,0.009312362740710874
0.853,0.406,0.3895,0.004663089106026517,0.009326178212053034
0.853,0.406,0.406,0.0046761279206296415,0.009352255841259283
0.853,0.406,0.42250000000000004,0.0046946066095993975,0.009389213219198795
0.853,0.406,0.43900000000000006,0.0047179282859134775,0.009435856571826955
0.853,0.406,0.4555,0.004745574749790802,0.009491149499581604
0.853,0.406,0.47200000000000003,0.004777093892935545,0.00955418778587109
0.853,0.406,0.48850000000000005,0.004812089466214749,0.009624178932429499
0.853,0.406,0.505,0.004850212705244635,0.00970042541048927
0.853,0.406,0.5215000000000001,0.004891155429083404,0.009782310858166807
0.853,0.406,0.538,0.004934644316275916,0.009869288632551832
0.853,0.406,0.5545,0.004980436128880398,0.009960872257760796
0.853,0.406,0.5710000000000001,0.005028313705093541,0.010056627410187082
0.853,0.406,0.5875,0.005078082579084412,0.010156165158168824
0.853,0.406,0.6040000000000001,0.005129568115775372,0.010259136231550744
0.853,0.406,0.6205,0.005182613070818155,0.01036522614163631
0.853,0.406,0.637,0.005237075503550329,0.010474151007100658
0.853,0.406,0.6535000000000001,0.005292826984468044,0.010585653968936088
0.853,0.406,0.67,0.005349751049615261,0.010699502099230523
0.853,0.406,0.6865,0.005407741862924652,0.010815483725849303
0.853,0.406,0.7030000000000001,0.005466703054442407,0.010933406108884814
0.853,0.406,0.7195,0.005526546707932216,0.011053093415864431
0.853,0.406,0.736,0.005587192475829504,0.011174384951659008
0.853,0.406,0.7525000000000001,0.005648566803176513,0.011297133606353026
0.853,0.406,0.769,0.005710602245141737,0.011421204490283474
0.853,0.406,0.7855000000000001,0.005773236865175698,0.011546473730351395
0.853,0.406,0.802,0.005836413702868088,0.011672827405736176
0.853,0.406,0.8185,0.0059000803022403415,0.011800160604480683
0.853,0.406,0.8350000000000001,0.005964188292593657,0.011928376585187314
0.853,0.406,0.8515,0.006028693015187907,0.012057386030375815
0.853,0.406,0.8680000000000001,0.006093553189997478,0.012187106379994955
0.853,0.406,0.8845000000000001,0.0061587306176016515,0.012317461235203303
0.853,0.406,0.901,0.006224189911953052,0.012448379823906104
0.853,0.406,0.9175000000000001,0.006289898260352697,0.012579796520705394
0.853,0.406,0.934,0.006355825207444521,0.012711650414889041
0.853,0.406,0.9505,0.006421942460472145,0.01284388492094429
0.853,0.406,0.9670000000000001,0.006488223713388127,0.012976447426776254
0.853,0.406,0.9835,0.006554644487723157,0.013109288975446314
0.853,0.406,1.0,0.006621181988373846,0.013242363976747691
0.853,0.42250000000000004,0.01,0.03285382017114949,0.06570764034229898
0.853,0.42250000000000004,0.026500000000000003,0.017917732801012155,0.03583546560202431
0.853,0.42250000000000004,0.043000000000000003,0.013059113094059185,0.02611822618811837
0.853,0.42250000000000004,0.059500000000000004,0.010567584043727863,0.021135168087455726
0.853,0.42250000000000004,0.076,0.00903100391810975,0.0180620078362195
0.853,0.42250000000000004,0.0925,0.007985836755414331,0.015971673510828663
0.853,0.42250000000000004,0.109,0.007231639848753655,0.01446327969750731
0.853,0.42250000000000004,0.1255,0.006666135931549857,0.013332271863099715
0.853,0.42250000000000004,0.14200000000000002,0.006231013424989336,0.012462026849978672
0.853,0.42250000000000004,0.15850000000000003,0.005890277157159457,0.011780554314318913
0.853,0.42250000000000004,0.17500000000000002,0.005620343397071497,0.011240686794142994
0.853,0.42250000000000004,0.1915,0.005405028962381637,0.010810057924763274
0.853,0.42250000000000004,0.20800000000000002,0.005232811794647228,0.010465623589294456
0.853,0.42250000000000004,0.22450000000000003,0.005095238074476842,0.010190476148953685
0.853,0.42250000000000004,0.24100000000000002,0.004985948352985634,0.009971896705971268
0.853,0.42250000000000004,0.2575,0.004900056854809883,0.009800113709619767
0.853,0.42250000000000004,0.274,0.00483374177904537,0.00966748355809074
0.853,0.42250000000000004,0.29050000000000004,0.004783966674467403,0.009567933348934805
0.853,0.42250000000000004,0.30700000000000005,0.004748286010023254,0.009496572020046508
0.853,0.42250000000000004,0.3235,0.004724706418994617,0.009449412837989234
0.853,0.42250000000000004,0.34,0.004711585702529002,0.009423171405058004
0.853,0.42250000000000004,0.35650000000000004,0.0047075580216569875,0.009415116043313975
0.853,0.42250000000000004,0.373,0.004711477616989605,0.00942295523397921
0.853,0.42250000000000004,0.3895,0.00472237587108162,0.00944475174216324
0.853,0.42250000000000004,0.406,0.004739428134148975,0.00947885626829795
0.853,0.42250000000000004,0.42250000000000004,0.004761927797896963,0.009523855595793926
0.853,0.42250000000000004,0.43900000000000006,0.00478926582124747,0.00957853164249494
0.853,0.42250000000000004,0.4555,0.004820914406264495,0.00964182881252899
0.853,0.42250000000000004,0.47200000000000003,0.004856413868224643,0.009712827736449286
0.853,0.42250000000000004,0.48850000000000005,0.004895361988946292,0.009790723977892584
0.853,0.42250000000000004,0.505,0.004937405318769048,0.009874810637538096
0.853,0.42250000000000004,0.5215000000000001,0.004982232020915978,0.009964464041831956
0.853,0.42250000000000004,0.538,0.005029565946485355,0.01005913189297071
0.853,0.42250000000000004,0.5545,0.005079161698685525,0.01015832339737105
0.853,0.42250000000000004,0.5710000000000001,0.005130800497835031,0.010261600995670061
0.853,0.42250000000000004,0.5875,0.005184286698790453,0.010368573397580906
0.853,0.42250000000000004,0.6040000000000001,0.0052394448432162375,0.010478889686432475
0.853,0.42250000000000004,0.6205,0.0052961171528191206,0.010592234305638241
0.853,0.42250000000000004,0.637,0.005354161388128549,0.010708322776257098
0.853,0.42250000000000004,0.6535000000000001,0.005413449011850282,0.010826898023700564
0.853,0.42250000000000004,0.67,0.005473863607225213,0.010947727214450425
0.853,0.42250000000000004,0.6865,0.005535299510862768,0.011070599021725537
0.853,0.42250000000000004,0.7030000000000001,0.005597660626752106,0.011195321253504212
0.853,0.42250000000000004,0.7195,0.005660859393947454,0.011321718787894909
0.853,0.42250000000000004,0.736,0.005724815885116834,0.011449631770233669
0.853,0.42250000000000004,0.7525000000000001,0.0057894570169418295,0.011578914033883659
0.853,0.42250000000000004,0.769,0.005854715856458679,0.011709431712917358
0.853,0.42250000000000004,0.7855000000000001,0.005920531009975176,0.011841062019950352
0.853,0.42250000000000004,0.802,0.005986846083290186,0.011973692166580372
0.853,0.42250000000000004,0.8185,0.006053609203670944,0.012107218407341889
0.853,0.42250000000000004,0.8350000000000001,0.006120772595482678,0.012241545190965356
0.853,0.42250000000000004,0.8515,0.006188292202561016,0.012376584405122033
0.853,0.42250000000000004,0.8680000000000001,0.006256127351415536,0.012512254702831072
0.853,0.42250000000000004,0.8845000000000001,0.006324240450200255,0.01264848090040051
0.853,0.42250000000000004,0.901,0.0063925967190884714,0.012785193438176943
0.853,0.42250000000000004,0.9175000000000001,0.0064611639482896055,0.012922327896579211
0.853,0.42250000000000004,0.934,0.006529912280457747,0.013059824560915494
0.853,0.42250000000000004,0.9505,0.006598814014664183,0.013197628029328366
0.853,0.42250000000000004,0.9670000000000001,0.006667843429480925,0.01333568685896185
0.853,0.42250000000000004,0.9835,0.006736976623038683,0.013473953246077365
0.853,0.42250000000000004,1.0,0.006806191368182249,0.013612382736364498
0.853,0.43900000000000006,0.01,0.033904165908761115,0.06780833181752223
0.853,0.43900000000000006,0.026500000000000003,0.018563220800984374,0.03712644160196875
0.853,0.43900000000000006,0.043000000000000003,0.013455017513634482,0.026910035027268964
0.853,0.43900000000000006,0.059500000000000004,0.010829324838287866,0.02165864967657573
0.853,0.43900000000000006,0.076,0.009214289224246582,0.018428578448493164
0.853,0.43900000000000006,0.0925,0.008120433107638417,0.016240866215276834
0.853,0.43900000000000006,0.109,0.007334883401281586,0.014669766802563171
0.853,0.43900000000000006,0.1255,0.006748790531454802,0.013497581062909604
0.853,0.43900000000000006,0.14200000000000002,0.00630009206540977,0.01260018413081954
0.853,0.43900000000000006,0.15850000000000003,0.005950522070768808,0.011901044141537616
0.853,0.43900000000000006,0.17500000000000002,0.005675056605992517,0.011350113211985034
0.853,0.43900000000000006,0.1915,0.00545656410428307,0.01091312820856614
0.853,0.43900000000000006,0.20800000000000002,0.005282878403672135,0.01056575680734427
0.853,0.43900000000000006,0.22450000000000003,0.005145096788727398,0.010290193577454795
0.853,0.43900000000000006,0.24100000000000002,0.0050365400326780356,0.010073080065356071
0.853,0.43900000000000006,0.2575,0.004952090243262285,0.00990418048652457
0.853,0.43900000000000006,0.274,0.004887754373832567,0.009775508747665133
0.853,0.43900000000000006,0.29050000000000004,0.004840367835272793,0.009680735670545585
0.853,0.43900000000000006,0.30700000000000005,0.004807388019814655,0.00961477603962931
0.853,0.43900000000000006,0.3235,0.004786747211159937,0.009573494422319874
0.853,0.43900000000000006,0.34,0.004776745719400417,0.009553491438800833
0.853,0.43900000000000006,0.35650000000000004,0.004775972874442993,0.009551945748885985
0.853,0.43900000000000006,0.373,0.0047832476986618315,0.009566495397323663
0.853,0.43900000000000006,0.3895,0.004797573729136671,0.009595147458273341
0.853,0.43900000000000006,0.406,0.004818104176964161,0.009636208353928323
0.853,0.43900000000000006,0.42250000000000004,0.004844114748073881,0.009688229496147761
0.853,0.43900000000000006,0.43900000000000006,0.0048749822174439334,0.009749964434887867
0.853,0.43900000000000006,0.4555,0.00491016737589546,0.00982033475179092
0.853,0.43900000000000006,0.47200000000000003,0.0049492013367465676,0.009898402673493135
0.853,0.43900000000000006,0.48850000000000005,0.004991674450399894,0.009983348900799788
0.853,0.43900000000000006,0.505,0.005037227262213793,0.010074454524427586
0.853,0.43900000000000006,0.5215000000000001,0.005085543085174991,0.010171086170349982
0.853,0.43900000000000006,0.538,0.005136341859052017,0.010272683718104034
0.853,0.43900000000000006,0.5545,0.005189375042172473,0.010378750084344947
0.853,0.43900000000000006,0.5710000000000001,0.005244421337882654,0.010488842675765308
0.853,0.43900000000000006,0.5875,0.00530128310012945,0.0106025662002589
0.853,0.43900000000000006,0.6040000000000001,0.005359783295008047,0.010719566590016095
0.853,0.43900000000000006,0.6205,0.005419762920088754,0.010839525840177508
0.853,0.43900000000000006,0.637,0.0054810788027439975,0.010962157605487995
0.853,0.43900000000000006,0.6535000000000001,0.005543601713862816,0.011087203427725631
0.853,0.43900000000000006,0.67,0.005607214745309149,0.011214429490618297
0.853,0.43900000000000006,0.6865,0.005671811908940859,0.011343623817881718
0.853,0.43900000000000006,0.7030000000000001,0.005737296922581558,0.011474593845163117
0.853,0.43900000000000006,0.7195,0.005803582154389056,0.011607164308778112
0.853,0.43900000000000006,0.736,0.005870587701962557,0.011741175403925113
0.853,0.43900000000000006,0.7525000000000001,0.005938240586494319,0.011876481172988639
0.853,0.43900000000000006,0.769,0.006006474045500666,0.012012948091001332
0.853,0.43900000000000006,0.7855000000000001,0.006075226910317261,0.012150453820634522
0.853,0.43900000000000006,0.802,0.006144443056715544,0.012288886113431088
0.853,0.43900000000000006,0.8185,0.006214070918792393,0.012428141837584786
0.853,0.43900000000000006,0.8350000000000001,0.0062840630577813755,0.012568126115562751
0.853,0.43900000000000006,0.8515,0.006354375778668358,0.012708751557336716
0.853,0.43900000000000006,0.8680000000000001,0.00642496878853056,0.01284993757706112
0.853,0.43900000000000006,0.8845000000000001,0.006495804891393856,0.012991609782787713
0.853,0.43900000000000006,0.901,0.0065668497151284795,0.013133699430256959
0.853,0.43900000000000006,0.9175000000000001,0.006638071466522719,0.013276142933045437
0.853,0.43900000000000006,0.934,0.0067094407111996145,0.013418881422399229
0.853,0.43900000000000006,0.9505,0.00678093017548504,0.01356186035097008
0.853,0.43900000000000006,0.9670000000000001,0.006852514567712376,0.013705029135424752
0.853,0.43900000000000006,0.9835,0.0069241704167771435,0.013848340833554287
0.853,0.43900000000000006,1.0,0.006995875926030641,0.013991751852061283
0.853,0.4555,0.01,0.03492806867371012,0.06985613734742024
0.853,0.4555,0.026500000000000003,0.01925114570481676,0.03850229140963352
0.853,0.4555,0.043000000000000003,0.013897427845158312,0.027794855690316624
0.853,0.4555,0.059500000000000004,0.011134961121917348,0.022269922243834697
0.853,0.4555,0.076,0.009438248094142865,0.01887649618828573
0.853,0.4555,0.0925,0.008292759066638447,0.016585518133276893
0.853,0.4555,0.109,0.007473286007648934,0.014946572015297869
0.853,0.4555,0.1255,0.006864364260803086,0.013728728521606172
0.853,0.4555,0.14200000000000002,0.006400122527910704,0.012800245055821408
0.853,0.4555,0.15850000000000003,0.006039974209987515,0.01207994841997503
0.853,0.4555,0.17500000000000002,0.005757415770664263,0.011514831541328527
0.853,0.4555,0.1915,0.005534336669392344,0.011068673338784687
0.853,0.4555,0.20800000000000002,0.005357902752376192,0.010715805504752384
0.853,0.4555,0.22450000000000003,0.005218743518562541,0.010437487037125081
0.853,0.4555,0.24100000000000002,0.005109844811640253,0.010219689623280506
0.853,0.4555,0.2575,0.005025844297575353,0.010051688595150706
0.853,0.4555,0.274,0.004962567527736766,0.009925135055473532
0.853,0.4555,0.29050000000000004,0.004916713307675186,0.009833426615350372
0.853,0.4555,0.30700000000000005,0.004885634819726131,0.009771269639452263
0.853,0.4555,0.3235,0.004867183933249715,0.00973436786649943
0.853,0.4555,0.34,0.004859598268637402,0.009719196537274804
0.853,0.4555,0.35650000000000004,0.004861417835984044,0.009722835671968088
0.853,0.4555,0.373,0.004871422538548616,0.009742845077097231
0.853,0.4555,0.3895,0.004888584658120666,0.009777169316241332
0.853,0.4555,0.406,0.004912032270449354,0.009824064540898708
0.853,0.4555,0.42250000000000004,0.0049410207503380755,0.009882041500676151
0.853,0.4555,0.43900000000000006,0.004974910343128262,0.009949820686256524
0.853,0.4555,0.4555,0.005013148340156645,0.01002629668031329
0.853,0.4555,0.47200000000000003,0.005055254786946254,0.010110509573892508
0.853,0.4555,0.48850000000000005,0.005100810929742631,0.010201621859485262
0.853,0.4555,0.505,0.005149449804600056,0.010298899609200112
0.853,0.4555,0.5215000000000001,0.00520084851747065,0.0104016970349413
0.853,0.4555,0.538,0.005254721869723868,0.010509443739447736
0.853,0.4555,0.5545,0.0053108170622341005,0.010621634124468201
0.853,0.4555,0.5710000000000001,0.005368909270204361,0.010737818540408723
0.853,0.4555,0.5875,0.005428797925586967,0.010857595851173935
0.853,0.4555,0.6040000000000001,0.005490303578097731,0.010980607156195463
0.853,0.4555,0.6205,0.005553265232093787,0.011106530464187574
0.853,0.4555,0.637,0.005617538076981739,0.011235076153963477
0.853,0.4555,0.6535000000000001,0.005682991544753001,0.011365983089506001
0.853,0.4555,0.67,0.005749507640784587,0.011499015281569174
0.853,0.4555,0.6865,0.005816979503970475,0.01163395900794095
0.853,0.4555,0.7030000000000001,0.005885310160163092,0.011770620320326185
0.853,0.4555,0.7195,0.00595441143924345,0.0119088228784869
0.853,0.4555,0.736,0.006024203031246918,0.012048406062493836
0.853,0.4555,0.7525000000000001,0.006094611661108957,0.012189223322217915
0.853,0.4555,0.769,0.0061655703649686954,0.012331140729937391
0.853,0.4555,0.7855000000000001,0.006237017853716894,0.012474035707433788
0.853,0.4555,0.802,0.0063088979517443725,0.012617795903488745
0.853,0.4555,0.8185,0.006381159100707955,0.01276231820141591
0.853,0.4555,0.8350000000000001,0.006453753919690074,0.012907507839380147
0.853,0.4555,0.8515,0.006526638814399093,0.013053277628798186
0.853,0.4555,0.8680000000000001,0.0065997736291511155,0.013199547258302231
0.853,0.4555,0.8845000000000001,0.006673121336257403,0.013346242672514805
0.853,0.4555,0.901,0.006746647758211004,0.013493295516422008
0.853,0.4555,0.9175000000000001,0.006820321318700818,0.013640642637401636
0.853,0.4555,0.934,0.006894112819022035,0.01378822563804407
0.853,0.4555,0.9505,0.006967995236912067,0.013935990473824133
0.853,0.4555,0.9670000000000001,0.007041943545230835,0.01408388709046167
0.853,0.4555,0.9835,0.007115934548243673,0.014231869096487345
0.853,0.4555,1.0,0.0071899467335419685,0.014379893467083937
0.853,0.47200000000000003,0.01,0.03591837332841982,0.07183674665683965
0.853,0.47200000000000003,0.026500000000000003,0.019979258518631415,0.03995851703726283
0.853,0.47200000000000003,0.043000000000000003,0.014386748977865191,0.028773497955730382
0.853,0.47200000000000003,0.059500000000000004,0.011485701123985748,0.022971402247971496
0.853,0.47200000000000003,0.076,0.009704269338006779,0.019408538676013557
0.853,0.47200000000000003,0.0925,0.008504160421133434,0.017008320842266868
0.853,0.47200000000000003,0.109,0.007648070559988859,0.015296141119977718
0.853,0.47200000000000003,0.1255,0.00701393385947321,0.01402786771894642
0.853,0.47200000000000003,0.14200000000000002,0.0065320353962235525,0.013064070792447105
0.853,0.47200000000000003,0.15850000000000003,0.0061594273618213275,0.012318854723642655
0.853,0.47200000000000003,0.17500000000000002,0.005868090522431712,0.011736181044863424
0.853,0.47200000000000003,0.1915,0.005638905342000354,0.011277810684000708
0.853,0.47200000000000003,0.20800000000000002,0.005458345168472603,0.010916690336945206
0.853,0.47200000000000003,0.22450000000000003,0.005316551736930699,0.010633103473861398
0.853,0.47200000000000003,0.24100000000000002,0.00520615958840047,0.01041231917680094
0.853,0.47200000000000003,0.2575,0.00512154842442607,0.01024309684885214
0.853,0.47200000000000003,0.274,0.005058351131808299,0.010116702263616597
0.853,0.47200000000000003,0.29050000000000004,0.005013120452447885,0.01002624090489577
0.853,0.47200000000000003,0.30700000000000005,0.004983097353059179,0.009966194706118358
0.853,0.47200000000000003,0.3235,0.0049660464627903035,0.009932092925580607
0.853,0.47200000000000003,0.34,0.004960136853151276,0.009920273706302551
0.853,0.47200000000000003,0.35650000000000004,0.004963854153870229,0.009927708307740458
0.853,0.47200000000000003,0.373,0.004975934753454894,0.009951869506909789
0.853,0.47200000000000003,0.3895,0.004995315840384296,0.009990631680768592
0.853,0.47200000000000003,0.406,0.005021096987799897,0.010042193975599793
0.853,0.47200000000000003,0.42250000000000004,0.005052510272027082,0.010105020544054164
0.853,0.47200000000000003,0.43900000000000006,0.005088896783086438,0.010177793566172875
0.853,0.47200000000000003,0.4555,0.0051296879806126214,0.010259375961225243
0.853,0.47200000000000003,0.47200000000000003,0.005174390763426003,0.010348781526852006
0.853,0.47200000000000003,0.48850000000000005,0.005222575414362302,0.010445150828724605
0.853,0.47200000000000003,0.505,0.005273865792207898,0.010547731584415796
0.853,0.47200000000000003,0.5215000000000001,0.005327931295168148,0.010655862590336296
0.853,0.47200000000000003,0.538,0.005384480232288343,0.010768960464576685
0.853,0.47200000000000003,0.5545,0.005443254322343198,0.010886508644686396
0.853,0.47200000000000003,0.5710000000000001,0.0055040241019820545,0.011008048203964109
0.853,0.47200000000000003,0.5875,0.005566585072013776,0.011133170144027552
0.853,0.47200000000000003,0.6040000000000001,0.005630754446648768,0.011261508893297537
0.853,0.47200000000000003,0.6205,0.0056963683981619,0.0113927367963238
0.853,0.47200000000000003,0.637,0.005763279710865338,0.011526559421730675
0.853,0.47200000000000003,0.6535000000000001,0.005831355775010683,0.011662711550021366
0.853,0.47200000000000003,0.67,0.005900476864393412,0.011800953728786824
0.853,0.47200000000000003,0.6865,0.005970534651837711,0.011941069303675422
0.853,0.47200000000000003,0.7030000000000001,0.006041430925029767,0.012082861850059533
0.853,0.47200000000000003,0.7195,0.006113076471788231,0.012226152943576462
0.853,0.47200000000000003,0.736,0.0061853901092200755,0.012370780218440151
0.853,0.47200000000000003,0.7525000000000001,0.006258297835513123,0.012516595671026245
0.853,0.47200000000000003,0.769,0.006331732086646671,0.012663464173293342
0.853,0.47200000000000003,0.7855000000000001,0.006405631083166124,0.012811262166332249
0.853,0.47200000000000003,0.802,0.006479938254533197,0.012959876509066394
0.853,0.47200000000000003,0.8185,0.006554601730497646,0.013109203460995292
0.853,0.47200000000000003,0.8350000000000001,0.006629573890563137,0.013259147781126274
0.853,0.47200000000000003,0.8515,0.006704810963937582,0.013409621927875164
0.853,0.47200000000000003,0.8680000000000001,0.006780272673495008,0.013560545346990017
0.853,0.47200000000000003,0.8845000000000001,0.006855921918197207,0.013711843836394413
0.853,0.47200000000000003,0.901,0.006931724489214072,0.013863448978428144
0.853,0.47200000000000003,0.9175000000000001,0.007007648815647106,0.014015297631294213
0.853,0.47200000000000003,0.934,0.007083665736316285,0.01416733147263257
0.853,0.47200000000000003,0.9505,0.0071597482945467555,0.014319496589093511
0.853,0.47200000000000003,0.9670000000000001,0.007235871553301396,0.014471743106602791
0.853,0.47200000000000003,0.9835,0.007312012428343688,0.014624024856687377
0.853,0.47200000000000003,1.0,0.007388149537417242,0.014776299074834484
0.853,0.48850000000000005,0.01,0.03686859450568691,0.07373718901137381
0.853,0.48850000000000005,0.026500000000000003,0.020744490861009657,0.041488981722019314
0.853,0.48850000000000005,0.043000000000000003,0.014922722226970607,0.029845444453941213
0.853,0.48850000000000005,0.059500000000000004,0.011882260712476196,0.023764521424952393
0.853,0.48850000000000005,0.076,0.010013365243050774,0.020026730486101547
0.853,0.48850000000000005,0.0925,0.00875568544515135,0.0175113708903027
0.853,0.48850000000000005,0.109,0.007860219106970432,0.015720438213940865
0.853,0.48850000000000005,0.1255,0.0071983778455853836,0.014396755691170767
0.853,0.48850000000000005,0.14200000000000002,0.006696596316450536,0.013393192632901072
0.853,0.48850000000000005,0.15850000000000003,0.006309537120004956,0.012619074240009912
0.853,0.48850000000000005,0.17500000000000002,0.006007634255266756,0.012015268510533512
0.853,0.48850000000000005,0.1915,0.005770730890350777,0.011541461780701553
0.853,0.48850000000000005,0.20800000000000002,0.005584583546311347,0.011169167092622693
0.853,0.48850000000000005,0.22450000000000003,0.005438825698550957,0.010877651397101914
0.853,0.48850000000000005,0.24100000000000002,0.0053257234143325,0.010651446828665
0.853,0.48850000000000005,0.2575,0.005239384033061462,0.010478768066122924
0.853,0.48850000000000005,0.274,0.005175235659505219,0.010350471319010438
0.853,0.48850000000000005,0.29050000000000004,0.005129674722297249,0.010259349444594498
0.853,0.48850000000000005,0.30700000000000005,0.005099821255079563,0.010199642510159127
0.853,0.48850000000000005,0.3235,0.005083345191040714,0.010166690382081428
0.853,0.48850000000000005,0.34,0.005078340641330653,0.010156681282661307
0.853,0.48850000000000005,0.35650000000000004,0.005083233312972916,0.010166466625945832
0.853,0.48850000000000005,0.373,0.005096711264904708,0.010193422529809416
0.853,0.48850000000000005,0.3895,0.005117672389894769,0.010235344779789537
0.853,0.48850000000000005,0.406,0.005145184074430596,0.010290368148861192
0.853,0.48850000000000005,0.42250000000000004,0.005178451853348263,0.010356903706696527
0.853,0.48850000000000005,0.43900000000000006,0.005216794795464257,0.010433589590928515
0.853,0.48850000000000005,0.4555,0.00525962598683183,0.01051925197366366
0.853,0.48850000000000005,0.47200000000000003,0.0053064369173050725,0.010612873834610145
0.853,0.48850000000000005,0.48850000000000005,0.005356784886373721,0.010713569772747442
0.853,0.48850000000000005,0.505,0.005410282766476736,0.010820565532953472
0.853,0.48850000000000005,0.5215000000000001,0.0054665906231598105,0.010933181246319621
0.853,0.48850000000000005,0.538,0.005525408809663693,0.011050817619327385
0.853,0.48850000000000005,0.5545,0.005586472241168892,0.011172944482337783
0.853,0.48850000000000005,0.5710000000000001,0.005649545619562549,0.011299091239125097
0.853,0.48850000000000005,0.5875,0.005714419429185629,0.011428838858371258
0.853,0.48850000000000005,0.6040000000000001,0.005780906561846727,0.011561813123693454
0.853,0.48850000000000005,0.6205,0.005848839458452003,0.011697678916904005
0.853,0.48850000000000005,0.637,0.00591806767711966,0.01183613535423932
0.853,0.48850000000000005,0.6535000000000001,0.005988455815212803,0.011976911630425606
0.853,0.48850000000000005,0.67,0.006059881726532004,0.012119763453064009
0.853,0.48850000000000005,0.6865,0.006132234985809876,0.012264469971619752
0.853,0.48850000000000005,0.7030000000000001,0.00620541556134018,0.01241083112268036
0.853,0.48850000000000005,0.7195,0.0062793326635122385,0.012558665327024477
0.853,0.48850000000000005,0.736,0.006353903742616334,0.012707807485232668
0.853,0.48850000000000005,0.7525000000000001,0.006429053613794974,0.012858107227589947
0.853,0.48850000000000005,0.769,0.006504713690699788,0.013009427381399576
0.853,0.48850000000000005,0.7855000000000001,0.006580821312407356,0.013161642624814712
0.853,0.48850000000000005,0.802,0.006657319150607188,0.013314638301214377
0.853,0.48850000000000005,0.8185,0.006734154686111683,0.013468309372223366
0.853,0.48850000000000005,0.8350000000000001,0.0068112797454043025,0.013622559490808605
0.853,0.48850000000000005,0.8515,0.0068886500893468984,0.013777300178693797
0.853,0.48850000000000005,0.8680000000000001,0.0069662250473222255,0.013932450094644451
0.853,0.48850000000000005,0.8845000000000001,0.007043967191067093,0.014087934382134185
0.853,0.48850000000000005,0.901,0.007121842043259837,0.014243684086519675
0.853,0.48850000000000005,0.9175000000000001,0.007199817816623673,0.014399635633247346
0.853,0.48850000000000005,0.934,0.007277865179884354,0.014555730359768707
0.853,0.48850000000000005,0.9505,0.007355957047415332,0.014711914094830664
0.853,0.48850000000000005,0.9670000000000001,0.007434068389824628,0.014868136779649255
0.853,0.48850000000000005,0.9835,0.007512176063090072,0.015024352126180144
0.853,0.48850000000000005,1.0,0.007590258654173318,0.015180517308346636
0.853,0.505,0.01,0.037773090408385876,0.07554618081677175
0.853,0.505,0.026500000000000003,0.02154299282015582,0.04308598564031164
0.853,0.505,0.043000000000000003,0.01550438369489982,0.03100876738979964
0.853,0.505,0.059500000000000004,0.012324812330290976,0.024649624660581952
0.853,0.505,0.076,0.010366125951885177,0.020732251903770354
0.853,0.505,0.0925,0.009048046874609304,0.018096093749218608
0.853,0.505,0.109,0.008110441664778908,0.016220883329557817
0.853,0.505,0.1255,0.007418350877763761,0.014836701755527522
0.853,0.505,0.14200000000000002,0.006894384716160578,0.013788769432321156
0.853,0.505,0.15850000000000003,0.006490802982758699,0.012981605965517397
0.853,0.505,0.17500000000000002,0.006176468835900337,0.012352937671800674
0.853,0.505,0.1915,0.0059301628987904545,0.011860325797580909
0.853,0.505,0.20800000000000002,0.005736901648694743,0.011473803297389486
0.853,0.505,0.22450000000000003,0.005585789964845978,0.011171579929691956
0.853,0.505,0.24100000000000002,0.005468707975624218,0.010937415951248437
0.853,0.505,0.2575,0.005379475769311757,0.010758951538623515
0.853,0.505,0.274,0.00531330399421892,0.01062660798843784
0.853,0.505,0.29050000000000004,0.005266421959827921,0.010532843919655843
0.853,0.505,0.30700000000000005,0.005235819525515784,0.010471639051031567
0.853,0.505,0.3235,0.005219063995032288,0.010438127990064576
0.853,0.505,0.34,0.005214167679802442,0.010428335359604884
0.853,0.505,0.35650000000000004,0.005219490442671438,0.010438980885342876
0.853,0.505,0.373,0.005233666864375007,0.010467333728750014
0.853,0.505,0.3895,0.005255551046698682,0.010511102093397364
0.853,0.505,0.406,0.005284174248914917,0.010568348497829835
0.853,0.505,0.42250000000000004,0.005318711996803188,0.010637423993606376
0.853,0.505,0.43900000000000006,0.005358458275444214,0.010716916550888429
0.853,0.505,0.4555,0.005402805083070882,0.010805610166141764
0.853,0.505,0.47200000000000003,0.005451226087036063,0.010902452174072126
0.853,0.505,0.48850000000000005,0.0055032634505804085,0.011006526901160817
0.853,0.505,0.505,0.005558517133631179,0.011117034267262358
0.853,0.505,0.5215000000000001,0.005616636140873116,0.011233272281746231
0.853,0.505,0.538,0.005677311314965437,0.011354622629930875
0.853,0.505,0.5545,0.005740269365146061,0.011480538730292122
0.853,0.505,0.5710000000000001,0.005805267890579621,0.011610535781159241
0.853,0.505,0.5875,0.005872091210017713,0.011744182420035425
0.853,0.505,0.6040000000000001,0.005940546849132171,0.011881093698264343
0.853,0.505,0.6205,0.006010462567435743,0.012020925134871486
0.853,0.505,0.637,0.006081683830373215,0.01216336766074643
0.853,0.505,0.6535000000000001,0.006154071650609461,0.012308143301218922
0.853,0.505,0.67,0.006227500737032497,0.012455001474064994
0.853,0.505,0.6865,0.006301857901429177,0.012603715802858354
0.853,0.505,0.7030000000000001,0.006377040681898663,0.012754081363797326
0.853,0.505,0.7195,0.006452956149338456,0.012905912298676912
0.853,0.505,0.736,0.006529519869199223,0.013059039738398446
0.853,0.505,0.7525000000000001,0.006606654995427091,0.013213309990854181
0.853,0.505,0.769,0.006684291477356562,0.013368582954713123
0.853,0.505,0.7855000000000001,0.006762365363462911,0.013524730726925822
0.853,0.505,0.802,0.0068408181884391525,0.013681636376878305
0.853,0.505,0.8185,0.006919596432198724,0.013839192864397448
0.853,0.505,0.8350000000000001,0.0069986510411401415,0.013997302082280283
0.853,0.505,0.8515,0.007077937003481445,0.01415587400696289
0.853,0.505,0.8680000000000001,0.007157412971670937,0.014314825943341873
0.853,0.505,0.8845000000000001,0.007237040925901411,0.014474081851802822
0.853,0.505,0.901,0.0073167858736061684,0.014633571747212337
0.853,0.505,0.9175000000000001,0.007396615580532454,0.014793231161064908
0.853,0.505,0.934,0.007476500329590154,0.014953000659180309
0.853,0.505,0.9505,0.007556412704194316,0.015112825408388632
0.853,0.505,0.9670000000000001,0.007636327393251936,0.015272654786503873
0.853,0.505,0.9835,0.007716221015312721,0.015432442030625442
0.853,0.505,1.0,0.0077960719597355175,0.015592143919471035
0.853,0.5215000000000001,0.01,0.03862718983030521,0.07725437966061043
0.853,0.5215000000000001,0.026500000000000003,0.022370203637092037,0.044740407274184074
0.853,0.5215000000000001,0.043000000000000003,0.01613004325963691,0.03226008651927382
0.853,0.5215000000000001,0.059500000000000004,0.012812945791670832,0.025625891583341665
0.853,0.5215000000000001,0.076,0.010762681234799891,0.021525362469599782
0.853,0.5215000000000001,0.0925,0.009381588891504318,0.018763177783008636
0.853,0.5215000000000001,0.109,0.00839914865254448,0.01679829730508896
0.853,0.5215000000000001,0.1255,0.0076742608799837755,0.015348521759967551
0.853,0.5215000000000001,0.14200000000000002,0.007125774718298932,0.014251549436597864
0.853,0.5215000000000001,0.15850000000000003,0.006703552256120899,0.013407104512241797
0.853,0.5215000000000001,0.17500000000000002,0.006374870845347415,0.01274974169069483
0.853,0.5215000000000001,0.1915,0.006117427834821811,0.012234855669643621
0.853,0.5215000000000001,0.20800000000000002,0.005915478601380457,0.011830957202760914
0.853,0.5215000000000001,0.22450000000000003,0.005757580018248081,0.011515160036496162
0.853,0.5215000000000001,0.24100000000000002,0.005635209089683334,0.011270418179366668
0.853,0.5215000000000001,0.2575,0.005541883710064278,0.011083767420128557
0.853,0.5215000000000001,0.274,0.005472584178896672,0.010945168357793343
0.853,0.5215000000000001,0.29050000000000004,0.005423361590913669,0.010846723181827339
0.853,0.5215000000000001,0.30700000000000005,0.005391066078520081,0.010782132157040162
0.853,0.5215000000000001,0.3235,0.005373154075675687,0.010746308151351374
0.853,0.5215000000000001,0.34,0.005367548965740951,0.010735097931481903
0.853,0.5215000000000001,0.35650000000000004,0.005372538580717054,0.010745077161434108
0.853,0.5215000000000001,0.373,0.005386698634887234,0.010773397269774467
0.853,0.5215000000000001,0.3895,0.00540883472934043,0.01081766945868086
0.853,0.5215000000000001,0.406,0.005437937864792685,0.01087587572958537
0.853,0.5215000000000001,0.42250000000000004,0.005473149921260902,0.010946299842521804
0.853,0.5215000000000001,0.43900000000000006,0.005513736587891582,0.011027473175783164
0.853,0.5215000000000001,0.4555,0.0055590659285219305,0.011118131857043861
0.853,0.5215000000000001,0.47200000000000003,0.005608591257461926,0.011217182514923853
0.853,0.5215000000000001,0.48850000000000005,0.005661837345287721,0.011323674690575441
0.853,0.5215000000000001,0.505,0.005718389221597246,0.011436778443194491
0.853,0.5215000000000001,0.5215000000000001,0.00577788302075627,0.01155576604151254
0.853,0.5215000000000001,0.538,0.005839998447932914,0.011679996895865827
0.853,0.5215000000000001,0.5545,0.005904452539938545,0.01180890507987709
0.853,0.5215000000000001,0.5710000000000001,0.005970994468139645,0.01194198893627929
0.853,0.5215000000000001,0.5875,0.006039401185628626,0.012078802371257252
0.853,0.5215000000000001,0.6040000000000001,0.0061094737626787386,0.012218947525357477
0.853,0.5215000000000001,0.6205,0.006181034286634267,0.012362068573268534
0.853,0.5215000000000001,0.637,0.00625392322724779,0.01250784645449558
0.853,0.5215000000000001,0.6535000000000001,0.006327997187855208,0.012655994375710416
0.853,0.5215000000000001,0.67,0.006403126977984291,0.012806253955968582
0.853,0.5215000000000001,0.6865,0.006479195955009138,0.012958391910018276
0.853,0.5215000000000001,0.7030000000000001,0.006556098592003595,0.01311219718400719
0.853,0.5215000000000001,0.7195,0.006633739236583548,0.013267478473167097
0.853,0.5215000000000001,0.736,0.006712031031659485,0.01342406206331897
0.853,0.5215000000000001,0.7525000000000001,0.006790894973975471,0.013581789947950942
0.853,0.5215000000000001,0.769,0.006870259090340771,0.013740518180681543
0.853,0.5215000000000001,0.7855000000000001,0.00695005771473628,0.01390011542947256
0.853,0.5215000000000001,0.802,0.0070302308521811505,0.014060461704362301
0.853,0.5215000000000001,0.8185,0.007110723617449195,0.01422144723489839
0.853,0.5215000000000001,0.8350000000000001,0.00719148573856714,0.01438297147713428
0.853,0.5215000000000001,0.8515,0.007272471116539499,0.014544942233078999
0.853,0.5215000000000001,0.8680000000000001,0.007353637434019088,0.014707274868038175
0.853,0.5215000000000001,0.8845000000000001,0.0074349458066918835,0.014869891613383767
0.853,0.5215000000000001,0.901,0.0075163604720506596,0.015032720944101319
0.853,0.5215000000000001,0.9175000000000001,0.00759784851095477,0.01519569702190954
0.853,0.5215000000000001,0.934,0.007679379598039202,0.015358759196078405
0.853,0.5215000000000001,0.9505,0.0077609257775365014,0.015521851555073003
0.853,0.5215000000000001,0.9670000000000001,0.007842461261561852,0.015684922523123705
0.853,0.5215000000000001,0.9835,0.007923962248277685,0.01584792449655537
0.853,0.5215000000000001,1.0,0.00800540675770037,0.01601081351540074
0.853,0.538,0.01,0.039427268262145064,0.07885453652429013
0.853,0.538,0.026500000000000003,0.023220953435371464,0.04644190687074293
0.853,0.538,0.043000000000000003,0.01679728715259267,0.03359457430518534
0.853,0.538,0.059500000000000004,0.013345643788954904,0.026691287577909808
0.853,0.538,0.076,0.011202671810598787,0.022405343621197574
0.853,0.538,0.0925,0.00975626067634743,0.01951252135269486
0.853,0.538,0.109,0.008726428079715349,0.017452856159430697
0.853,0.538,0.1255,0.007966249749749774,0.01593249949949955
0.853,0.538,0.14200000000000002,0.007390918852621548,0.014781837705243096
0.853,0.538,0.15850000000000003,0.006947926208322758,0.013895852416645515
0.853,0.538,0.17500000000000002,0.006602959681760137,0.013205919363520275
0.853,0.538,0.1915,0.00633261869435382,0.01266523738870764
0.853,0.538,0.20800000000000002,0.006120379757277187,0.012240759514554373
0.853,0.538,0.22450000000000003,0.005954234091126463,0.011908468182252926
0.853,0.538,0.24100000000000002,0.0058252393000380225,0.011650478600076045
0.853,0.538,0.2575,0.005726596568885934,0.011453193137771867
0.853,0.538,0.274,0.005653043110954646,0.011306086221909291
0.853,0.538,0.29050000000000004,0.005600440713682695,0.01120088142736539
0.853,0.538,0.30700000000000005,0.0055654901508267645,0.011130980301653529
0.853,0.538,0.3235,0.005545528625970067,0.011091057251940133
0.853,0.538,0.34,0.005538383328301686,0.011076766656603372
0.853,0.538,0.35650000000000004,0.005542263730664238,0.011084527461328476
0.853,0.538,0.373,0.005555681154754813,0.011111362309509626
0.853,0.538,0.3895,0.005577387861181681,0.011154775722363362
0.853,0.538,0.406,0.005606330340409143,0.011212660680818286
0.853,0.538,0.42250000000000004,0.005641613079990887,0.011283226159981775
0.853,0.538,0.43900000000000006,0.005682470161217689,0.011364940322435377
0.853,0.538,0.4555,0.005728242777017635,0.01145648555403527
0.853,0.538,0.47200000000000003,0.0057783612772684834,0.011556722554536967
0.853,0.538,0.48850000000000005,0.005832330710939997,0.011664661421879994
0.853,0.538,0.505,0.005889719094483147,0.011779438188966294
0.853,0.538,0.5215000000000001,0.005950147824261819,0.011900295648523638
0.853,0.538,0.538,0.0060132837888737115,0.012026567577747423
0.853,0.538,0.5545,0.006078832839455515,0.01215766567891103
0.853,0.538,0.5710000000000001,0.006146534352550684,0.012293068705101369
0.853,0.538,0.5875,0.006216156677851948,0.012432313355703896
0.853,0.538,0.6040000000000001,0.006287493307109818,0.012574986614219637
0.853,0.538,0.6205,0.006360359634246576,0.012720719268493151
0.853,0.538,0.637,0.0064345902028367105,0.012869180405673421
0.853,0.538,0.6535000000000001,0.006510036357468366,0.013020072714936732
0.853,0.538,0.67,0.006586564231461395,0.01317312846292279
0.853,0.538,0.6865,0.0066640530160358424,0.013328106032071685
0.853,0.538,0.7030000000000001,0.006742393466037943,0.013484786932075886
0.853,0.538,0.7195,0.006821486605337177,0.013642973210674354
0.853,0.538,0.736,0.006901242601446743,0.013802485202893486
0.853,0.538,0.7525000000000001,0.006981579784110545,0.01396315956822109
0.853,0.538,0.769,0.007062423786826983,0.014124847573653966
0.853,0.538,0.7855000000000001,0.00714370679371361,0.01428741358742722
0.853,0.538,0.802,0.007225366876945667,0.014450733753891333
0.853,0.538,0.8185,0.007307347412315492,0.014614694824630984
0.853,0.538,0.8350000000000001,0.007389596562387026,0.014779193124774052
0.853,0.538,0.8515,0.0074720668183026525,0.014944133636605305
0.853,0.538,0.8680000000000001,0.007554714592631649,0.015109429185263298
0.853,0.538,0.8845000000000001,0.007637499856759968,0.015274999713519937
0.853,0.538,0.901,0.007720385817242574,0.015440771634485147
0.853,0.538,0.9175000000000001,0.007803338626333354,0.015606677252666708
0.853,0.538,0.934,0.007886327122562339,0.015772654245124678
0.853,0.538,0.9505,0.007969322597789931,0.015938645195579863
0.853,0.538,0.9670000000000001,0.008052298587650886,0.01610459717530177
0.853,0.538,0.9835,0.008135230682696615,0.01627046136539323
0.853,0.538,1.0,0.00821809635790021,0.01643619271580042
0.853,0.5545,0.01,0.040170773274840366,0.08034154654968073
0.853,0.5545,0.026500000000000003,0.02408959181215485,0.0481791836243097
0.853,0.5545,0.043000000000000003,0.017503005830620415,0.03500601166124083
0.853,0.5545,0.059500000000000004,0.013921274408281887,0.027842548816563773
0.853,0.5545,0.076,0.011685232105205952,0.023370464210411904
0.853,0.5545,0.0925,0.010171597946113666,0.02034319589222733
0.853,0.5545,0.109,0.009092028527411823,0.018184057054823646
0.853,0.5545,0.1255,0.008294178415605103,0.016588356831210207
0.853,0.5545,0.14200000000000002,0.0076897351307376426,0.015379470261475285
0.853,0.5545,0.15850000000000003,0.007223868895722762,0.014447737791445524
0.853,0.5545,0.17500000000000002,0.006860687837727166,0.013721375675454332
0.853,0.5545,0.1915,0.006575686457695548,0.013151372915391096
0.853,0.5545,0.20800000000000002,0.006351549101314194,0.012703098202628388
0.853,0.5545,0.22450000000000003,0.006175686332426845,0.01235137266485369
0.853,0.5545,0.24100000000000002,0.006038721654905495,0.01207744330981099
0.853,0.5545,0.2575,0.00593352596743299,0.01186705193486598
0.853,0.5545,0.274,0.00585458121215101,0.01170916242430202
0.853,0.5545,0.29050000000000004,0.005797549092073851,0.011595098184147702
0.853,0.5545,0.30700000000000005,0.005758971559654301,0.011517943119308602
0.853,0.5545,0.3235,0.005736058306065749,0.011472116612131497
0.853,0.5545,0.34,0.005726533083215161,0.011453066166430322
0.853,0.5545,0.35650000000000004,0.005728520665905744,0.011457041331811487
0.853,0.5545,0.373,0.00574046242691721,0.01148092485383442
0.853,0.5545,0.3895,0.005761052405606617,0.011522104811213234
0.853,0.5545,0.406,0.005789188284312101,0.011578376568624201
0.853,0.5545,0.42250000000000004,0.0058239333635599945,0.011647866727119989
0.853,0.5545,0.43900000000000006,0.005864486757474816,0.011728973514949632
0.853,0.5545,0.4555,0.005910159805935823,0.011820319611871646
0.853,0.5545,0.47200000000000003,0.005960357239857455,0.01192071447971491
0.853,0.5545,0.48850000000000005,0.006014562017358632,0.012029124034717264
0.853,0.5545,0.505,0.006072323021595129,0.012144646043190257
0.853,0.5545,0.5215000000000001,0.006133245008862207,0.012266490017724414
0.853,0.5545,0.538,0.006196980340568825,0.01239396068113765
0.853,0.5545,0.5545,0.006263222140079332,0.012526444280158665
0.853,0.5545,0.5710000000000001,0.006331698595743465,0.01266339719148693
0.853,0.5545,0.5875,0.00640216819208698,0.01280433638417396
0.853,0.5545,0.6040000000000001,0.0064744156973103725,0.012948831394620745
0.853,0.5545,0.6205,0.006548248770698373,0.013096497541396745
0.853,0.5545,0.637,0.006623495080966358,0.013246990161932716
0.853,0.5545,0.6535000000000001,0.006699999847945516,0.013399999695891032
0.853,0.5545,0.67,0.006777623736763208,0.013555247473526415
0.853,0.5545,0.6865,0.006856241046927461,0.013712482093854922
0.853,0.5545,0.7030000000000001,0.0069357381492276046,0.013871476298455209
0.853,0.5545,0.7195,0.007016012131776312,0.014032024263552625
0.853,0.5545,0.736,0.0070969696232625135,0.014193939246525027
0.853,0.5545,0.7525000000000001,0.007178525766946574,0.014357051533893148
0.853,0.5545,0.769,0.0072606033233472275,0.014521206646694455
0.853,0.5545,0.7855000000000001,0.007343131883190531,0.014686263766381063
0.853,0.5545,0.802,0.0074260471751370315,0.014852094350274063
0.853,0.5545,0.8185,0.00750929045525231,0.01501858091050462
0.853,0.5545,0.8350000000000001,0.007592807967185779,0.015185615934371559
0.853,0.5545,0.8515,0.007676550463699257,0.015353100927398514
0.853,0.5545,0.8680000000000001,0.007760472781574394,0.015520945563148788
0.853,0.5545,0.8845000000000001,0.007844533463086792,0.015689066926173584
0.853,0.5545,0.901,0.00792869441822134,0.01585738883644268
0.853,0.5545,0.9175000000000001,0.008012920622604754,0.016025841245209508
0.853,0.5545,0.934,0.008097179846843534,0.016194359693687068
0.853,0.5545,0.9505,0.008181442413529897,0.016362884827059793
0.853,0.5545,0.9670000000000001,0.00826568097868171,0.01653136195736342
0.853,0.5545,0.9835,0.008349870334804842,0.016699740669609685
0.853,0.5545,1.0,0.008433987233136438,0.016867974466272875
0.853,0.5710000000000001,0.01,0.04085620319665324,0.08171240639330649
0.853,0.5710000000000001,0.026500000000000003,0.024970136956097247,0.049940273912194494
0.853,0.5710000000000001,0.043000000000000003,0.01824344732123433,0.03648689464246866
0.853,0.5710000000000001,0.059500000000000004,0.014537602170818521,0.029075204341637042
0.853,0.5710000000000001,0.076,0.01220898591877578,0.02441797183755156
0.853,0.5710000000000001,0.0925,0.010626713653070012,0.021253427306140025
0.853,0.5710000000000001,0.109,0.009495348816113115,0.01899069763222623
0.853,0.5710000000000001,0.1255,0.008657616912408548,0.017315233824817096
0.853,0.5710000000000001,0.14200000000000002,0.008021897984836922,0.016043795969673844
0.853,0.5710000000000001,0.15850000000000003,0.007531119035157359,0.015062238070314718
0.853,0.5710000000000001,0.17500000000000002,0.007147833633257577,0.014295667266515153
0.853,0.5710000000000001,0.1915,0.006846433566723463,0.013692867133446926
0.853,0.5710000000000001,0.20800000000000002,0.006608803352088688,0.013217606704177376
0.853,0.5710000000000001,0.22450000000000003,0.006421761425773136,0.012843522851546272
0.853,0.5710000000000001,0.24100000000000002,0.006275484749637209,0.012550969499274417
0.853,0.5710000000000001,0.2575,0.00616250182588696,0.01232500365177392
0.853,0.5710000000000001,0.274,0.0060770281046597764,0.012154056209319553
0.853,0.5710000000000001,0.29050000000000004,0.006014515067014292,0.012029030134028585
0.853,0.5710000000000001,0.30700000000000005,0.0059713368081864135,0.011942673616372827
0.853,0.5710000000000001,0.3235,0.005944567510142903,0.011889135020285806
0.853,0.5710000000000001,0.34,0.005931820434520173,0.011863640869040347
0.853,0.5710000000000001,0.35650000000000004,0.0059311294448199025,0.011862258889639805
0.853,0.5710000000000001,0.373,0.005940860490154265,0.01188172098030853
0.853,0.5710000000000001,0.3895,0.005959644559237714,0.011919289118475429
0.853,0.5710000000000001,0.406,0.005986326259037523,0.011972652518075047
0.853,0.5710000000000001,0.42250000000000004,0.006019923924871762,0.012039847849743523
0.853,0.5710000000000001,0.43900000000000006,0.006059598351040897,0.012119196702081794
0.853,0.5710000000000001,0.4555,0.006104628042297914,0.012209256084595829
0.853,0.5710000000000001,0.47200000000000003,0.006154389451738394,0.012308778903476788
0.853,0.5710000000000001,0.48850000000000005,0.006208341070218112,0.012416682140436223
0.853,0.5710000000000001,0.505,0.006266010518516134,0.012532021037032269
0.853,0.5710000000000001,0.5215000000000001,0.006326984000853271,0.012653968001706543
0.853,0.5710000000000001,0.538,0.0063908976304125585,0.012781795260825117
0.853,0.5710000000000001,0.5545,0.006457430250149892,0.012914860500299784
0.853,0.5710000000000001,0.5710000000000001,0.006526297456443227,0.013052594912886455
0.853,0.5710000000000001,0.5875,0.006597246596766234,0.013194493193532468
0.853,0.5710000000000001,0.6040000000000001,0.006670052561021727,0.013340105122043453
0.853,0.5710000000000001,0.6205,0.0067445142233792344,0.013489028446758469
0.853,0.5710000000000001,0.637,0.006820451420243344,0.013640902840486689
0.853,0.5710000000000001,0.6535000000000001,0.006897702372410309,0.013795404744820617
0.853,0.5710000000000001,0.67,0.0069761214770643525,0.013952242954128705
0.853,0.5710000000000001,0.6865,0.007055577409165044,0.014111154818330088
0.853,0.5710000000000001,0.7030000000000001,0.00713595148281052,0.01427190296562104
0.853,0.5710000000000001,0.7195,0.007217136231986603,0.014434272463973207
0.853,0.5710000000000001,0.736,0.007299034177200033,0.014598068354400065
0.853,0.5710000000000001,0.7525000000000001,0.0073815567502093435,0.014763113500418687
0.853,0.5710000000000001,0.769,0.007464623353727205,0.01492924670745441
0.853,0.5710000000000001,0.7855000000000001,0.007548160536748361,0.015096321073496722
0.853,0.5710000000000001,0.802,0.007632101269265729,0.015264202538531458
0.853,0.5710000000000001,0.8185,0.007716384302689201,0.015432768605378401
0.853,0.5710000000000001,0.8350000000000001,0.007800953604399848,0.015601907208799696
0.853,0.5710000000000001,0.8515,0.007885757856620336,0.01577151571324067
0.853,0.5710000000000001,0.8680000000000001,0.007970750011234892,0.015941500022469784
0.853,0.5710000000000001,0.8845000000000001,0.008055886893424615,0.01611177378684923
0.853,0.5710000000000001,0.901,0.008141128847996476,0.016282257695992952
0.853,0.5710000000000001,0.9175000000000001,0.008226439423148662,0.016452878846297325
0.853,0.5710000000000001,0.934,0.008311785087140781,0.016623570174281562
0.853,0.5710000000000001,0.9505,0.00839713497395825,0.0167942699479165
0.853,0.5710000000000001,0.9670000000000001,0.008482460654574028,0.016964921309148055
0.853,0.5710000000000001,0.9835,0.00856773593086549,0.01713547186173098
0.853,0.5710000000000001,1.0,0.008652936649619926,0.01730587329923985
0.853,0.5875,0.01,0.04148304603320499,0.08296609206640998
0.853,0.5875,0.026500000000000003,0.025856437329681858,0.051712874659363715
0.853,0.5875,0.043000000000000003,0.019014294561197652,0.038028589122395304
0.853,0.5875,0.059500000000000004,0.015191818151145757,0.030383636302291513
0.853,0.5875,0.076,0.012772055918140693,0.025544111836281386
0.853,0.5875,0.0925,0.01112029868673687,0.02224059737347374
0.853,0.5875,0.109,0.009935435041602044,0.019870870083204088
0.853,0.5875,0.1255,0.009055840004237934,0.018111680008475867
0.853,0.5875,0.14200000000000002,0.00838683347593553,0.01677366695187106
0.853,0.5875,0.15850000000000003,0.007869205231933457,0.015738410463866915
0.853,0.5875,0.17500000000000002,0.007463996639321811,0.014927993278643623
0.853,0.5875,0.1915,0.007144509600735002,0.014289019201470004
0.853,0.5875,0.20800000000000002,0.006891827893150945,0.01378365578630189
0.853,0.5875,0.22450000000000003,0.006692170756734543,0.013384341513469086
0.853,0.5875,0.24100000000000002,0.006535259102699662,0.013070518205399324
0.853,0.5875,0.2575,0.00641326891942058,0.01282653783884116
0.853,0.5875,0.274,0.006320139321807745,0.01264027864361549
0.853,0.5875,0.29050000000000004,0.00625110239833962,0.01250220479667924
0.853,0.5875,0.30700000000000005,0.006202356038910469,0.012404712077820937
0.853,0.5875,0.3235,0.00617083141453299,0.01234166282906598
0.853,0.5875,0.34,0.006154024603605771,0.012308049207211543
0.853,0.5875,0.35650000000000004,0.0061498726092516975,0.012299745218503395
0.853,0.5875,0.373,0.006156660677526501,0.012313321355053001
0.853,0.5875,0.3895,0.006172952062524668,0.012345904125049337
0.853,0.5875,0.406,0.006197534137410517,0.012395068274821034
0.853,0.5875,0.42250000000000004,0.006229376575879597,0.012458753151759193
0.853,0.5875,0.43900000000000006,0.006267598561371387,0.012535197122742774
0.853,0.5875,0.4555,0.006311442827951481,0.012622885655902963
0.853,0.5875,0.47200000000000003,0.006360254927160377,0.012720509854320754
0.853,0.5875,0.48850000000000005,0.006413466532652294,0.012826933065304589
0.853,0.5875,0.505,0.006470581893636046,0.012941163787272092
0.853,0.5875,0.5215000000000001,0.00653116676510097,0.01306233353020194
0.853,0.5875,0.538,0.006594839301949822,0.013189678603899644
0.853,0.5875,0.5545,0.0066612625221030295,0.013322525044206059
0.853,0.5875,0.5710000000000001,0.006730138031907424,0.013460276063814848
0.853,0.5875,0.5875,0.006801200773852581,0.013602401547705163
0.853,0.5875,0.6040000000000001,0.006874214607387867,0.013748429214775733
0.853,0.5875,0.6205,0.006948968572635571,0.013897937145271141
0.853,0.5875,0.637,0.007025273716979599,0.014050547433959198
0.853,0.5875,0.6535000000000001,0.0071029603880334346,0.014205920776066869
0.853,0.5875,0.67,0.007181875914951278,0.014363751829902556
0.853,0.5875,0.6865,0.007261882614621879,0.014523765229243759
0.853,0.5875,0.7030000000000001,0.007342856070871973,0.014685712141743947
0.853,0.5875,0.7195,0.007424683644060321,0.014849367288120642
0.853,0.5875,0.736,0.007507263175884972,0.015014526351769943
0.853,0.5875,0.7525000000000001,0.007590501860228757,0.015181003720457513
0.853,0.5875,0.769,0.0076743152557591,0.0153486305115182
0.853,0.5875,0.7855000000000001,0.007758626419958654,0.015517252839917308
0.853,0.5875,0.802,0.007843365147543925,0.01568673029508785
0.853,0.5875,0.8185,0.00792846729889247,0.01585693459778494
0.853,0.5875,0.8350000000000001,0.008013874206333598,0.016027748412667197
0.853,0.5875,0.8515,0.008099532147983238,0.016199064295966476
0.853,0.5875,0.8680000000000001,0.008185391880347045,0.01637078376069409
0.853,0.5875,0.8845000000000001,0.008271408222187695,0.01654281644437539
0.853,0.5875,0.901,0.008357539683228738,0.016715079366457476
0.853,0.5875,0.9175000000000001,0.008443748132180453,0.016887496264360907
0.853,0.5875,0.934,0.008529998499317806,0.017059996998635613
0.853,0.5875,0.9505,0.008616258509509362,0.017232517019018723
0.853,0.5875,0.9670000000000001,0.008702498442127341,0.017404996884254682
0.853,0.5875,0.9835,0.008788690914749374,0.017577381829498747
0.853,0.5875,1.0,0.008874810687956439,0.017749621375912877
0.853,0.6040000000000001,0.01,0.04205168742160302,0.08410337484320604
0.853,0.6040000000000001,0.026500000000000003,0.026742337049206047,0.053484674098412094
0.853,0.6040000000000001,0.043000000000000003,0.01981076362037839,0.03962152724075678
0.853,0.6040000000000001,0.059500000000000004,0.015880588649893643,0.03176117729978729
0.853,0.6040000000000001,0.076,0.01337208721538678,0.02674417443077356
0.853,0.6040000000000001,0.0925,0.011650633013267487,0.023301266026534973
0.853,0.6040000000000001,0.109,0.01041098539859486,0.02082197079718972
0.853,0.6040000000000001,0.1255,0.00948782871021942,0.01897565742043884
0.853,0.6040000000000001,0.14200000000000002,0.008783719058065138,0.017567438116130277
0.853,0.6040000000000001,0.15850000000000003,0.008237444789140088,0.016474889578280177
0.853,0.6040000000000001,0.17500000000000002,0.007808595967370307,0.015617191934740614
0.853,0.6040000000000001,0.1915,0.0074694092857534025,0.014938818571506805
0.853,0.6040000000000001,0.20800000000000002,0.0072001746359702645,0.014400349271940529
0.853,0.6040000000000001,0.22450000000000003,0.006986510204875515,0.01397302040975103
0.853,0.6040000000000001,0.24100000000000002,0.006817674919329495,0.01363534983865899
0.853,0.6040000000000001,0.2575,0.00668548463720842,0.01337096927441684
0.853,0.6040000000000001,0.274,0.006583594075409781,0.013167188150819562
0.853,0.6040000000000001,0.29050000000000004,0.006507008047205121,0.013014016094410242
0.853,0.6040000000000001,0.30700000000000005,0.006451740834298082,0.012903481668596164
0.853,0.6040000000000001,0.3235,0.006414573797851487,0.012829147595702974
0.853,0.6040000000000001,0.34,0.0063928796688756135,0.012785759337751227
0.853,0.6040000000000001,0.35650000000000004,0.006384493043217457,0.012768986086434914
0.853,0.6040000000000001,0.373,0.006387613493370193,0.012775226986740386
0.853,0.6040000000000001,0.3895,0.006400732094189888,0.012801464188379776
0.853,0.6040000000000001,0.406,0.0064225750136152615,0.012845150027230523
0.853,0.6040000000000001,0.42250000000000004,0.006452059714511651,0.012904119429023302
0.853,0.6040000000000001,0.43900000000000006,0.0064882605950926575,0.012976521190185315
0.853,0.6040000000000001,0.4555,0.006530381776231481,0.013060763552462962
0.853,0.6040000000000001,0.47200000000000003,0.006577735358823119,0.013155470717646238
0.853,0.6040000000000001,0.48850000000000005,0.006629723909578443,0.013259447819156885
0.853,0.6040000000000001,0.505,0.006685826245719142,0.013371652491438284
0.853,0.6040000000000001,0.5215000000000001,0.006745585815543765,0.01349117163108753
0.853,0.6040000000000001,0.538,0.006808601138055802,0.013617202276111604
0.853,0.6040000000000001,0.5545,0.006874517888113053,0.013749035776226106
0.853,0.6040000000000001,0.5710000000000001,0.006943022305852182,0.013886044611704364
0.853,0.6040000000000001,0.5875,0.0070138356788988325,0.014027671357797665
0.853,0.6040000000000001,0.6040000000000001,0.007086709699022817,0.014173419398045634
0.853,0.6040000000000001,0.6205,0.007161422535740071,0.014322845071480142
0.853,0.6040000000000001,0.637,0.007237775500976132,0.014475551001952264
0.853,0.6040000000000001,0.6535000000000001,0.007315590203552924,0.014631180407105848
0.853,0.6040000000000001,0.67,0.007394706111612547,0.014789412223225095
0.853,0.6040000000000001,0.6865,0.007474978456365719,0.014949956912731438
0.853,0.6040000000000001,0.7030000000000001,0.007556276422711871,0.015112552845423743
0.853,0.6040000000000001,0.7195,0.007638481581977835,0.01527696316395567
0.853,0.6040000000000001,0.736,0.007721486529830983,0.015442973059661967
0.853,0.6040000000000001,0.7525000000000001,0.0078051936987313985,0.015610387397462797
0.853,0.6040000000000001,0.769,0.007889514319395753,0.015779028638791506
0.853,0.6040000000000001,0.7855000000000001,0.007974367509941219,0.015948735019882438
0.853,0.6040000000000001,0.802,0.008059679474779181,0.016119358949558363
0.853,0.6040000000000001,0.8185,0.008145382798165807,0.016290765596331615
0.853,0.6040000000000001,0.8350000000000001,0.008231415819633195,0.01646283163926639
0.853,0.6040000000000001,0.8515,0.008317722080457009,0.016635444160914017
0.853,0.6040000000000001,0.8680000000000001,0.00840424983193607,0.01680849966387214
0.853,0.6040000000000001,0.8845000000000001,0.008490951597592526,0.01698190319518505
0.853,0.6040000000000001,0.901,0.008577783782540182,0.017155567565080364
0.853,0.6040000000000001,0.9175000000000001,0.008664706324209384,0.01732941264841877
0.853,0.6040000000000001,0.934,0.00875168237942934,0.01750336475885868
0.853,0.6040000000000001,0.9505,0.008838678043541224,0.017677356087082447
0.853,0.6040000000000001,0.9670000000000001,0.00892566209779482,0.01785132419558964
0.853,0.6040000000000001,0.9835,0.009012605781776532,0.018025211563553065
0.853,0.6040000000000001,1.0,0.009099482588031694,0.018198965176063387
0.853,0.6205,0.01,0.042563297146410946,0.08512659429282189
0.853,0.6205,0.026500000000000003,0.02762183601770103,0.05524367203540206
0.853,0.6205,0.043000000000000003,0.020627718276488505,0.04125543655297701
0.853,0.6205,0.059500000000000004,0.016600120805929958,0.033200241611859915
0.853,0.6205,0.076,0.014006284581785287,0.028012569163570575
0.853,0.6205,0.0925,0.012215607228280216,0.02443121445656043
0.853,0.6205,0.109,0.010920362910698336,0.02184072582139667
0.853,0.6205,0.1255,0.009952277886125021,0.019904555772250043
0.853,0.6205,0.14200000000000002,0.00921148804523447,0.01842297609046894
0.853,0.6205,0.15850000000000003,0.008634946225674952,0.017269892451349904
0.853,0.6205,0.17500000000000002,0.008180871529900607,0.016361743059801214
0.853,0.6205,0.1915,0.007820472921061753,0.015640945842123506
0.853,0.6205,0.20800000000000002,0.007533261879399782,0.015066523758799563
0.853,0.6205,0.22450000000000003,0.0073042596090034505,0.014608519218006901
0.853,0.6205,0.24100000000000002,0.007122261277241239,0.014244522554482478
0.853,0.6205,0.2575,0.006978717966406027,0.013957435932812054
0.853,0.6205,0.274,0.006866994091920965,0.01373398818384193
0.853,0.6205,0.29050000000000004,0.006781860902483827,0.013563721804967654
0.853,0.6205,0.30700000000000005,0.006719142860830435,0.01343828572166087
0.853,0.6205,0.3235,0.006675465622678421,0.013350931245356842
0.853,0.6205,0.34,0.006648073099972816,0.013296146199945631
0.853,0.6205,0.35650000000000004,0.006634692470908915,0.01326938494181783
0.853,0.6205,0.373,0.006633433083674835,0.01326686616734967
0.853,0.6205,0.3895,0.006642709720646462,0.013285419441292924
0.853,0.6205,0.406,0.0066611836368858915,0.013322367273771783
0.853,0.6205,0.42250000000000004,0.006687716746789978,0.013375433493579955
0.853,0.6205,0.43900000000000006,0.006721335659885943,0.013442671319771886
0.853,0.6205,0.4555,0.006761203180311101,0.013522406360622201
0.853,0.6205,0.47200000000000003,0.006806595522908558,0.013613191045817116
0.853,0.6205,0.48850000000000005,0.006856883951233025,0.01371376790246605
0.853,0.6205,0.505,0.006911519867459371,0.013823039734918743
0.853,0.6205,0.5215000000000001,0.006970022620033545,0.01394004524006709
0.853,0.6205,0.538,0.007031969468131347,0.014063938936262694
0.853,0.6205,0.5545,0.007096987270542798,0.014193974541085596
0.853,0.6205,0.5710000000000001,0.0071647455629256515,0.014329491125851303
0.853,0.6205,0.5875,0.007234950760200635,0.01446990152040127
0.853,0.6205,0.6040000000000001,0.00730734127640521,0.01461468255281042
0.853,0.6205,0.6205,0.007381683397011546,0.014763366794023092
0.853,0.6205,0.637,0.007457767771783789,0.014915535543567579
0.853,0.6205,0.6535000000000001,0.007535406422037268,0.015070812844074535
0.853,0.6205,0.67,0.007614430176416918,0.015228860352833835
0.853,0.6205,0.6865,0.00769468646532297,0.01538937293064594
0.853,0.6205,0.7030000000000001,0.00777603741682813,0.01555207483365626
0.853,0.6205,0.7195,0.007858358207117914,0.01571671641423583
0.853,0.6205,0.736,0.007941535626659516,0.01588307125331903
0.853,0.6205,0.7525000000000001,0.008025466829920664,0.016050933659841327
0.853,0.6205,0.769,0.008110058241831987,0.016220116483663973
0.853,0.6205,0.7855000000000001,0.00819522459856649,0.01639044919713298
0.853,0.6205,0.802,0.00828088810380133,0.01656177620760266
0.853,0.6205,0.8185,0.008366977684593043,0.016733955369186086
0.853,0.6205,0.8350000000000001,0.0084534283334321,0.0169068566668642
0.853,0.6205,0.8515,0.008540180525077571,0.017080361050155143
0.853,0.6205,0.8680000000000001,0.008627179698467073,0.017254359396934146
0.853,0.6205,0.8845000000000001,0.008714375795401042,0.017428751590802084
0.853,0.6205,0.901,0.008801722848897985,0.01760344569779597
0.853,0.6205,0.9175000000000001,0.008889178615106885,0.01777835723021377
0.853,0.6205,0.934,0.008976704243514126,0.01795340848702825
0.853,0.6205,0.9505,0.00906426398088979,0.01812852796177958
0.853,0.6205,0.9670000000000001,0.009151824905032602,0.018303649810065204
0.853,0.6205,0.9835,0.009239356684885187,0.018478713369770375
0.853,0.6205,1.0,0.009326831364040642,0.018653662728081284
0.853,0.637,0.01,0.043019703514611436,0.08603940702922287
0.853,0.637,0.026500000000000003,0.028489236601821198,0.056978473203642396
0.853,0.637,0.043000000000000003,0.02145979533554571,0.04291959067109142
0.853,0.637,0.059500000000000004,0.017346242524302183,0.034692485048604366
0.853,0.637,0.076,0.01467146213474491,0.02934292426948982
0.853,0.637,0.0925,0.012812754021549235,0.02562550804309847
0.853,0.637,0.109,0.01146161586402723,0.02292323172805446
0.853,0.637,0.1255,0.010447609794928493,0.020895219589856986
0.853,0.637,0.14200000000000002,0.009668838774923416,0.019337677549846832
0.853,0.637,0.15850000000000003,0.009060615521757487,0.018121231043514974
0.853,0.637,0.17500000000000002,0.008579888298787657,0.017159776597575314
0.853,0.637,0.1915,0.008196889249515617,0.016393778499031234
0.853,0.637,0.20800000000000002,0.007890376188280675,0.01578075237656135
0.853,0.637,0.22450000000000003,0.007644783922793227,0.015289567845586454
0.853,0.637,0.24100000000000002,0.007448446745656562,0.014896893491313123
0.853,0.637,0.2575,0.007292449706536,0.014584899413072
0.853,0.637,0.274,0.007169863517360819,0.014339727034721639
0.853,0.637,0.29050000000000004,0.007075221446063776,0.014150442892127552
0.853,0.637,0.30700000000000005,0.007004153346709461,0.014008306693418923
0.853,0.637,0.3235,0.006953124365025099,0.013906248730050199
0.853,0.637,0.34,0.006919244969129702,0.013838489938259403
0.853,0.637,0.35650000000000004,0.006900130573276502,0.013800261146553004
0.853,0.637,0.373,0.006893796276204109,0.013787592552408218
0.853,0.637,0.3895,0.006898576874146894,0.013797153748293788
0.853,0.637,0.406,0.006913065339264435,0.01382613067852887
0.853,0.637,0.42250000000000004,0.006936064973534832,0.013872129947069664
0.853,0.637,0.43900000000000006,0.006966551817724248,0.013933103635448496
0.853,0.637,0.4555,0.007003644839186156,0.014007289678372312
0.853,0.637,0.47200000000000003,0.007046582082930536,0.014093164165861071
0.853,0.637,0.48850000000000005,0.007094701439135303,0.014189402878270606
0.853,0.637,0.505,0.007147425017104501,0.014294850034209002
0.853,0.637,0.5215000000000001,0.007204246360596904,0.014408492721193808
0.853,0.637,0.538,0.007264719919506253,0.014529439839012505
0.853,0.637,0.5545,0.007328452326617712,0.014656904653235424
0.853,0.637,0.5710000000000001,0.007395095128460847,0.014790190256921694
0.853,0.637,0.5875,0.007464338695174215,0.01492867739034843
0.853,0.637,0.6040000000000001,0.007535907092205927,0.015071814184411853
0.853,0.637,0.6205,0.007609553741233896,0.015219107482467792
0.853,0.637,0.637,0.00768505773220117,0.01537011546440234
0.853,0.637,0.6535000000000001,0.007762220675313963,0.015524441350627926
0.853,0.637,0.67,0.007840864003016748,0.015681728006033496
0.853,0.637,0.6865,0.007920826648703217,0.015841653297406433
0.853,0.637,0.7030000000000001,0.008001963042229417,0.016003926084458834
0.853,0.637,0.7195,0.008084141372956277,0.016168282745912553
0.853,0.637,0.736,0.008167242079612112,0.016334484159224224
0.853,0.637,0.7525000000000001,0.008251156533194156,0.016502313066388313
0.853,0.637,0.769,0.0083357858847599,0.0166715717695198
0.853,0.637,0.7855000000000001,0.008421040054551847,0.016842080109103694
0.853,0.637,0.802,0.008506836842666721,0.017013673685333443
0.853,0.637,0.8185,0.008593101144585634,0.017186202289171268
0.853,0.637,0.8350000000000001,0.008679764257450378,0.017359528514900757
0.853,0.637,0.8515,0.008766763265091395,0.01753352653018279
0.853,0.637,0.8680000000000001,0.008854040491604234,0.017708080983208467
0.853,0.637,0.8845000000000001,0.008941543014741121,0.017883086029482242
0.853,0.637,0.901,0.00902922223164058,0.01805844446328116
0.853,0.637,0.9175000000000001,0.00911703347046459,0.01823406694092918
0.853,0.637,0.934,0.00920493564239787,0.01840987128479574
0.853,0.637,0.9505,0.009292890929220133,0.018585781858440266
0.853,0.637,0.9670000000000001,0.009380864502294155,0.01876172900458831
0.853,0.637,0.9835,0.009468824269365015,0.01893764853873003
0.853,0.637,1.0,0.0095567406460247,0.0191134812920494
0.853,0.6535000000000001,0.01,0.04342326391767382,0.08684652783534764
0.853,0.6535000000000001,0.026500000000000003,0.029339270069706908,0.058678540139413815
0.853,0.6535000000000001,0.043000000000000003,0.022301534488555253,0.044603068977110506
0.853,0.6535000000000001,0.059500000000000004,0.018114493264617625,0.03622898652923525
0.853,0.6535000000000001,0.076,0.015364103682241647,0.030728207364483295
0.853,0.6535000000000001,0.0925,0.013439288589306247,0.026878577178612494
0.853,0.6535000000000001,0.109,0.012032505420482516,0.02406501084096503
0.853,0.6535000000000001,0.1255,0.010971993375188704,0.021943986750377408
0.853,0.6535000000000001,0.14200000000000002,0.010154248303247022,0.020308496606494045
0.853,0.6535000000000001,0.15850000000000003,0.00951316599684174,0.01902633199368348
0.853,0.6535000000000001,0.17500000000000002,0.009004543505250373,0.018009087010500746
0.853,0.6535000000000001,0.1915,0.008597700737151248,0.017195401474302496
0.853,0.6535000000000001,0.20800000000000002,0.008270676268432534,0.01654135253686507
0.853,0.6535000000000001,0.22450000000000003,0.008007336043993587,0.016014672087987174
0.853,0.6535000000000001,0.24100000000000002,0.0077955614234251095,0.015591122846850219
0.853,0.6535000000000001,0.2575,0.007626073900634171,0.015252147801268342
0.853,0.6535000000000001,0.274,0.007491649876790571,0.014983299753581142
0.853,0.6535000000000001,0.29050000000000004,0.0073865823416109635,0.014773164683221927
0.853,0.6535000000000001,0.30700000000000005,0.00730630337627757,0.01461260675255514
0.853,0.6535000000000001,0.3235,0.007247114072914458,0.014494228145828916
0.853,0.6535000000000001,0.34,0.007205987819248843,0.014411975638497686
0.853,0.6535000000000001,0.35650000000000004,0.007180424701126885,0.01436084940225377
0.853,0.6535000000000001,0.373,0.007168342166697938,0.014336684333395876
0.853,0.6535000000000001,0.3895,0.007167991834508178,0.014335983669016356
0.853,0.6535000000000001,0.406,0.0071778954308899575,0.014355790861779915
0.853,0.6535000000000001,0.42250000000000004,0.007196794913851684,0.014393589827703368
0.853,0.6535000000000001,0.43900000000000006,0.007223613248510662,0.014447226497021324
0.853,0.6535000000000001,0.4555,0.007257423271292637,0.014514846542585273
0.853,0.6535000000000001,0.47200000000000003,0.007297422761469203,0.014594845522938407
0.853,0.6535000000000001,0.48850000000000005,0.0073429143227084735,0.014685828645416947
0.853,0.6535000000000001,0.505,0.007393289025627082,0.014786578051254164
0.853,0.6535000000000001,0.5215000000000001,0.0074480130159200065,0.014896026031840013
0.853,0.6535000000000001,0.538,0.007506616479269102,0.015013232958538203
0.853,0.6535000000000001,0.5545,0.00756868449301708,0.01513736898603416
0.853,0.6535000000000001,0.5710000000000001,0.00763384939874451,0.01526769879748902
0.853,0.6535000000000001,0.5875,0.00770178440879565,0.0154035688175913
0.853,0.6535000000000001,0.6040000000000001,0.007772198220043231,0.015544396440086462
0.853,0.6535000000000001,0.6205,0.00784483045457515,0.0156896609091503
0.853,0.6535000000000001,0.637,0.007919447782955542,0.015838895565911084
0.853,0.6535000000000001,0.6535000000000001,0.007995840613804458,0.015991681227608915
0.853,0.6535000000000001,0.67,0.008073820255543656,0.016147640511087313
0.853,0.6535000000000001,0.6865,0.00815321647361368,0.01630643294722736
0.853,0.6535000000000001,0.7030000000000001,0.008233875380393002,0.016467750760786003
0.853,0.6535000000000001,0.7195,0.008315657606177616,0.01663131521235523
0.853,0.6535000000000001,0.736,0.008398436708540307,0.016796873417080613
0.853,0.6535000000000001,0.7525000000000001,0.008482097784638622,0.016964195569277245
0.853,0.6535000000000001,0.769,0.008566536256934527,0.017133072513869054
0.853,0.6535000000000001,0.7855000000000001,0.008651656807595411,0.017303313615190823
0.853,0.6535000000000001,0.802,0.008737372440802508,0.017474744881605015
0.853,0.6535000000000001,0.8185,0.008823603655438063,0.017647207310876125
0.853,0.6535000000000001,0.8350000000000001,0.00891027771331689,0.01782055542663378
0.853,0.6535000000000001,0.8515,0.00899732799036186,0.01799465598072372
0.853,0.6535000000000001,0.8680000000000001,0.009084693399989628,0.018169386799979256
0.853,0.6535000000000001,0.8845000000000001,0.009172317879522112,0.018344635759044225
0.853,0.6535000000000001,0.901,0.00926014993176278,0.01852029986352556
0.853,0.6535000000000001,0.9175000000000001,0.009348142214960806,0.018696284429921613
0.853,0.6535000000000001,0.934,0.009436251175339978,0.018872502350679957
0.853,0.6535000000000001,0.9505,0.009524436717133189,0.019048873434266377
0.853,0.6535000000000001,0.9670000000000001,0.009612661905763752,0.019225323811527504
0.853,0.6535000000000001,0.9835,0.009700892700360427,0.019401785400720854
0.853,0.6535000000000001,1.0,0.009789097712301178,0.019578195424602356
0.853,0.67,0.01,0.0437767384706839,0.0875534769413678
0.853,0.67,0.026500000000000003,0.030167197916166393,0.060334395832332785
0.853,0.67,0.043000000000000003,0.023147506410079764,0.04629501282015953
0.853,0.67,0.059500000000000004,0.01890022165732918,0.03780044331465836
0.853,0.67,0.076,0.016080431368527465,0.03216086273705493
0.853,0.67,0.0925,0.01409215661642711,0.02818431323285422
0.853,0.67,0.109,0.01263053958662544,0.02526107917325088
0.853,0.67,0.1255,0.011523368700564371,0.023046737401128743
0.853,0.67,0.14200000000000002,0.010665990311371783,0.021331980622743565
0.853,0.67,0.15850000000000003,0.009991131611511075,0.01998226322302215
0.853,0.67,0.17500000000000002,0.009453576641817568,0.018907153283635136
0.853,0.67,0.1915,0.00902181116543966,0.01804362233087932
0.853,0.67,0.20800000000000002,0.00867319876858157,0.01734639753716314
0.853,0.67,0.22450000000000003,0.008391061265109242,0.016782122530218484
0.853,0.67,0.24100000000000002,0.008162840355207332,0.016325680710414663
0.853,0.67,0.2575,0.007978900449145994,0.015957800898291987
0.853,0.67,0.274,0.007831726058714876,0.01566345211742975
0.853,0.67,0.29050000000000004,0.007715369919811817,0.015430739839623633
0.853,0.67,0.30700000000000005,0.007625064975651184,0.015250129951302368
0.853,0.67,0.3235,0.007556946129319098,0.015113892258638196
0.853,0.67,0.34,0.007507847164203642,0.015015694328407284
0.853,0.67,0.35650000000000004,0.007475150160137776,0.014950300320275552
0.853,0.67,0.373,0.007456672226275604,0.014913344452551209
0.853,0.67,0.3895,0.007450579189129792,0.014901158378259585
0.853,0.67,0.406,0.007455319037071671,0.014910638074143341
0.853,0.67,0.42250000000000004,0.007469570039158529,0.014939140078317058
0.853,0.67,0.43900000000000006,0.00749219989737903,0.01498439979475806
0.853,0.67,0.4555,0.007522233288542835,0.01504446657708567
0.853,0.67,0.47200000000000003,0.007558825852112116,0.015117651704224232
0.853,0.67,0.48850000000000005,0.007601243178447957,0.015202486356895913
0.853,0.67,0.505,0.007648843710942955,0.01529768742188591
0.853,0.67,0.5215000000000001,0.007701064737208218,0.015402129474416435
0.853,0.67,0.538,0.007757410837349143,0.015514821674698287
0.853,0.67,0.5545,0.007817444300926915,0.01563488860185383
0.853,0.67,0.5710000000000001,0.007880777132093973,0.015761554264187946
0.853,0.67,0.5875,0.007947064344182353,0.015894128688364706
0.853,0.67,0.6040000000000001,0.00801599830755987,0.01603199661511974
0.853,0.67,0.6205,0.008087303962746688,0.016174607925493377
0.853,0.67,0.637,0.0081607347481837,0.0163214694963674
0.853,0.67,0.6535000000000001,0.00823606912127513,0.01647213824255026
0.853,0.67,0.67,0.008313107574331326,0.01662621514866265
0.853,0.67,0.6865,0.008391670065240827,0.016783340130481654
0.853,0.67,0.7030000000000001,0.00847159379721166,0.01694318759442332
0.853,0.67,0.7195,0.008552731293538967,0.017105462587077933
0.853,0.67,0.736,0.008634948722697431,0.017269897445394863
0.853,0.67,0.7525000000000001,0.008718124436653029,0.017436248873306057
0.853,0.67,0.769,0.008802147691423678,0.017604295382847357
0.853,0.67,0.7855000000000001,0.008886917523962203,0.017773835047924406
0.853,0.67,0.802,0.008972341763567931,0.017944683527135862
0.853,0.67,0.8185,0.00905833615942883,0.01811667231885766
0.853,0.67,0.8350000000000001,0.009144823608720624,0.018289647217441248
0.853,0.67,0.8515,0.009231733472032285,0.01846346694406457
0.853,0.67,0.8680000000000001,0.009319000964830347,0.018638001929660693
0.853,0.67,0.8845000000000001,0.009406566615322508,0.018813133230645016
0.853,0.67,0.901,0.009494375780443178,0.018988751560886356
0.853,0.67,0.9175000000000001,0.009582378212843629,0.019164756425687258
0.853,0.67,0.934,0.009670527672748813,0.019341055345497626
0.853,0.67,0.9505,0.00975878157937557,0.01951756315875114
0.853,0.67,0.9670000000000001,0.009847100697297552,0.019694201394595105
0.853,0.67,0.9835,0.00993544885376934,0.01987089770753868
0.853,0.67,1.0,0.010023792683510216,0.02004758536702043
0.853,0.6865,0.01,0.04408317196663863,0.08816634393327726
0.853,0.6865,0.026500000000000003,0.0309688853429604,0.0619377706859208
0.853,0.6865,0.043000000000000003,0.02399243322650097,0.04798486645300194
0.853,0.6865,0.059500000000000004,0.0196986856411386,0.0393973712822772
0.853,0.6865,0.076,0.016816479880673647,0.033632959761347295
0.853,0.6865,0.0925,0.014768088117000927,0.029536176234001853
0.853,0.6865,0.109,0.013253012455299244,0.02650602491059849
0.853,0.6865,0.1255,0.01209947593009046,0.02419895186018092
0.853,0.6865,0.14200000000000002,0.011202156758960448,0.022404313517920896
0.853,0.6865,0.15850000000000003,0.010492883377912307,0.020985766755824614
0.853,0.6865,0.17500000000000002,0.009925582046501274,0.019851164093002548
0.853,0.6865,0.1915,0.009467995379043276,0.01893599075808655
0.853,0.6865,0.20800000000000002,0.009096865893801069,0.018193731787602137
0.853,0.6865,0.22450000000000003,0.008795003258295579,0.017590006516591157
0.853,0.6865,0.24100000000000002,0.008549428257685463,0.017098856515370926
0.853,0.6865,0.2575,0.00835015885179837,0.01670031770359674
0.853,0.6865,0.274,0.00818939327882856,0.01637878655765712
0.853,0.6865,0.29050000000000004,0.008060946520923968,0.016121893041847937
0.853,0.6865,0.30700000000000005,0.007959852954865966,0.01591970590973193
0.853,0.6865,0.3235,0.007882080687868635,0.01576416137573727
0.853,0.6865,0.34,0.007824322591922306,0.015648645183844612
0.853,0.6865,0.35650000000000004,0.0077838410398347446,0.015567682079669489
0.853,0.6865,0.373,0.007758350903088481,0.015516701806176963
0.853,0.6865,0.3895,0.0077459302450131875,0.015491860490026375
0.853,0.6865,0.406,0.007744951351267417,0.015489902702534834
0.853,0.6865,0.42250000000000004,0.007754026892129218,0.015508053784258437
0.853,0.6865,0.43900000000000006,0.007771967480160127,0.015543934960320254
0.853,0.6865,0.4555,0.007797747905329044,0.015595495810658088
0.853,0.6865,0.47200000000000003,0.007830480046152092,0.015660960092304183
0.853,0.6865,0.48850000000000005,0.007869390966157278,0.015738781932314556
0.853,0.6865,0.505,0.00791380507363718,0.01582761014727436
0.853,0.6865,0.5215000000000001,0.007963129491814819,0.015926258983629638
0.853,0.6865,0.538,0.008016841985180777,0.016033683970361555
0.853,0.6865,0.5545,0.008074480935822028,0.016148961871644055
0.853,0.6865,0.5710000000000001,0.008135636974960395,0.01627127394992079
0.853,0.6865,0.5875,0.008199945959483056,0.01639989191896611
0.853,0.6865,0.6040000000000001,0.008267083047953074,0.016534166095906147
0.853,0.6865,0.6205,0.008336757680503964,0.01667351536100793
0.853,0.6865,0.637,0.008408709305801091,0.016817418611602183
0.853,0.6865,0.6535000000000001,0.008482703728591874,0.016965407457183748
0.853,0.6865,0.67,0.008558529975257509,0.017117059950515018
0.853,0.6865,0.6865,0.008635997593709708,0.017271995187419415
0.853,0.6865,0.7030000000000001,0.008714934319070371,0.017429868638140743
0.853,0.6865,0.7195,0.008795184048657471,0.017590368097314943
0.853,0.6865,0.736,0.008876605079562054,0.017753210159124108
0.853,0.6865,0.7525000000000001,0.008959068569979271,0.017918137139958542
0.853,0.6865,0.769,0.009042457191890691,0.018084914383781382
0.853,0.6865,0.7855000000000001,0.009126663947951058,0.018253327895902116
0.853,0.6865,0.802,0.009211591129732986,0.018423182259465973
0.853,0.6865,0.8185,0.009297149398058214,0.01859429879611643
0.853,0.6865,0.8350000000000001,0.009383256969079849,0.018766513938159698
0.853,0.6865,0.8515,0.009469838892226084,0.01893967778445217
0.853,0.6865,0.8680000000000001,0.009556826408178754,0.019113652816357508
0.853,0.6865,0.8845000000000001,0.009644156376741266,0.019288312753482532
0.853,0.6865,0.901,0.009731770765920284,0.01946354153184057
0.853,0.6865,0.9175000000000001,0.00981961619473343,0.01963923238946686
0.853,0.6865,0.934,0.009907643523295682,0.019815287046591364
0.853,0.6865,0.9505,0.009995807484598928,0.019991614969197855
0.853,0.6865,0.9670000000000001,0.010084066353142917,0.020168132706285834
0.853,0.6865,0.9835,0.01017238164621037,0.02034476329242074
0.853,0.6865,1.0,0.010260717854106864,0.02052143570821373
0.853,0.7030000000000001,0.01,0.04434578772945729,0.08869157545891458
0.853,0.7030000000000001,0.026500000000000003,0.03174084628358617,0.06348169256717234
0.853,0.7030000000000001,0.043000000000000003,0.024831296338317578,0.049662592676635156
0.853,0.7030000000000001,0.059500000000000004,0.020505150857554652,0.041010301715109304
0.853,0.7030000000000001,0.076,0.017568173275617036,0.03513634655123407
0.853,0.7030000000000001,0.0925,0.015463655191271203,0.030927310382542407
0.853,0.7030000000000001,0.109,0.013897047436656138,0.027794094873312275
0.853,0.7030000000000001,0.1255,0.012697887888634978,0.025395775777269956
0.853,0.7030000000000001,0.14200000000000002,0.011760682696345729,0.023521365392691458
0.853,0.7030000000000001,0.15850000000000003,0.011016648468116714,0.02203329693623343
0.853,0.7030000000000001,0.17500000000000002,0.010419023776449755,0.02083804755289951
0.853,0.7030000000000001,0.1915,0.009934910975872022,0.019869821951744044
0.853,0.7030000000000001,0.20800000000000002,0.009540494671755327,0.019080989343510654
0.853,0.7030000000000001,0.22450000000000003,0.00921811147365534,0.01843622294731068
0.853,0.7030000000000001,0.24100000000000002,0.008954385461687909,0.017908770923375818
0.853,0.7030000000000001,0.2575,0.008739003002356104,0.017478006004712207
0.853,0.7030000000000001,0.274,0.008563884961716197,0.017127769923432394
0.853,0.7030000000000001,0.29050000000000004,0.008422613643189872,0.016845227286379744
0.853,0.7030000000000001,0.30700000000000005,0.00831002746237536,0.01662005492475072
0.853,0.7030000000000001,0.3235,0.008221928742534051,0.016443857485068103
0.853,0.7030000000000001,0.34,0.008154869435448688,0.016309738870897376
0.853,0.7030000000000001,0.35650000000000004,0.008105991554695085,0.01621198310939017
0.853,0.7030000000000001,0.373,0.008072906688605485,0.01614581337721097
0.853,0.7030000000000001,0.3895,0.008053603864840263,0.016107207729680526
0.853,0.7030000000000001,0.406,0.008046378277293632,0.016092756554587265
0.853,0.7030000000000001,0.42250000000000004,0.008049775564826653,0.016099551129653306
0.853,0.7030000000000001,0.43900000000000006,0.008062547822021936,0.016125095644043873
0.853,0.7030000000000001,0.4555,0.008083618558062985,0.01616723711612597
0.853,0.7030000000000001,0.47200000000000003,0.008112054550040894,0.016224109100081787
0.853,0.7030000000000001,0.48850000000000005,0.008147043058578336,0.016294086117156673
0.853,0.7030000000000001,0.505,0.008187873250793854,0.01637574650158771
0.853,0.7030000000000001,0.5215000000000001,0.008233920951440708,0.016467841902881416
0.853,0.7030000000000001,0.538,0.008284636046926643,0.016569272093853286
0.853,0.7030000000000001,0.5545,0.008339532019093026,0.016679064038186052
0.853,0.7030000000000001,0.5710000000000001,0.00839817720028926,0.01679635440057852
0.853,0.7030000000000001,0.5875,0.008460187428418304,0.016920374856836607
0.853,0.7030000000000001,0.6040000000000001,0.008525219847396319,0.017050439694792637
0.853,0.7030000000000001,0.6205,0.008592967650025993,0.017185935300051986
0.853,0.7030000000000001,0.637,0.008663155600378022,0.017326311200756044
0.853,0.7030000000000001,0.6535000000000001,0.008735536204185757,0.017471072408371514
0.853,0.7030000000000001,0.67,0.008809886420503323,0.017619772841006645
0.853,0.7030000000000001,0.6865,0.008886004827512275,0.01777200965502455
0.853,0.7030000000000001,0.7030000000000001,0.00896370917102445,0.0179274183420489
0.853,0.7030000000000001,0.7195,0.009042834236789256,0.018085668473578512
0.853,0.7030000000000001,0.736,0.009123229997849784,0.018246459995699568
0.853,0.7030000000000001,0.7525000000000001,0.009204759996395459,0.018409519992790918
0.853,0.7030000000000001,0.769,0.00928729992626177,0.01857459985252354
0.853,0.7030000000000001,0.7855000000000001,0.009370736387685178,0.018741472775370357
0.853,0.7030000000000001,0.802,0.009454965790424522,0.018909931580849044
0.853,0.7030000000000001,0.8185,0.009539893385076357,0.019079786770152714
0.853,0.7030000000000001,0.8350000000000001,0.009625432405477636,0.01925086481095527
0.853,0.7030000000000001,0.8515,0.0097115033076491,0.0194230066152982
0.853,0.7030000000000001,0.8680000000000001,0.009798033092876681,0.019596066185753363
0.853,0.7030000000000001,0.8845000000000001,0.00988495470430207,0.01976990940860414
0.853,0.7030000000000001,0.901,0.009972206487911545,0.01994441297582309
0.853,0.7030000000000001,0.9175000000000001,0.010059731710073488,0.020119463420146977
0.853,0.7030000000000001,0.934,0.010147478124849412,0.020294956249698824
0.853,0.7030000000000001,0.9505,0.010235397585215536,0.020470795170431072
0.853,0.7030000000000001,0.9670000000000001,0.010323445693107478,0.020646891386214956
0.853,0.7030000000000001,0.9835,0.010411581483861364,0.020823162967722728
0.853,0.7030000000000001,1.0,0.010499767141194861,0.020999534282389723
0.853,0.7195,0.01,0.04456789544513731,0.08913579089027462
0.853,0.7195,0.026500000000000003,0.03248026125011744,0.06496052250023487
0.853,0.7195,0.043000000000000003,0.02565942775363963,0.05131885550727926
0.853,0.7195,0.059500000000000004,0.02131498337839596,0.04262996675679192
0.853,0.7195,0.076,0.01833140148132838,0.03666280296265676
0.853,0.7195,0.0925,0.016175331643668907,0.032350663287337815
0.853,0.7195,0.109,0.014559643065094592,0.029119286130189184
0.853,0.7195,0.1255,0.01331604529957565,0.0266320905991513
0.853,0.7195,0.14200000000000002,0.012339373549495776,0.024678747098991552
0.853,0.7195,0.15850000000000003,0.011560531531275222,0.023121063062550445
0.853,0.7195,0.17500000000000002,0.010932252416087918,0.021864504832175835
0.853,0.7195,0.1915,0.01042111167711158,0.02084222335422316
0.853,0.7195,0.20800000000000002,0.010002807674332469,0.020005615348664938
0.853,0.7195,0.22450000000000003,0.009659249799592208,0.019318499599184417
0.853,0.7195,0.24100000000000002,0.009376694952005268,0.018753389904010535
0.853,0.7195,0.2575,0.009144516942124046,0.01828903388424809
0.853,0.7195,0.274,0.008954371464071525,0.01790874292814305
0.853,0.7195,0.29050000000000004,0.008799615833830897,0.017599231667661794
0.853,0.7195,0.30700000000000005,0.008674897198471285,0.01734979439694257
0.853,0.7195,0.3235,0.008575854785310602,0.017151709570621204
0.853,0.7195,0.34,0.00849890097167165,0.0169978019433433
0.853,0.7195,0.35650000000000004,0.008441057861422399,0.016882115722844798
0.853,0.7195,0.373,0.008399833615945691,0.016799667231891382
0.853,0.7195,0.3895,0.008373127697139873,0.016746255394279746
0.853,0.7195,0.406,0.008359157432846131,0.016718314865692262
0.853,0.7195,0.42250000000000004,0.008356400509734303,0.016712801019468607
0.853,0.7195,0.43900000000000006,0.008363549504276507,0.016727099008553015
0.853,0.7195,0.4555,0.008379475611277588,0.016758951222555177
0.853,0.7195,0.47200000000000003,0.008403199470453175,0.01680639894090635
0.853,0.7195,0.48850000000000005,0.008433867521955364,0.016867735043910728
0.853,0.7195,0.505,0.008470732706020985,0.01694146541204197
0.853,0.7195,0.5215000000000001,0.008513138603465998,0.017026277206931995
0.853,0.7195,0.538,0.008560506322203038,0.017121012644406075
0.853,0.7195,0.5545,0.008612323590799607,0.017224647181599214
0.853,0.7195,0.5710000000000001,0.008668135637709948,0.017336271275419896
0.853,0.7195,0.5875,0.008727537524291526,0.01745507504858305
0.853,0.7195,0.6040000000000001,0.008790167668396957,0.017580335336793915
0.853,0.7195,0.6205,0.008855702348411395,0.01771140469682279
0.853,0.7195,0.637,0.008923851018948561,0.017847702037897123
0.853,0.7195,0.6535000000000001,0.008994352301820488,0.017988704603640975
0.853,0.7195,0.67,0.009066970541473405,0.01813394108294681
0.853,0.7195,0.6865,0.009141492834384106,0.018282985668768213
0.853,0.7195,0.7030000000000001,0.00921772645811797,0.01843545291623594
0.853,0.7195,0.7195,0.009295496638769822,0.018590993277539644
0.853,0.7195,0.736,0.009374644606012639,0.018749289212025278
0.853,0.7195,0.7525000000000001,0.009455025893501431,0.018910051787002863
0.853,0.7195,0.769,0.00953650884932834,0.01907301769865668
0.853,0.7195,0.7855000000000001,0.00961897332690545,0.0192379466538109
0.853,0.7195,0.802,0.00970230953134124,0.01940461906268248
0.853,0.7195,0.8185,0.009786417000220048,0.019572834000440097
0.853,0.7195,0.8350000000000001,0.009871203700922737,0.019742407401845474
0.853,0.7195,0.8515,0.009956585229260777,0.019913170458521555
0.853,0.7195,0.8680000000000001,0.010042484096450536,0.020084968192901072
0.853,0.7195,0.8845000000000001,0.010128829093306087,0.020257658186612175
0.853,0.7195,0.901,0.010215554722094605,0.02043110944418921
0.853,0.7195,0.9175000000000001,0.010302600687844067,0.020605201375688133
0.853,0.7195,0.934,0.010389911441989934,0.02077982288397987
0.853,0.7195,0.9505,0.010477435772213675,0.02095487154442735
0.853,0.7195,0.9670000000000001,0.010565126433139914,0.021130252866279828
0.853,0.7195,0.9835,0.01065293981324363,0.02130587962648726
0.853,0.7195,1.0,0.010740835633910283,0.021481671267820565
0.853,0.736,0.01,0.04475281378757012,0.08950562757514025
0.853,0.736,0.026500000000000003,0.033184970781500685,0.06636994156300137
0.853,0.736,0.043000000000000003,0.0264725824360078,0.0529451648720156
0.853,0.736,0.059500000000000004,0.022123733428185372,0.044247466856370744
0.853,0.736,0.076,0.01910209370395164,0.03820418740790328
0.853,0.736,0.0925,0.01689955241426967,0.03379910482853934
0.853,0.736,0.109,0.015237719915223309,0.030475439830446618
0.853,0.736,0.1255,0.013951293622998302,0.027902587245996605
0.853,0.736,0.14200000000000002,0.012935934125474747,0.025871868250949493
0.853,0.736,0.15850000000000003,0.012122537672328506,0.024245075344657013
0.853,0.736,0.17500000000000002,0.011463523416017644,0.022927046832035287
0.853,0.736,0.1915,0.010925062074878662,0.021850124149757323
0.853,0.736,0.20800000000000002,0.010482444964720778,0.020964889929441555
0.853,0.736,0.22450000000000003,0.010117206307596186,0.020234412615192373
0.853,0.736,0.24100000000000002,0.009815270365493284,0.01963054073098657
0.853,0.736,0.2575,0.009565721461036968,0.019131442922073937
0.853,0.736,0.274,0.009359965549358328,0.018719931098716655
0.853,0.736,0.29050000000000004,0.009191145248431112,0.018382290496862224
0.853,0.736,0.30700000000000005,0.009053723225521828,0.018107446451043657
0.853,0.736,0.3235,0.008943179999062516,0.01788635999812503
0.853,0.736,0.34,0.00885579110206595,0.0177115822041319
0.853,0.736,0.35650000000000004,0.008788460312327724,0.017576920624655448
0.853,0.736,0.373,0.008738593154587587,0.017477186309175174
0.853,0.736,0.3895,0.008703999768358464,0.017407999536716928
0.853,0.736,0.406,0.008682819484920338,0.017365638969840676
0.853,0.736,0.42250000000000004,0.00867346165650148,0.01734692331300296
0.853,0.736,0.43900000000000006,0.008674558793970602,0.017349117587941203
0.853,0.736,0.4555,0.008684929126371534,0.017369858252743068
0.853,0.736,0.47200000000000003,0.00870354644425484,0.01740709288850968
0.853,0.736,0.48850000000000005,0.008729515625817818,0.017459031251635636
0.853,0.736,0.505,0.008762052634789741,0.017524105269579482
0.853,0.736,0.5215000000000001,0.008800468065230299,0.017600936130460598
0.853,0.736,0.538,0.008844153520723808,0.017688307041447617
0.853,0.736,0.5545,0.008892570274465975,0.01778514054893195
0.853,0.736,0.5710000000000001,0.008945239776906179,0.017890479553812358
0.853,0.736,0.5875,0.009001735669205995,0.01800347133841199
0.853,0.736,0.6040000000000001,0.009061677031154942,0.018123354062309884
0.853,0.736,0.6205,0.009124722646656992,0.018249445293313984
0.853,0.736,0.637,0.00919056611238473,0.01838113222476946
0.853,0.736,0.6535000000000001,0.009258931648536932,0.018517863297073864
0.853,0.736,0.67,0.009329570496975867,0.018659140993951735
0.853,0.736,0.6865,0.00940225781294747,0.01880451562589494
0.853,0.736,0.7030000000000001,0.009476789973328957,0.018953579946657913
0.853,0.736,0.7195,0.009552982237781326,0.01910596447556265
0.853,0.736,0.736,0.009630666710067215,0.01926133342013443
0.853,0.736,0.7525000000000001,0.00970969055559085,0.0194193811111817
0.853,0.736,0.769,0.009789914438438563,0.019579828876877127
0.853,0.736,0.7855000000000001,0.009871211147069348,0.019742422294138695
0.853,0.736,0.802,0.009953464382675171,0.019906928765350343
0.853,0.736,0.8185,0.01003656768823767,0.02007313537647534
0.853,0.736,0.8350000000000001,0.01012042349962127,0.02024084699924254
0.853,0.736,0.8515,0.010204942302836764,0.02040988460567353
0.853,0.736,0.8680000000000001,0.010290041883905664,0.020580083767811327
0.853,0.736,0.8845000000000001,0.010375646659710832,0.020751293319421663
0.853,0.736,0.901,0.010461687079846313,0.020923374159692625
0.853,0.736,0.9175000000000001,0.01054809909087178,0.02109619818174356
0.853,0.736,0.934,0.010634823655525752,0.021269647311051503
0.853,0.736,0.9505,0.010721806320475218,0.021443612640950436
0.853,0.736,0.9670000000000001,0.010808996826996466,0.02161799365399293
0.853,0.736,0.9835,0.01089634875972567,0.02179269751945134
0.853,0.736,1.0,0.010983819229229834,0.021967638458459667
0.853,0.7525000000000001,0.01,0.04490380767250062,0.08980761534500124
0.853,0.7525000000000001,0.026500000000000003,0.03385344831105069,0.06770689662210139
0.853,0.7525000000000001,0.043000000000000003,0.027266990543613527,0.054533981087227054
0.853,0.7525000000000001,0.059500000000000004,0.022927207524757763,0.045854415049515526
0.853,0.7525000000000001,0.076,0.019876286309118134,0.03975257261823627
0.853,0.7525000000000001,0.0925,0.017632770897412633,0.035265541794825266
0.853,0.7525000000000001,0.109,0.015928167183410336,0.03185633436682067
0.853,0.7525000000000001,0.1255,0.014600920435123564,0.029201840870247128
0.853,0.7525000000000001,0.14200000000000002,0.013547998553809133,0.027095997107618265
0.853,0.7525000000000001,0.15850000000000003,0.012700596509830412,0.025401193019660824
0.853,0.7525000000000001,0.17500000000000002,0.012011016525804065,0.02402203305160813
0.853,0.7525000000000001,0.1915,0.011445153425867416,0.02289030685173483
0.853,0.7525000000000001,0.20800000000000002,0.010977977014961362,0.021955954029922724
0.853,0.7525000000000001,0.22450000000000003,0.010590703882824867,0.021181407765649734
0.853,0.7525000000000001,0.24100000000000002,0.010268964790641962,0.020537929581283924
0.853,0.7525000000000001,0.2575,0.010001581420828827,0.020003162841657655
0.853,0.7525000000000001,0.274,0.009779728512089672,0.019559457024179345
0.853,0.7525000000000001,0.29050000000000004,0.00959634679496107,0.01919269358992214
0.853,0.7525000000000001,0.30700000000000005,0.009445723305191335,0.01889144661038267
0.853,0.7525000000000001,0.3235,0.0093231859264981,0.0186463718529962
0.853,0.7525000000000001,0.34,0.009224877464857681,0.018449754929715362
0.853,0.7525000000000001,0.35650000000000004,0.009147586100899234,0.01829517220179847
0.853,0.7525000000000001,0.373,0.009088616462830238,0.018177232925660477
0.853,0.7525000000000001,0.3895,0.00904569040243889,0.01809138080487778
0.853,0.7525000000000001,0.406,0.00901686978615283,0.01803373957230566
0.853,0.7525000000000001,0.42250000000000004,0.009000495806185518,0.018000991612371037
0.853,0.7525000000000001,0.43900000000000006,0.008995140830307337,0.017990281660614674
0.853,0.7525000000000001,0.4555,0.008999569868907818,0.017999139737815636
0.853,0.7525000000000001,0.47200000000000003,0.009012709490815297,0.018025418981630594
0.853,0.7525000000000001,0.48850000000000005,0.009033622560710481,0.018067245121420963
0.853,0.7525000000000001,0.505,0.009061487564895837,0.018122975129791673
0.853,0.7525000000000001,0.5215000000000001,0.009095581581972611,0.018191163163945222
0.853,0.7525000000000001,0.538,0.009135266170346282,0.018270532340692563
0.853,0.7525000000000001,0.5545,0.00917997560607319,0.01835995121214638
0.853,0.7525000000000001,0.5710000000000001,0.00922920702689551,0.01845841405379102
0.853,0.7525000000000001,0.5875,0.009282512131713508,0.018565024263427016
0.853,0.7525000000000001,0.6040000000000001,0.009339490156598941,0.018678980313197882
0.853,0.7525000000000001,0.6205,0.009399781904182319,0.018799563808364637
0.853,0.7525000000000001,0.637,0.00946306464674037,0.01892612929348074
0.853,0.7525000000000001,0.6535000000000001,0.009529047757491345,0.01905809551498269
0.853,0.7525000000000001,0.67,0.009597468951657803,0.019194937903315605
0.853,0.7525000000000001,0.6865,0.009668091040360122,0.019336182080720243
0.853,0.7525000000000001,0.7030000000000001,0.009740699117626678,0.019481398235253355
0.853,0.7525000000000001,0.7195,0.009815098114653078,0.019630196229306156
0.853,0.7525000000000001,0.736,0.009891110666647478,0.019782221333294957
0.853,0.7525000000000001,0.7525000000000001,0.009968575246698337,0.019937150493396675
0.853,0.7525000000000001,0.769,0.010047344528538879,0.020094689057077758
0.853,0.7525000000000001,0.7855000000000001,0.010127283946166429,0.020254567892332858
0.853,0.7525000000000001,0.802,0.010208270423317473,0.020416540846634947
0.853,0.7525000000000001,0.8185,0.010290191249922238,0.020580382499844476
0.853,0.7525000000000001,0.8350000000000001,0.010372943086142587,0.020745886172285174
0.853,0.7525000000000001,0.8515,0.010456431077443032,0.020912862154886063
0.853,0.7525000000000001,0.8680000000000001,0.010540568066567939,0.021081136133135878
0.853,0.7525000000000001,0.8845000000000001,0.010625273890307249,0.021250547780614498
0.853,0.7525000000000001,0.901,0.010710474750632373,0.021420949501264747
0.853,0.7525000000000001,0.9175000000000001,0.010796102651225738,0.021592205302451477
0.853,0.7525000000000001,0.934,0.010882094891636183,0.021764189783272367
0.853,0.7525000000000001,0.9505,0.010968393612334818,0.021936787224669636
0.853,0.7525000000000001,0.9670000000000001,0.01105494538482295,0.0221098907696459
0.853,0.7525000000000001,0.9835,0.011141700841701296,0.022283401683402593
0.853,0.7525000000000001,1.0,0.01122861434225484,0.02245722868450968
0.853,0.769,0.01,0.0450240392680989,0.0900480785361978
0.853,0.769,0.026500000000000003,0.034484756833922596,0.06896951366784519
0.853,0.769,0.043000000000000003,0.028039389710329203,0.056078779420658406
0.853,0.769,0.059500000000000004,0.02372152731575597,0.04744305463151194
0.853,0.769,0.076,0.020650183201342136,0.04130036640268427
0.853,0.769,0.0925,0.018371512440361448,0.036743024880722897
0.853,0.769,0.109,0.016627887585982642,0.033255775171965284
0.853,0.769,0.1255,0.015262192316712251,0.030524384633424502
0.853,0.769,0.14200000000000002,0.014173160381204643,0.028346320762409286
0.853,0.769,0.15850000000000003,0.013292586719035321,0.026585173438070642
0.853,0.769,0.17500000000000002,0.012572855867266785,0.02514571173453357
0.853,0.769,0.1915,0.011979720141821897,0.023959440283643794
0.853,0.769,0.20800000000000002,0.011487918322334992,0.022975836644669984
0.853,0.769,0.22450000000000003,0.011078411526867385,0.02215682305373477
0.853,0.769,0.24100000000000002,0.010736580198710193,0.021473160397420386
0.853,0.769,0.2575,0.010451013663601096,0.020902027327202193
0.853,0.769,0.274,0.010212676840480168,0.020425353680960337
0.853,0.769,0.29050000000000004,0.010014323770834669,0.020028647541669338
0.853,0.769,0.30700000000000005,0.009850076686313236,0.019700153372626473
0.853,0.769,0.3235,0.009715118550925415,0.01943023710185083
0.853,0.769,0.34,0.009605464923732751,0.019210929847465502
0.853,0.769,0.35650000000000004,0.009517792252203866,0.019035584504407732
0.853,0.769,0.373,0.009449306956682436,0.01889861391336487
0.853,0.769,0.3895,0.009397644431453656,0.018795288862907312
0.853,0.769,0.406,0.009360790279575449,0.018721580559150897
0.853,0.769,0.42250000000000004,0.009337018273720101,0.018674036547440202
0.853,0.769,0.43900000000000006,0.009324841041283055,0.01864968208256611
0.853,0.769,0.4555,0.009322970530046064,0.01864594106009213
0.853,0.769,0.47200000000000003,0.009330286064087258,0.018660572128174516
0.853,0.769,0.48850000000000005,0.009345808342825043,0.018691616685650086
0.853,0.769,0.505,0.009368678132284333,0.018737356264568666
0.853,0.769,0.5215000000000001,0.009398138689785627,0.018796277379571253
0.853,0.769,0.538,0.009433521180810216,0.018867042361620432
0.853,0.769,0.5545,0.009474232510339766,0.018948465020679532
0.853,0.769,0.5710000000000001,0.00951974511501141,0.01903949023002282
0.853,0.769,0.5875,0.00956958835729593,0.01913917671459186
0.853,0.769,0.6040000000000001,0.009623341236013888,0.019246682472027776
0.853,0.769,0.6205,0.009680626184283015,0.01936125236856603
0.853,0.769,0.637,0.009741103770370439,0.019482207540740877
0.853,0.769,0.6535000000000001,0.009804468151859692,0.019608936303719383
0.853,0.769,0.67,0.0098704431612032,0.0197408863224064
0.853,0.769,0.6865,0.009938778922781095,0.01987755784556219
0.853,0.769,0.7030000000000001,0.010009248919226207,0.020018497838452415
0.853,0.769,0.7195,0.010081647439017806,0.02016329487803561
0.853,0.769,0.736,0.010155787348841915,0.02031157469768383
0.853,0.769,0.7525000000000001,0.010231498143588544,0.02046299628717709
0.853,0.769,0.769,0.010308624234521951,0.020617248469043902
0.853,0.769,0.7855000000000001,0.010387023442417542,0.020774046884835085
0.853,0.769,0.802,0.010466565667670137,0.020933131335340274
0.853,0.769,0.8185,0.01054713171364421,0.02109426342728842
0.853,0.769,0.8350000000000001,0.010628612243111287,0.021257224486222574
0.853,0.769,0.8515,0.010710906850589003,0.021421813701178006
0.853,0.769,0.8680000000000001,0.010793923235883752,0.021587846471767504
0.853,0.769,0.8845000000000001,0.010877576466234933,0.021755152932469865
0.853,0.769,0.901,0.010961788316213097,0.021923576632426195
0.853,0.769,0.9175000000000001,0.011046486676012494,0.022092973352024987
0.853,0.769,0.934,0.011131605020058414,0.02226321004011683
0.853,0.769,0.9505,0.01121708192890044,0.02243416385780088
0.853,0.769,0.9670000000000001,0.011302860658297229,0.022605721316594458
0.853,0.769,0.9835,0.011388888750176062,0.022777777500352123
0.853,0.769,1.0,0.011475117680822232,0.022950235361644464
0.853,0.7855000000000001,0.01,0.04511653143649165,0.0902330628729833
0.853,0.7855000000000001,0.026500000000000003,0.03507849389019547,0.07015698778039094
0.853,0.7855000000000001,0.043000000000000003,0.02878703859499893,0.05757407718999786
0.853,0.7855000000000001,0.059500000000000004,0.024503174255582322,0.049006348511164644
0.853,0.7855000000000001,0.076,0.02142020725486326,0.04284041450972652
0.853,0.7855000000000001,0.0925,0.019112422608934754,0.03822484521786951
0.853,0.7855000000000001,0.109,0.017333839379998685,0.03466767875999737
0.853,0.7855000000000001,0.1255,0.015932390295247914,0.03186478059049583
0.853,0.7855000000000001,0.14200000000000002,0.014809002071757343,0.029618004143514686
0.853,0.7855000000000001,0.15850000000000003,0.013896360478516431,0.027792720957032863
0.853,0.7855000000000001,0.17500000000000002,0.013147130195272222,0.026294260390544444
0.853,0.7855000000000001,0.1915,0.012527056622322558,0.025054113244645116
0.853,0.7855000000000001,0.20800000000000002,0.012010741445160468,0.024021482890320935
0.853,0.7855000000000001,0.22450000000000003,0.011578956110577203,0.023157912221154407
0.853,0.7855000000000001,0.24100000000000002,0.011216877328273164,0.022433754656546328
0.853,0.7855000000000001,0.2575,0.010912895361513953,0.021825790723027906
0.853,0.7855000000000001,0.274,0.010657789299479333,0.021315578598958666
0.853,0.7855000000000001,0.29050000000000004,0.010444143895531431,0.020888287791062863
0.853,0.7855000000000001,0.30700000000000005,0.010265929262092618,0.020531858524185237
0.853,0.7855000000000001,0.3235,0.010118192720244869,0.020236385440489738
0.853,0.7855000000000001,0.34,0.009996829374730606,0.019993658749461213
0.853,0.7855000000000001,0.35650000000000004,0.009898408907939152,0.019796817815878304
0.853,0.7855000000000001,0.373,0.009820043151600481,0.019640086303200962
0.853,0.7855000000000001,0.3895,0.009759283659076048,0.019518567318152096
0.853,0.7855000000000001,0.406,0.009714041637955556,0.019428083275911112
0.853,0.7855000000000001,0.42250000000000004,0.009682524748386625,0.01936504949677325
0.853,0.7855000000000001,0.43900000000000006,0.00966318676329889,0.01932637352659778
0.853,0.7855000000000001,0.4555,0.009654687137354002,0.019309374274708004
0.853,0.7855000000000001,0.47200000000000003,0.009655858281766364,0.019311716563532727
0.853,0.7855000000000001,0.48850000000000005,0.009665678884596456,0.01933135776919291
0.853,0.7855000000000001,0.505,0.009683252012791953,0.019366504025583906
0.853,0.7855000000000001,0.5215000000000001,0.009707787025382933,0.019415574050765865
0.853,0.7855000000000001,0.538,0.009738584546049566,0.019477169092099133
0.853,0.7855000000000001,0.5545,0.00977502390810565,0.0195500478162113
0.853,0.7855000000000001,0.5710000000000001,0.009816552610197274,0.019633105220394548
0.853,0.7855000000000001,0.5875,0.00986267741698931,0.01972535483397862
0.853,0.7855000000000001,0.6040000000000001,0.009912956813203271,0.019825913626406542
0.853,0.7855000000000001,0.6205,0.009966994576992901,0.019933989153985802
0.853,0.7855000000000001,0.637,0.010024434283773368,0.020048868567546736
0.853,0.7855000000000001,0.6535000000000001,0.01008495458717954,0.02016990917435908
0.853,0.7855000000000001,0.67,0.01014826515203905,0.0202965303040781
0.853,0.7855000000000001,0.6865,0.010214103136739103,0.020428206273478206
0.853,0.7855000000000001,0.7030000000000001,0.010282230140424063,0.020564460280848126
0.853,0.7855000000000001,0.7195,0.010352429545002005,0.02070485909000401
0.853,0.7855000000000001,0.736,0.010424504193741904,0.020849008387483808
0.853,0.7855000000000001,0.7525000000000001,0.010498274357850562,0.020996548715701124
0.853,0.7855000000000001,0.769,0.010573575950272565,0.02114715190054513
0.853,0.7855000000000001,0.7855000000000001,0.010650258952414171,0.021300517904828342
0.853,0.7855000000000001,0.802,0.010728186024828687,0.021456372049657373
0.853,0.7855000000000001,0.8185,0.0108072312773116,0.0216144625546232
0.853,0.7855000000000001,0.8350000000000001,0.010887279177519969,0.021774558355039938
0.853,0.7855000000000001,0.8515,0.010968223580315408,0.021936447160630815
0.853,0.7855000000000001,0.8680000000000001,0.011049966862570525,0.02209993372514105
0.853,0.7855000000000001,0.8845000000000001,0.01113241915037098,0.02226483830074196
0.853,0.7855000000000001,0.901,0.01121549762733365,0.0224309952546673
0.853,0.7855000000000001,0.9175000000000001,0.011299125914331912,0.022598251828663825
0.853,0.7855000000000001,0.934,0.011383233512202537,0.022766467024405074
0.853,0.7855000000000001,0.9505,0.011467755300141715,0.02293551060028343
0.853,0.7855000000000001,0.9670000000000001,0.011552631083433065,0.02310526216686613
0.853,0.7855000000000001,0.9835,0.011637805184970316,0.023275610369940632
0.853,0.7855000000000001,1.0,0.01172322607574307,0.02344645215148614
0.853,0.802,0.01,0.04518414203476658,0.09036828406953316
0.853,0.802,0.026500000000000003,0.03563472916592813,0.07126945833185626
0.853,0.802,0.043000000000000003,0.02950771374446699,0.05901542748893398
0.853,0.802,0.059500000000000004,0.02526902007553096,0.05053804015106192
0.853,0.802,0.076,0.02218304190548278,0.04436608381096556
0.853,0.802,0.0925,0.01985230914909632,0.03970461829819264
0.853,0.802,0.109,0.018043074513251295,0.03608614902650259
0.853,0.802,0.1255,0.016608843000235587,0.033217686000471175
0.853,0.802,0.14200000000000002,0.015453123228241621,0.030906246456483242
0.853,0.802,0.15850000000000003,0.014509767272142534,0.029019534544285068
0.853,0.802,0.17500000000000002,0.013731912909383704,0.02746382581876741
0.853,0.802,0.1915,0.013085434081901645,0.02617086816380329
0.853,0.802,0.20800000000000002,0.012544891179621865,0.02508978235924373
0.853,0.802,0.22450000000000003,0.012090934353001863,0.024181868706003726
0.853,0.802,0.24100000000000002,0.011708585841716175,0.02341717168343235
0.853,0.802,0.2575,0.011386072659457236,0.022772145318914472
0.853,0.802,0.274,0.011114014312269873,0.022228028624539747
0.853,0.802,0.29050000000000004,0.01088484563761295,0.0217696912752259
0.853,0.802,0.30700000000000005,0.010692399011960934,0.021384798023921868
0.853,0.802,0.3235,0.0105315968426943,0.0210631936853886
0.853,0.802,0.34,0.01039822181044937,0.02079644362089874
0.853,0.802,0.35650000000000004,0.010288742853842126,0.02057748570768425
0.853,0.802,0.373,0.01020018173176356,0.02040036346352712
0.853,0.802,0.3895,0.01013000953728981,0.02026001907457962
0.853,0.802,0.406,0.01007606560282495,0.0201521312056499
0.853,0.802,0.42250000000000004,0.010036493341279503,0.020072986682559007
0.853,0.802,0.43900000000000006,0.010009689035975466,0.020019378071950932
0.853,0.802,0.4555,0.009994260629932089,0.019988521259864177
0.853,0.802,0.47200000000000003,0.009988994308748295,0.01997798861749659
0.853,0.802,0.48850000000000005,0.00999282721040497,0.01998565442080994
0.853,0.802,0.505,0.010004824990572066,0.020009649981144132
0.853,0.802,0.5215000000000001,0.01002416326484819,0.02004832652969638
0.853,0.802,0.538,0.010050112168441825,0.02010022433688365
0.853,0.802,0.5545,0.01008202343920849,0.02016404687841698
0.853,0.802,0.5710000000000001,0.010119319555904057,0.020238639111808114
0.853,0.802,0.5875,0.010161484560218367,0.020322969120436733
0.853,0.802,0.6040000000000001,0.010208056265913614,0.020416112531827228
0.853,0.802,0.6205,0.010258619616682622,0.020517239233365243
0.853,0.802,0.637,0.010312801000017087,0.020625602000034174
0.853,0.802,0.6535000000000001,0.010370263360465839,0.020740526720931678
0.853,0.802,0.67,0.010430701984305997,0.020861403968611993
0.853,0.802,0.6865,0.010493840850536356,0.02098768170107271
0.853,0.802,0.7030000000000001,0.010559429461492815,0.02111885892298563
0.853,0.802,0.7195,0.010627240081214498,0.021254480162428997
0.853,0.802,0.736,0.010697065321749655,0.02139413064349931
0.853,0.802,0.7525000000000001,0.010768716027396924,0.02153743205479385
0.853,0.802,0.769,0.010842019414928883,0.021684038829857765
0.853,0.802,0.7855000000000001,0.010916817434458043,0.021833634868916086
0.853,0.802,0.802,0.01099296532106869,0.02198593064213738
0.853,0.802,0.8185,0.011070330311878483,0.022140660623756966
0.853,0.802,0.8350000000000001,0.011148790506951627,0.022297581013903254
0.853,0.802,0.8515,0.011228233855661206,0.02245646771132241
0.853,0.802,0.8680000000000001,0.011308557252715538,0.022617114505431076
0.853,0.802,0.8845000000000001,0.011389665730313218,0.022779331460626436
0.853,0.802,0.901,0.01147147173474761,0.02294294346949522
0.853,0.802,0.9175000000000001,0.011553894477388693,0.023107788954777386
0.853,0.802,0.934,0.01163685935130638,0.02327371870261276
0.853,0.802,0.9505,0.011720297405963758,0.023440594811927517
0.853,0.802,0.9670000000000001,0.011804144873374169,0.023608289746748338
0.853,0.802,0.9835,0.011888342739976902,0.023776685479953805
0.853,0.802,1.0,0.01197283635919408,0.02394567271838816
0.853,0.8185,0.01,0.045229547419938,0.090459094839876
0.853,0.8185,0.026500000000000003,0.03615393855192938,0.07230787710385876
0.853,0.8185,0.043000000000000003,0.03019969235629424,0.06039938471258848
0.853,0.8185,0.059500000000000004,0.026016343695207566,0.05203268739041513
0.853,0.8185,0.076,0.02293566255261796,0.04587132510523592
0.853,0.8185,0.0925,0.02058817693613032,0.04117635387226064
0.853,0.8185,0.109,0.01875277214047996,0.03750554428095992
0.853,0.8185,0.1255,0.01728895683349191,0.03457791366698382
0.853,0.8185,0.14200000000000002,0.01610316693701403,0.03220633387402806
0.853,0.8185,0.15850000000000003,0.015130676550584171,0.030261353101168342
0.853,0.8185,0.17500000000000002,0.014325281410567837,0.028650562821135674
0.853,0.8185,0.1915,0.013653117041119621,0.027306234082239242
0.853,0.8185,0.20800000000000002,0.013088798608752764,0.026177597217505528
0.853,0.8185,0.22450000000000003,0.0126129248070146,0.0252258496140292
0.853,0.8185,0.24100000000000002,0.012210414573876985,0.02442082914775397
0.853,0.8185,0.2575,0.011869369462529991,0.023738738925059982
0.853,0.8185,0.274,0.011580277517349571,0.023160555034699142
0.853,0.8185,0.29050000000000004,0.011335444733540622,0.022670889467081245
0.853,0.8185,0.30700000000000005,0.011128581641815672,0.022257163283631344
0.853,0.8185,0.3235,0.010954497781279585,0.02190899556255917
0.853,0.8185,0.34,0.01080887257921632,0.02161774515843264
0.853,0.8185,0.35650000000000004,0.010688081235864861,0.021376162471729722
0.853,0.8185,0.373,0.010589060800470063,0.021178121600940125
0.853,0.8185,0.3895,0.010509206015844031,0.021018412031688062
0.853,0.8185,0.406,0.010446287487595539,0.020892574975191078
0.853,0.8185,0.42250000000000004,0.010398386788244837,0.020796773576489673
0.853,0.8185,0.43900000000000006,0.010363844544062608,0.020727689088125216
0.853,0.8185,0.4555,0.010341218572605589,0.020682437145211178
0.853,0.8185,0.47200000000000003,0.010329249872053706,0.02065849974410741
0.853,0.8185,0.48850000000000005,0.010326834796605776,0.020653669593211552
0.853,0.8185,0.505,0.01033300214417828,0.02066600428835656
0.853,0.8185,0.5215000000000001,0.010346894173836706,0.020693788347673412
0.853,0.8185,0.538,0.010367750788751736,0.020735501577503472
0.853,0.8185,0.5545,0.010394896285723253,0.020789792571446506
0.853,0.8185,0.5710000000000001,0.010427728198424068,0.020855456396848136
0.853,0.8185,0.5875,0.010465707858513569,0.020931415717027137
0.853,0.8185,0.6040000000000001,0.010508352373944905,0.02101670474788981
0.853,0.8185,0.6205,0.010555227782462992,0.021110455564925985
0.853,0.8185,0.637,0.010605943184388919,0.021211886368777837
0.853,0.8185,0.6535000000000001,0.010660145695234576,0.02132029139046915
0.853,0.8185,0.67,0.010717516087684007,0.021435032175368015
0.853,0.8185,0.6865,0.010777765015678044,0.021555530031356088
0.853,0.8185,0.7030000000000001,0.010840629731984401,0.021681259463968802
0.853,0.8185,0.7195,0.010905871225731523,0.021811742451463046
0.853,0.8185,0.736,0.010973271718629983,0.021946543437259967
0.853,0.8185,0.7525000000000001,0.01104263246861771,0.02208526493723542
0.853,0.8185,0.769,0.011113771837860819,0.022227543675721637
0.853,0.8185,0.7855000000000001,0.011186523588807179,0.022373047177614357
0.853,0.8185,0.802,0.0112607353775627,0.0225214707551254
0.853,0.8185,0.8185,0.011336267418520063,0.022672534837040126
0.853,0.8185,0.8350000000000001,0.011412991298002906,0.022825982596005812
0.853,0.8185,0.8515,0.01149078891796003,0.02298157783592006
0.853,0.8185,0.8680000000000001,0.011569551553419712,0.023139103106839424
0.853,0.8185,0.8845000000000001,0.011649179009720123,0.023298358019440246
0.853,0.8185,0.901,0.01172957886746417,0.02345915773492834
0.853,0.8185,0.9175000000000001,0.011810665804763242,0.023621331609526484
0.853,0.8185,0.934,0.011892360987747956,0.02378472197549591
0.853,0.8185,0.9505,0.01197459152149193,0.02394918304298386
0.853,0.8185,0.9670000000000001,0.012057289954513151,0.024114579909026303
0.853,0.8185,0.9835,0.012140393830895164,0.02428078766179033
0.853,0.8185,1.0,0.012223845284794728,0.024447690569589457
0.853,0.8350000000000001,0.01,0.04525523353598813,0.09051046707197626
0.853,0.8350000000000001,0.026500000000000003,0.03663693788636699,0.07327387577273398
0.853,0.8350000000000001,0.043000000000000003,0.030861723799434512,0.061723447598869025
0.853,0.8350000000000001,0.059500000000000004,0.026742835771641334,0.05348567154328267
0.853,0.8350000000000001,0.076,0.023675357908569682,0.047350715817139365
0.853,0.8350000000000001,0.0925,0.021317255560250332,0.042634511120500665
0.853,0.8350000000000001,0.109,0.019460266985884263,0.03892053397176853
0.853,0.8350000000000001,0.1255,0.01797024261665922,0.03594048523331844
0.853,0.8350000000000001,0.14200000000000002,0.01675684374319443,0.03351368748638886
0.853,0.8350000000000001,0.15850000000000003,0.015756998823573173,0.031513997647146345
0.853,0.8350000000000001,0.17500000000000002,0.014925335440117883,0.029850670880235766
0.853,0.8350000000000001,0.1915,0.01422837917853902,0.02845675835707804
0.853,0.8350000000000001,0.20800000000000002,0.013640894771867484,0.027281789543734968
0.853,0.8350000000000001,0.22450000000000003,0.013143499642844836,0.02628699928568967
0.853,0.8350000000000001,0.24100000000000002,0.012721061699372122,0.025442123398744243
0.853,0.8350000000000001,0.2575,0.012361596223770798,0.024723192447541596
0.853,0.8350000000000001,0.274,0.012055489380214205,0.02411097876042841
0.853,0.8350000000000001,0.29050000000000004,0.011794940796520013,0.023589881593040027
0.853,0.8350000000000001,0.30700000000000005,0.011573556336565882,0.023147112673131763
0.853,0.8350000000000001,0.3235,0.01138604587365047,0.02277209174730094
0.853,0.8350000000000001,0.34,0.011227995776522389,0.022455991553044778
0.853,0.8350000000000001,0.35650000000000004,0.011095695411093325,0.02219139082218665
0.853,0.8350000000000001,0.373,0.010986003264822053,0.021972006529644105
0.853,0.8350000000000001,0.3895,0.010896242523569272,0.021792485047138543
0.853,0.8350000000000001,0.406,0.01082411880886575,0.0216482376177315
0.853,0.8350000000000001,0.42250000000000004,0.010767654776560017,0.021535309553120035
0.853,0.8350000000000001,0.43900000000000006,0.010725137678209734,0.021450275356419468
0.853,0.8350000000000001,0.4555,0.010695076983915789,0.021390153967831577
0.853,0.8350000000000001,0.47200000000000003,0.010676169884460187,0.021352339768920373
0.853,0.8350000000000001,0.48850000000000005,0.010667273015261818,0.021334546030523635
0.853,0.8350000000000001,0.505,0.010667379131508828,0.021334758263017655
0.853,0.8350000000000001,0.5215000000000001,0.010675597752002372,0.021351195504004744
0.853,0.8350000000000001,0.538,0.01069113900589616,0.02138227801179232
0.853,0.8350000000000001,0.5545,0.010713300080869853,0.021426600161739705
0.853,0.8350000000000001,0.5710000000000001,0.01074145379697958,0.02148290759395916
0.853,0.8350000000000001,0.5875,0.010775038927326069,0.021550077854652138
0.853,0.8350000000000001,0.6040000000000001,0.010813551961933862,0.021627103923867724
0.853,0.8350000000000001,0.6205,0.01085654007007011,0.02171308014014022
0.853,0.8350000000000001,0.637,0.010903595062550554,0.021807190125101107
0.853,0.8350000000000001,0.6535000000000001,0.010954348192264794,0.021908696384529587
0.853,0.8350000000000001,0.67,0.011008465660372719,0.022016931320745437
0.853,0.8350000000000001,0.6865,0.011065644719055011,0.022131289438110022
0.853,0.8350000000000001,0.7030000000000001,0.011125610280552823,0.022251220561105647
0.853,0.8350000000000001,0.7195,0.011188111957509584,0.02237622391501917
0.853,0.8350000000000001,0.736,0.011252921472054927,0.022505842944109854
0.853,0.8350000000000001,0.7525000000000001,0.011319830381226813,0.022639660762453627
0.853,0.8350000000000001,0.769,0.011388648074661351,0.022777296149322702
0.853,0.8350000000000001,0.7855000000000001,0.011459200007367143,0.022918400014734285
0.853,0.8350000000000001,0.802,0.011531326136075857,0.023062652272151714
0.853,0.8350000000000001,0.8185,0.011604879532408473,0.023209759064816947
0.853,0.8350000000000001,0.8350000000000001,0.011679725150026509,0.023359450300053018
0.853,0.8350000000000001,0.8515,0.011755738726256173,0.023511477452512346
0.853,0.8350000000000001,0.8680000000000001,0.011832805801434653,0.023665611602869306
0.853,0.8350000000000001,0.8845000000000001,0.011910820841576077,0.023821641683152154
0.853,0.8350000000000001,0.901,0.011989686451929946,0.023979372903859892
0.853,0.8350000000000001,0.9175000000000001,0.012069312670682616,0.02413862534136523
0.853,0.8350000000000001,0.934,0.012149616333477022,0.024299232666954045
0.853,0.8350000000000001,0.9505,0.012230520500648078,0.024461041001296157
0.853,0.8350000000000001,0.9670000000000001,0.012311953940108077,0.024623907880216154
0.853,0.8350000000000001,0.9835,0.012393850659717827,0.024787701319435654
0.853,0.8350000000000001,1.0,0.012476149483730251,0.024952298967460502
0.853,0.8515,0.01,0.04526349307164781,0.09052698614329562
0.853,0.8515,0.026500000000000003,0.037084818929853935,0.07416963785970787
0.853,0.8515,0.043000000000000003,0.03149299278943903,0.06298598557887806
0.853,0.8515,0.059500000000000004,0.02744659246857332,0.05489318493714664
0.853,0.8515,0.076,0.024399741842191944,0.04879948368438389
0.853,0.8515,0.0925,0.022037019527664105,0.04407403905532821
0.853,0.8515,0.109,0.020163072272414075,0.04032614454482815
0.853,0.8515,0.1255,0.018650338345680896,0.03730067669136179
0.853,0.8515,0.14200000000000002,0.01741195287732398,0.03482390575464796
0.853,0.8515,0.15850000000000003,0.016386704831764232,0.032773409663528465
0.853,0.8515,0.17500000000000002,0.01553021409031689,0.03106042818063378
0.853,0.8515,0.1915,0.014809518275805606,0.029619036551611213
0.853,0.8515,0.20800000000000002,0.014199623726435143,0.028399247452870285
0.853,0.8515,0.22450000000000003,0.013681236036611751,0.027362472073223502
0.853,0.8515,0.24100000000000002,0.01323922465577871,0.02647844931155742
0.853,0.8515,0.2575,0.012861558594640802,0.025723117189281604
0.853,0.8515,0.274,0.012538552743301314,0.02507710548660263
0.853,0.8515,0.29050000000000004,0.012262323916632734,0.024524647833265467
0.853,0.8515,0.30700000000000005,0.012026391540837926,0.02405278308167585
0.853,0.8515,0.3235,0.011825380005390308,0.023650760010780616
0.853,0.8515,0.34,0.011654793706764106,0.02330958741352821
0.853,0.8515,0.35650000000000004,0.011510844879844967,0.023021689759689934
0.853,0.8515,0.373,0.01139032030812703,0.02278064061625406
0.853,0.8515,0.3895,0.01129047704087059,0.02258095408174118
0.853,0.8515,0.406,0.011208960010150752,0.022417920020301504
0.853,0.8515,0.42250000000000004,0.011143736363744727,0.022287472727489453
0.853,0.8515,0.43900000000000006,0.011093042686511966,0.022186085373023932
0.853,0.8515,0.4555,0.011055342252805196,0.022110684505610392
0.853,0.8515,0.47200000000000003,0.011029290154289438,0.022058580308578876
0.853,0.8515,0.48850000000000005,0.011013704661213614,0.02202740932242723
0.853,0.8515,0.505,0.011007543555118052,0.022015087110236104
0.853,0.8515,0.5215000000000001,0.011009884454766056,0.02201976890953211
0.853,0.8515,0.538,0.011019908371045368,0.022039816742090736
0.853,0.8515,0.5545,0.011036885889307598,0.022073771778615196
0.853,0.8515,0.5710000000000001,0.01106016550235234,0.02212033100470468
0.853,0.8515,0.5875,0.011089163713638602,0.022178327427277204
0.853,0.8515,0.6040000000000001,0.011123356605320206,0.022246713210640413
0.853,0.8515,0.6205,0.011162272624449033,0.022324545248898067
0.853,0.8515,0.637,0.011205486387045277,0.022410972774090553
0.853,0.8515,0.6535000000000001,0.011252613336500142,0.022505226673000284
0.853,0.8515,0.67,0.011303305122127107,0.022606610244254213
0.853,0.8515,0.6865,0.011357245587226632,0.022714491174453264
0.853,0.8515,0.7030000000000001,0.011414147275037326,0.02282829455007465
0.853,0.8515,0.7195,0.011473748376343572,0.022947496752687143
0.853,0.8515,0.736,0.011535810055079648,0.023071620110159296
0.853,0.8515,0.7525000000000001,0.011600114098521025,0.02320022819704205
0.853,0.8515,0.769,0.011666460847125831,0.023332921694251663
0.853,0.8515,0.7855000000000001,0.011734667366039116,0.023469334732078233
0.853,0.8515,0.802,0.011804565826068291,0.023609131652136583
0.853,0.8515,0.8185,0.011876002066733046,0.023752004133466093
0.853,0.8515,0.8350000000000001,0.011948834318020846,0.023897668636041692
0.853,0.8515,0.8515,0.012022932060833326,0.024045864121666653
0.853,0.8515,0.8680000000000001,0.012098175008945854,0.024196350017891707
0.853,0.8515,0.8845000000000001,0.012174452197691518,0.024348904395383036
0.853,0.8515,0.901,0.01225166116658549,0.02450332233317098
0.853,0.8515,0.9175000000000001,0.012329707224852438,0.024659414449704875
0.853,0.8515,0.934,0.012408502790240816,0.02481700558048163
0.853,0.8515,0.9505,0.01248796679279536,0.02497593358559072
0.853,0.8515,0.9670000000000001,0.012568024136289751,0.025136048272579502
0.853,0.8515,0.9835,0.012648605210967256,0.025297210421934512
0.853,0.8515,1.0,0.012729645452007107,0.025459290904014213
0.853,0.8680000000000001,0.01,0.04525642733503219,0.09051285467006438
0.853,0.8680000000000001,0.026500000000000003,0.0374988894494335,0.074997778898867
0.853,0.8680000000000001,0.043000000000000003,0.032093076967363514,0.06418615393472703
0.853,0.8680000000000001,0.059500000000000004,0.02812610025529698,0.05625220051059396
0.853,0.8680000000000001,0.076,0.02510675658216866,0.05021351316433732
0.853,0.8680000000000001,0.0925,0.022745201342579766,0.04549040268515953
0.853,0.8680000000000001,0.109,0.020858897162464814,0.04171779432492963
0.853,0.8680000000000001,0.1255,0.01932702784718832,0.03865405569437664
0.853,0.8680000000000001,0.14200000000000002,0.018066400473022104,0.03613280094604421
0.853,0.8680000000000001,0.15850000000000003,0.017017842530661298,0.034035685061322596
0.853,0.8680000000000001,0.17500000000000002,0.016138111235159347,0.032276222470318694
0.853,0.8680000000000001,0.1915,0.015394870029278269,0.030789740058556538
0.853,0.8680000000000001,0.20800000000000002,0.014763454803342183,0.029526909606684366
0.853,0.8680000000000001,0.22450000000000003,0.014224726991299555,0.02844945398259911
0.853,0.8680000000000001,0.24100000000000002,0.013763609674151779,0.027527219348303558
0.853,0.8680000000000001,0.2575,0.01336806581085202,0.02673613162170404
0.853,0.8680000000000001,0.274,0.013028370204981862,0.026056740409963725
0.853,0.8680000000000001,0.29050000000000004,0.01273658115854122,0.02547316231708244
0.853,0.8680000000000001,0.30700000000000005,0.012486150687263909,0.024972301374527817
0.853,0.8680000000000001,0.3235,0.012271632667245683,0.024543265334491367
0.853,0.8680000000000001,0.34,0.01208846135517221,0.02417692271034442
0.853,0.8680000000000001,0.35650000000000004,0.011932781246709882,0.023865562493419763
0.853,0.8680000000000001,0.373,0.01180131490445427,0.02360262980890854
0.853,0.8680000000000001,0.3895,0.011691259223454488,0.023382518446908977
0.853,0.8680000000000001,0.406,0.011600203242875685,0.02320040648575137
0.853,0.8680000000000001,0.42250000000000004,0.011526062457401414,0.023052124914802827
0.853,0.8680000000000001,0.43900000000000006,0.011467025889182131,0.022934051778364262
0.853,0.8680000000000001,0.4555,0.011421513119312323,0.022843026238624647
0.853,0.8680000000000001,0.47200000000000003,0.011388139159191513,0.022776278318383025
0.853,0.8680000000000001,0.48850000000000005,0.01136568554249391,0.02273137108498782
0.853,0.8680000000000001,0.505,0.011353076389779232,0.022706152779558463
0.853,0.8680000000000001,0.5215000000000001,0.011349358475940435,0.02269871695188087
0.853,0.8680000000000001,0.538,0.011353684540980027,0.022707369081960055
0.853,0.8680000000000001,0.5545,0.0113652992449683,0.0227305984899366
0.853,0.8680000000000001,0.5710000000000001,0.011383527291265452,0.022767054582530904
0.853,0.8680000000000001,0.5875,0.011407763337533822,0.022815526675067643
0.853,0.8680000000000001,0.6040000000000001,0.011437463388484352,0.022874926776968705
0.853,0.8680000000000001,0.6205,0.011472137422760582,0.022944274845521164
0.853,0.8680000000000001,0.637,0.011511343052522514,0.02302268610504503
0.853,0.8680000000000001,0.6535000000000001,0.01155468005102246,0.02310936010204492
0.853,0.8680000000000001,0.67,0.011601785612795254,0.023203571225590507
0.853,0.8680000000000001,0.6865,0.01165233023470198,0.02330466046940396
0.853,0.8680000000000001,0.7030000000000001,0.011706014125115691,0.023412028250231382
0.853,0.8680000000000001,0.7195,0.01176256406403579,0.02352512812807158
0.853,0.8680000000000001,0.736,0.01182173064953814,0.02364346129907628
0.853,0.8680000000000001,0.7525000000000001,0.011883285876345288,0.023766571752690577
0.853,0.8680000000000001,0.769,0.011947021000790863,0.023894042001581725
0.853,0.8680000000000001,0.7855000000000001,0.012012744653541465,0.02402548930708293
0.853,0.8680000000000001,0.802,0.012080281167249761,0.024160562334499522
0.853,0.8680000000000001,0.8185,0.012149469091199287,0.024298938182398575
0.853,0.8680000000000001,0.8350000000000001,0.012220159869082578,0.024440319738165156
0.853,0.8680000000000001,0.8515,0.012292216659446896,0.024584433318893793
0.853,0.8680000000000001,0.8680000000000001,0.012365513281242812,0.024731026562485624
0.853,0.8680000000000001,0.8845000000000001,0.012439933269325172,0.024879866538650344
0.853,0.8680000000000001,0.901,0.012515369026817396,0.02503073805363479
0.853,0.8680000000000001,0.9175000000000001,0.012591721063000579,0.025183442126001158
0.853,0.8680000000000001,0.934,0.012668897306878136,0.025337794613756272
0.853,0.8680000000000001,0.9505,0.012746812487839734,0.025493624975679467
0.853,0.8680000000000001,0.9670000000000001,0.01282538757593983,0.02565077515187966
0.853,0.8680000000000001,0.9835,0.012904549275241919,0.025809098550483838
0.853,0.8680000000000001,1.0,0.012984229564496646,0.02596845912899329
0.853,0.8845000000000001,0.01,0.045235951669235996,0.09047190333847199
0.853,0.8845000000000001,0.026500000000000003,0.037880618669707794,0.07576123733941559
0.853,0.8845000000000001,0.043000000000000003,0.03266190135160702,0.06532380270321404
0.853,0.8845000000000001,0.059500000000000004,0.028780213627178503,0.057560427254357005
0.853,0.8845000000000001,0.076,0.02579466836584774,0.05158933673169548
0.853,0.8845000000000001,0.0925,0.02343979796790477,0.04687959593580954
0.853,0.8845000000000001,0.109,0.02154565885239933,0.04309131770479866
0.853,0.8845000000000001,0.1255,0.019998255286234577,0.039996510572469154
0.853,0.8845000000000001,0.14200000000000002,0.018718214631048894,0.03743642926209779
0.853,0.8845000000000001,0.15850000000000003,0.017648551704329284,0.03529710340865857
0.853,0.8845000000000001,0.17500000000000002,0.016747289191517217,0.033494578383034435
0.853,0.8845000000000001,0.1915,0.015982820546718055,0.03196564109343611
0.853,0.8845000000000001,0.20800000000000002,0.01533089388917555,0.0306617877783511
0.853,0.8845000000000001,0.22450000000000003,0.014772591441346638,0.029545182882693276
0.853,0.8845000000000001,0.24100000000000002,0.014292940785627505,0.02858588157125501
0.853,0.8845000000000001,0.2575,0.01387993869875171,0.02775987739750342
0.853,0.8845000000000001,0.274,0.013523851227632918,0.027047702455265835
0.853,0.8845000000000001,0.29050000000000004,0.01321670286988415,0.0264334057397683
0.853,0.8845000000000001,0.30700000000000005,0.012951897796846953,0.025903795593693907
0.853,0.8845000000000001,0.3235,0.01272393493058201,0.02544786986116402
0.853,0.8845000000000001,0.34,0.01252819081263038,0.02505638162526076
0.853,0.8845000000000001,0.35650000000000004,0.012360752160457717,0.024721504320915435
0.853,0.8845000000000001,0.373,0.012218285331425308,0.024436570662850616
0.853,0.8845000000000001,0.3895,0.012097933538648213,0.024195867077296426
0.853,0.8845000000000001,0.406,0.011997235170507013,0.023994470341014026
0.853,0.8845000000000001,0.42250000000000004,0.011914058325832156,0.023828116651664313
0.853,0.8845000000000001,0.43900000000000006,0.011846547929423015,0.02369309585884603
0.853,0.8845000000000001,0.4555,0.011793082695197153,0.023586165390394306
0.853,0.8845000000000001,0.47200000000000003,0.011752239862318992,0.023504479724637983
0.853,0.8845000000000001,0.48850000000000005,0.011722766114623992,0.023445532229247983
0.853,0.8845000000000001,0.505,0.011703553454684709,0.023407106909369417
0.853,0.8845000000000001,0.5215000000000001,0.011693619075198692,0.023387238150397383
0.853,0.8845000000000001,0.538,0.011692088476095028,0.023384176952190056
0.853,0.8845000000000001,0.5545,0.01169818123303677,0.02339636246607354
0.853,0.8845000000000001,0.5710000000000001,0.011711198944207989,0.023422397888415977
0.853,0.8845000000000001,0.5875,0.01173051497634476,0.02346102995268952
0.853,0.8845000000000001,0.6040000000000001,0.01175556570450792,0.02351113140901584
0.853,0.8845000000000001,0.6205,0.011785842997986193,0.023571685995972386
0.853,0.8845000000000001,0.637,0.011820887750515163,0.023641775501030325
0.853,0.8845000000000001,0.6535000000000001,0.011860284289515823,0.023720568579031646
0.853,0.8845000000000001,0.67,0.011903655528283248,0.023807311056566496
0.853,0.8845000000000001,0.6865,0.011950658748601066,0.023901317497202132
0.853,0.8845000000000001,0.7030000000000001,0.012000981920318777,0.024001963840637554
0.853,0.8845000000000001,0.7195,0.01205434047992982,0.02410868095985964
0.853,0.8845000000000001,0.736,0.012110474502858607,0.024220949005717213
0.853,0.8845000000000001,0.7525000000000001,0.012169146214557057,0.024338292429114113
0.853,0.8845000000000001,0.769,0.012230137794095652,0.024460275588191305
0.853,0.8845000000000001,0.7855000000000001,0.012293249431016217,0.024586498862032433
0.853,0.8845000000000001,0.802,0.012358297602115861,0.024716595204231723
0.853,0.8845000000000001,0.8185,0.012425113539750865,0.02485022707950173
0.853,0.8845000000000001,0.8350000000000001,0.012493541867361175,0.02498708373472235
0.853,0.8845000000000001,0.8515,0.012563439381371434,0.025126878762742867
0.853,0.8845000000000001,0.8680000000000001,0.01263467396154816,0.02526934792309632
0.853,0.8845000000000001,0.8845000000000001,0.012707123594344899,0.025414247188689797
0.853,0.8845000000000001,0.901,0.012780675495859529,0.025561350991719058
0.853,0.8845000000000001,0.9175000000000001,0.01285522532281367,0.02571045064562734
0.853,0.8845000000000001,0.934,0.012930676461464561,0.025861352922929123
0.853,0.8845000000000001,0.9505,0.013006939385669505,0.02601387877133901
0.853,0.8845000000000001,0.9670000000000001,0.013083931076424587,0.026167862152849174
0.853,0.8845000000000001,0.9835,0.013161574496166431,0.026323148992332863
0.853,0.8845000000000001,1.0,0.013239798111944798,0.026479596223889595
0.853,0.901,0.01,0.0452038034152896,0.0904076068305792
0.853,0.901,0.026500000000000003,0.038231588815725685,0.07646317763145137
0.853,0.901,0.043000000000000003,0.033199691771409,0.066399383542818
0.853,0.901,0.059500000000000004,0.029408127603426808,0.058816255206853615
0.853,0.901,0.076,0.026462056747372377,0.052924113494744754
0.853,0.901,0.0925,0.024119071335590235,0.04823814267118047
0.853,0.901,0.109,0.022221489627590216,0.04444297925518043
0.853,0.901,0.1255,0.020662135612237998,0.041324271224475996
0.853,0.901,0.14200000000000002,0.019365557293591414,0.03873111458718283
0.853,0.901,0.15850000000000003,0.018277076109556176,0.03655415221911235
0.853,0.901,0.17500000000000002,0.017356090483725738,0.034712180967451475
0.853,0.901,0.1915,0.016571817394381395,0.03314363478876279
0.853,0.901,0.20800000000000002,0.015900493604090512,0.031800987208181024
0.853,0.901,0.22450000000000003,0.015323483518118243,0.030646967036236487
0.853,0.901,0.24100000000000002,0.014825968192399456,0.029651936384798912
0.853,0.901,0.2575,0.014396017202114893,0.028792034404229786
0.853,0.901,0.274,0.01402391888586881,0.02804783777173762
0.853,0.901,0.29050000000000004,0.013701688721816973,0.027403377443633945
0.853,0.901,0.30700000000000005,0.013422702882224954,0.02684540576444991
0.853,0.901,0.3235,0.01318142128022745,0.0263628425604549
0.853,0.901,0.34,0.012973175599860231,0.025946351199720462
0.853,0.901,0.35650000000000004,0.012794005185654395,0.02558801037130879
0.853,0.901,0.373,0.012640528639634765,0.02528105727926953
0.853,0.901,0.3895,0.012509842377521889,0.025019684755043778
0.853,0.901,0.406,0.012399439763189307,0.024798879526378614
0.853,0.901,0.42250000000000004,0.01230714611039975,0.0246142922207995
0.853,0.901,0.43900000000000006,0.012231066034593478,0.024462132069186956
0.853,0.901,0.4555,0.01216954050131098,0.02433908100262196
0.853,0.901,0.47200000000000003,0.012121111550054787,0.024242223100109574
0.853,0.901,0.48850000000000005,0.012084493139997021,0.024168986279994042
0.853,0.901,0.505,0.012058546913272754,0.02411709382654551
0.853,0.901,0.5215000000000001,0.012042261934937352,0.024084523869874704
0.853,0.901,0.538,0.012034737668963992,0.024069475337927984
0.853,0.901,0.5545,0.012035169603201896,0.024070339206403793
0.853,0.901,0.5710000000000001,0.012042837054870338,0.024085674109740676
0.853,0.901,0.5875,0.012057092780486474,0.02411418556097295
0.853,0.901,0.6040000000000001,0.01207735408647909,0.02415470817295818
0.853,0.901,0.6205,0.012103095193791064,0.02420619038758213
0.853,0.901,0.637,0.01213384065505751,0.02426768131011502
0.853,0.901,0.6535000000000001,0.012169159659080496,0.02433831931816099
0.853,0.901,0.67,0.01220866108632173,0.02441732217264346
0.853,0.901,0.6865,0.012251989202536031,0.024503978405072062
0.853,0.901,0.7030000000000001,0.012298819896651143,0.024597639793302286
0.853,0.901,0.7195,0.01234885738444628,0.02469771476889256
0.853,0.901,0.736,0.012401831312244893,0.024803662624489787
0.853,0.901,0.7525000000000001,0.012457494205246663,0.024914988410493326
0.853,0.901,0.769,0.012515619213689603,0.025031238427379206
0.853,0.901,0.7855000000000001,0.012575998117186356,0.02515199623437271
0.853,0.901,0.802,0.012638439553462767,0.025276879106925533
0.853,0.901,0.8185,0.012702767442711855,0.02540553488542371
0.853,0.901,0.8350000000000001,0.012768819582893333,0.025537639165786667
0.853,0.901,0.8515,0.012836446394807103,0.025672892789614207
0.853,0.901,0.8680000000000001,0.012905509798716077,0.025811019597432153
0.853,0.901,0.8845000000000001,0.012975882206772413,0.025951764413544826
0.853,0.901,0.901,0.013047445617620135,0.02609489123524027
0.853,0.901,0.9175000000000001,0.013120090801351864,0.02624018160270373
0.853,0.901,0.934,0.013193716564525481,0.026387433129050963
0.853,0.901,0.9505,0.013268229086269134,0.026536458172538267
0.853,0.901,0.9670000000000001,0.013343541317624337,0.026687082635248674
0.853,0.901,0.9835,0.013419572437264271,0.026839144874528542
0.853,0.901,1.0,0.01349624735754503,0.02699249471509006
0.853,0.9175000000000001,0.01,0.045161551603105275,0.09032310320621055
0.853,0.9175000000000001,0.026500000000000003,0.038553453035782385,0.07710690607156477
0.853,0.9175000000000001,0.043000000000000003,0.03370692899447307,0.06741385798894614
0.853,0.9175000000000001,0.059500000000000004,0.03000934672967057,0.06001869345934114
0.853,0.9175000000000001,0.076,0.027107798823061226,0.05421559764612245
0.853,0.9175000000000001,0.0925,0.02478154369180718,0.04956308738361436
0.853,0.9175000000000001,0.109,0.022884739312011054,0.04576947862402211
0.853,0.9175000000000001,0.1255,0.02131696114580071,0.04263392229160142
0.853,0.9175000000000001,0.14200000000000002,0.020006732989245886,0.04001346597849177
0.853,0.9175000000000001,0.15850000000000003,0.018901773128467806,0.03780354625693561
0.853,0.9175000000000001,0.17500000000000002,0.017962947644926237,0.035925895289852475
0.853,0.9175000000000001,0.1915,0.017160379106427173,0.034320758212854345
0.853,0.9175000000000001,0.20800000000000002,0.016470862279592987,0.032941724559185974
0.853,0.9175000000000001,0.22450000000000003,0.01587610088086875,0.0317522017617375
0.853,0.9175000000000001,0.24100000000000002,0.015361475912257488,0.030722951824514975
0.853,0.9175000000000001,0.2575,0.014915167345242284,0.02983033469048457
0.853,0.9175000000000001,0.274,0.014527516178328476,0.029055032356656952
0.853,0.9175000000000001,0.29050000000000004,0.014190553412683583,0.028381106825367167
0.853,0.9175000000000001,0.30700000000000005,0.013897647092063675,0.02779529418412735
0.853,0.9175000000000001,0.3235,0.013643234249619392,0.027286468499238783
0.853,0.9175000000000001,0.34,0.013422614841962536,0.02684522968392507
0.853,0.9175000000000001,0.35650000000000004,0.013231791562421593,0.026463583124843187
0.853,0.9175000000000001,0.373,0.013067344039951322,0.026134688079902643
0.853,0.9175000000000001,0.3895,0.012926329108301621,0.025852658216603243
0.853,0.9175000000000001,0.406,0.012806201052123465,0.02561240210424693
0.853,0.9175000000000001,0.42250000000000004,0.012704747312157582,0.025409494624315163
0.853,0.9175000000000001,0.43900000000000006,0.012620036263055487,0.025240072526110973
0.853,0.9175000000000001,0.4555,0.012550374499611642,0.025100748999223283
0.853,0.9175000000000001,0.47200000000000003,0.012494271671398313,0.024988543342796626
0.853,0.9175000000000001,0.48850000000000005,0.012450411354386263,0.024900822708772526
0.853,0.9175000000000001,0.505,0.012417626784417895,0.02483525356883579
0.853,0.9175000000000001,0.5215000000000001,0.01239488053175602,0.02478976106351204
0.853,0.9175000000000001,0.538,0.01238124738999678,0.02476249477999356
0.853,0.9175000000000001,0.5545,0.012375899901851211,0.024751799803702422
0.853,0.9175000000000001,0.5710000000000001,0.012378096059888266,0.024756192119776532
0.853,0.9175000000000001,0.5875,0.012387168810570982,0.024774337621141965
0.853,0.9175000000000001,0.6040000000000001,0.012402517060741206,0.02480503412148241
0.853,0.9175000000000001,0.6205,0.012423597941738503,0.024847195883477006
0.853,0.9175000000000001,0.637,0.012449920130886999,0.024899840261773998
0.853,0.9175000000000001,0.6535000000000001,0.012481038065703205,0.02496207613140641
0.853,0.9175000000000001,0.67,0.01251654691484442,0.02503309382968884
0.853,0.9175000000000001,0.6865,0.012556078192966436,0.025112156385932873
0.853,0.9175000000000001,0.7030000000000001,0.012599295925489591,0.025198591850979182
0.853,0.9175000000000001,0.7195,0.012645893284622251,0.025291786569244502
0.853,0.9175000000000001,0.736,0.012695589630586153,0.025391179261172306
0.853,0.9175000000000001,0.7525000000000001,0.012748127902357234,0.025496255804714468
0.853,0.9175000000000001,0.769,0.012803272310803668,0.025606544621607337
0.853,0.9175000000000001,0.7855000000000001,0.012860806294231789,0.025721612588463578
0.853,0.9175000000000001,0.802,0.012920530702262314,0.025841061404524628
0.853,0.9175000000000001,0.8185,0.01298226217893473,0.02596452435786946
0.853,0.9175000000000001,0.8350000000000001,0.013045831720089954,0.026091663440179907
0.853,0.9175000000000001,0.8515,0.013111083383588651,0.026222166767177302
0.853,0.9175000000000001,0.8680000000000001,0.013177873133881862,0.026355746267763724
0.853,0.9175000000000001,0.8845000000000001,0.013246067804953054,0.026492135609906108
0.853,0.9175000000000001,0.901,0.013315544167806777,0.026631088335613555
0.853,0.9175000000000001,0.9175000000000001,0.013386188090450463,0.026772376180900927
0.853,0.9175000000000001,0.934,0.013457893779920028,0.026915787559840056
0.853,0.9175000000000001,0.9505,0.013530563097199796,0.02706112619439959
0.853,0.9175000000000001,0.9670000000000001,0.013604104937032527,0.027208209874065054
0.853,0.9175000000000001,0.9835,0.013678434665621056,0.027356869331242113
0.853,0.9175000000000001,1.0,0.013753473610045242,0.027506947220090484
0.853,0.934,0.01,0.04511060771018015,0.0902212154203603
0.853,0.934,0.026500000000000003,0.03884789965575742,0.07769579931151484
0.853,0.934,0.043000000000000003,0.03418430486503118,0.06836860973006235
0.853,0.934,0.059500000000000004,0.030583652122598393,0.061167304245196785
0.853,0.934,0.076,0.027731049607312264,0.05546209921462453
0.853,0.934,0.0925,0.025425988621780415,0.05085197724356083
0.853,0.934,0.109,0.02353397363602919,0.04706794727205838
0.853,0.934,0.1255,0.021961204600912266,0.04392240920182453
0.853,0.934,0.14200000000000002,0.02064019459144117,0.04128038918288234
0.853,0.934,0.15850000000000003,0.019521120976621065,0.03904224195324213
0.853,0.934,0.17500000000000002,0.01856639104456673,0.03713278208913346
0.853,0.934,0.1915,0.017747103113206247,0.03549420622641249
0.853,0.934,0.20800000000000002,0.01704067167569773,0.03408134335139546
0.853,0.934,0.22450000000000003,0.0164291920453599,0.0328583840907198
0.853,0.934,0.24100000000000002,0.015898288627440908,0.031796577254881817
0.853,0.934,0.2575,0.015436287565122973,0.030872575130245945
0.853,0.934,0.274,0.015033611839649876,0.030067223679299752
0.853,0.934,0.29050000000000004,0.01468233197619643,0.02936466395239286
0.853,0.934,0.30700000000000005,0.014375827543012283,0.028751655086024567
0.853,0.934,0.3235,0.014108528809691252,0.028217057619382504
0.853,0.934,0.34,0.013875717249501856,0.027751434499003712
0.853,0.934,0.35650000000000004,0.013673369814928636,0.027346739629857272
0.853,0.934,0.373,0.013498036173306732,0.026996072346613463
0.853,0.934,0.3895,0.013346741039322676,0.02669348207864535
0.853,0.934,0.406,0.013216905815170559,0.026433811630341118
0.853,0.934,0.42250000000000004,0.01310628522710999,0.02621257045421998
0.853,0.934,0.43900000000000006,0.013012915713648564,0.026025831427297128
0.853,0.934,0.4555,0.012935073099037984,0.02587014619807597
0.853,0.934,0.47200000000000003,0.012871237660237294,0.02574247532047459
0.853,0.934,0.48850000000000005,0.012820065123581177,0.025640130247162354
0.853,0.934,0.505,0.012780362449553832,0.025560724899107663
0.853,0.934,0.5215000000000001,0.012751067508520928,0.025502135017041856
0.853,0.934,0.538,0.0127312319373923,0.0254624638747846
0.853,0.934,0.5545,0.012720006611508012,0.025440013223016023
0.853,0.934,0.5710000000000001,0.012716629278163622,0.025433258556327245
0.853,0.934,0.5875,0.01272041398592789,0.02544082797185578
0.853,0.934,0.6040000000000001,0.012730742012978231,0.025461484025956462
0.853,0.934,0.6205,0.012747054052451056,0.025494108104902113
0.853,0.934,0.637,0.01276884345641898,0.02553768691283796
0.853,0.934,0.6535000000000001,0.012795650375116683,0.025591300750233366
0.853,0.934,0.67,0.012827056656202648,0.025654113312405295
0.853,0.934,0.6865,0.012862681391693867,0.025725362783387735
0.853,0.934,0.7030000000000001,0.01290217701880367,0.02580435403760734
0.853,0.934,0.7195,0.01294522589608965,0.0258904517921793
0.853,0.934,0.736,0.012991537288816852,0.025983074577633703
0.853,0.934,0.7525000000000001,0.013040844707734102,0.026081689415468203
0.853,0.934,0.769,0.013092903553974324,0.02618580710794865
0.853,0.934,0.7855000000000001,0.01314748902990699,0.02629497805981398
0.853,0.934,0.802,0.013204394281643243,0.026408788563286486
0.853,0.934,0.8185,0.013263428743891872,0.026526857487783745
0.853,0.934,0.8350000000000001,0.013324416661992302,0.026648833323984603
0.853,0.934,0.8515,0.013387195769482661,0.026774391538965322
0.853,0.934,0.8680000000000001,0.013451616102507443,0.026903232205014886
0.853,0.934,0.8845000000000001,0.013517538934922156,0.027035077869844312
0.853,0.934,0.901,0.01358483582005078,0.02716967164010156
0.853,0.934,0.9175000000000001,0.013653387726918261,0.027306775453836522
0.853,0.934,0.934,0.01372308426032599,0.02744616852065198
0.853,0.934,0.9505,0.013793822955484425,0.02758764591096885
0.853,0.934,0.9670000000000001,0.013865508639068965,0.02773101727813793
0.853,0.934,0.9835,0.013938052849574431,0.027876105699148862
0.853,0.934,1.0,0.01401137331068034,0.02802274662136068
0.853,0.9505,0.01,0.045052236968385284,0.09010447393677057
0.853,0.9505,0.026500000000000003,0.03911662247211933,0.07823324494423867
0.853,0.9505,0.043000000000000003,0.03463268139843348,0.06926536279686696
0.853,0.9505,0.059500000000000004,0.03113106786750274,0.06226213573500548
0.853,0.9505,0.076,0.02833121971421778,0.05666243942843556
0.853,0.9505,0.0925,0.026051418611065358,0.052102837222130716
0.853,0.9505,0.109,0.024167969099816597,0.048335938199633194
0.853,0.9505,0.1255,0.02259351890414215,0.0451870378082843
0.853,0.9505,0.14200000000000002,0.021264546299082192,0.042529092598164384
0.853,0.9505,0.15850000000000003,0.020133723572592636,0.04026744714518527
0.853,0.9505,0.17500000000000002,0.019165054781456435,0.03833010956291287
0.853,0.9505,0.1915,0.018330672086200546,0.03666134417240109
0.853,0.9505,0.20800000000000002,0.01760866341035579,0.03521732682071158
0.853,0.9505,0.22450000000000003,0.016981562669148898,0.033963125338297796
0.853,0.9505,0.24100000000000002,0.016435277690023065,0.03287055538004613
0.853,0.9505,0.2575,0.01595831436253123,0.03191662872506246
0.853,0.9505,0.274,0.01554120560289635,0.0310824112057927
0.853,0.9505,0.29050000000000004,0.015176084646400868,0.030352169292801736
0.853,0.9505,0.30700000000000005,0.01485636179436206,0.02971272358872412
0.853,0.9505,0.3235,0.014576476469935038,0.029152952939870077
0.853,0.9505,0.34,0.014331704867961011,0.028663409735922022
0.853,0.9505,0.35650000000000004,0.014118009173789628,0.028236018347579255
0.853,0.9505,0.373,0.013931918231325903,0.027863836462651805
0.853,0.9505,0.3895,0.013770432262818464,0.027540864525636928
0.853,0.9505,0.406,0.013630946167700045,0.02726189233540009
0.853,0.9505,0.42250000000000004,0.013511187306603974,0.027022374613207948
0.853,0.9505,0.43900000000000006,0.013409164676492443,0.026818329352984886
0.853,0.9505,0.4555,0.013323127115955244,0.02664625423191049
0.853,0.9505,0.47200000000000003,0.013251528723010641,0.026503057446021282
0.853,0.9505,0.48850000000000005,0.013193000074264556,0.026386000148529112
0.853,0.9505,0.505,0.013146324141278398,0.026292648282556796
0.853,0.9505,0.5215000000000001,0.013110416033836598,0.026220832067673196
0.853,0.9505,0.538,0.013084305879341326,0.026168611758682653
0.853,0.9505,0.5545,0.013067124286490917,0.026134248572981834
0.853,0.9505,0.5710000000000001,0.01305808994964699,0.02611617989929398
0.853,0.9505,0.5875,0.01305649903523279,0.02611299807046558
0.853,0.9505,0.6040000000000001,0.013061716058558562,0.026123432117117124
0.853,0.9505,0.6205,0.013073166012768143,0.026146332025536286
0.853,0.9505,0.637,0.013090327554140318,0.026180655108280635
0.853,0.9505,0.6535000000000001,0.013112727082223571,0.026225454164447142
0.853,0.9505,0.67,0.013139933580849649,0.026279867161699298
0.853,0.9505,0.6865,0.013171554108552115,0.02634310821710423
0.853,0.9505,0.7030000000000001,0.013207229845148154,0.026414459690296307
0.853,0.9505,0.7195,0.013246632616255312,0.026493265232510624
0.853,0.9505,0.736,0.013289461829827803,0.026578923659655605
0.853,0.9505,0.7525000000000001,0.01333544176896792,0.02667088353793584
0.853,0.9505,0.769,0.013384319193744524,0.02676863838748905
0.853,0.9505,0.7855000000000001,0.013435861211749806,0.02687172242349961
0.853,0.9505,0.802,0.013489853383035757,0.026979706766071514
0.853,0.9505,0.8185,0.01354609802997132,0.02709219605994264
0.853,0.9505,0.8350000000000001,0.013604412726736844,0.027208825453473688
0.853,0.9505,0.8515,0.013664628946662162,0.027329257893324323
0.853,0.9505,0.8680000000000001,0.013726590848570726,0.027453181697141452
0.853,0.9505,0.8845000000000001,0.013790154185842987,0.027580308371685975
0.853,0.9505,0.901,0.013855185324022056,0.027710370648044113
0.853,0.9505,0.9175000000000001,0.01392156035464264,0.02784312070928528
0.853,0.9505,0.934,0.013989164294538822,0.027978328589077645
0.853,0.9505,0.9505,0.014057890361206365,0.02811578072241273
0.853,0.9505,0.9670000000000001,0.014127639315997401,0.028255278631994802
0.853,0.9505,0.9835,0.014198318867891383,0.028396637735782767
0.853,0.9505,1.0,0.014269843131486368,0.028539686262972735
0.853,0.9670000000000001,0.01,0.04498756981968043,0.08997513963936087
0.853,0.9670000000000001,0.026500000000000003,0.039361296627093006,0.07872259325418601
0.853,0.9670000000000001,0.043000000000000003,0.03505305345106209,0.07010610690212418
0.853,0.9670000000000001,0.059500000000000004,0.03165182783944455,0.0633036556788891
0.853,0.9670000000000001,0.076,0.028907951384750122,0.057815902769500244
0.853,0.9670000000000001,0.0925,0.026657069973142773,0.053314139946285546
0.853,0.9670000000000001,0.109,0.024785704931621487,0.049571409863242974
0.853,0.9670000000000001,0.1255,0.02321273421581979,0.04642546843163958
0.853,0.9670000000000001,0.14200000000000002,0.021878544097766697,0.043757088195533395
0.853,0.9670000000000001,0.15850000000000003,0.020738313222953504,0.04147662644590701
0.853,0.9670000000000001,0.17500000000000002,0.019757680724607186,0.03951536144921437
0.853,0.9670000000000001,0.1915,0.01890985873410884,0.03781971746821768
0.853,0.9670000000000001,0.20800000000000002,0.018173654104773646,0.03634730820954729
0.853,0.9670000000000001,0.22450000000000003,0.01753208077786967,0.03506416155573934
0.853,0.9670000000000001,0.24100000000000002,0.016971366256730822,0.033942732513461644
0.853,0.9670000000000001,0.2575,0.016480227238781026,0.03296045447756205
0.853,0.9670000000000001,0.274,0.01604933287638821,0.03209866575277642
0.853,0.9670000000000001,0.29050000000000004,0.015670901242803095,0.03134180248560619
0.853,0.9670000000000001,0.30700000000000005,0.01533839192959903,0.03067678385919806
0.853,0.9670000000000001,0.3235,0.015046269057423971,0.030092538114847942
0.853,0.9670000000000001,0.34,0.014789816563436862,0.029579633126873724
0.853,0.9670000000000001,0.35650000000000004,0.014564992782477425,0.02912998556495485
0.853,0.9670000000000001,0.373,0.014368314900201918,0.028736629800403837
0.853,0.9670000000000001,0.3895,0.014196766354215648,0.028393532708431295
0.853,0.9670000000000001,0.406,0.014047722035494868,0.028095444070989736
0.853,0.9670000000000001,0.42250000000000004,0.013918887421658335,0.02783777484331667
0.853,0.9670000000000001,0.43900000000000006,0.013808248705820729,0.027616497411641457
0.853,0.9670000000000001,0.4555,0.013714031671566288,0.027428063343132577
0.853,0.9670000000000001,0.47200000000000003,0.013634667575705481,0.027269335151410962
0.853,0.9670000000000001,0.48850000000000005,0.01356876468447964,0.02713752936895928
0.853,0.9670000000000001,0.505,0.013515084400057213,0.027030168800114426
0.853,0.9670000000000001,0.5215000000000001,0.013472521136678862,0.026945042273357724
0.853,0.9670000000000001,0.538,0.01344008527727671,0.02688017055455342
0.853,0.9670000000000001,0.5545,0.01341688867450507,0.02683377734901014
0.853,0.9670000000000001,0.5710000000000001,0.013402132264121989,0.026804264528243978
0.853,0.9670000000000001,0.5875,0.013395095440530866,0.026790190881061732
0.853,0.9670000000000001,0.6040000000000001,0.013395126909101118,0.026790253818202235
0.853,0.9670000000000001,0.6205,0.01340163678148697,0.02680327356297394
0.853,0.9670000000000001,0.637,0.01341408972153875,0.0268281794430775
0.853,0.9670000000000001,0.6535000000000001,0.013431998982674552,0.026863997965349103
0.853,0.9670000000000001,0.67,0.013454921204544716,0.026909842409089432
0.853,0.9670000000000001,0.6865,0.013482451858743012,0.026964903717486024
0.853,0.9670000000000001,0.7030000000000001,0.013514221251228566,0.02702844250245713
0.853,0.9670000000000001,0.7195,0.013549891003833373,0.027099782007666745
0.853,0.9670000000000001,0.736,0.013589150949352691,0.027178301898705383
0.853,0.9670000000000001,0.7525000000000001,0.013631716384740917,0.027263432769481833
0.853,0.9670000000000001,0.769,0.013677325635283196,0.027354651270566393
0.853,0.9670000000000001,0.7855000000000001,0.013725737889564086,0.02745147577912817
0.853,0.9670000000000001,0.802,0.013776731270865476,0.027553462541730953
0.853,0.9670000000000001,0.8185,0.013830101115530694,0.027660202231061387
0.853,0.9670000000000001,0.8350000000000001,0.013885658432941317,0.027771316865882634
0.853,0.9670000000000001,0.8515,0.013943228525242182,0.027886457050484363
0.853,0.9670000000000001,0.8680000000000001,0.014002649747894384,0.02800529949578877
0.853,0.9670000000000001,0.8845000000000001,0.014063772394669547,0.028127544789339095
0.853,0.9670000000000001,0.901,0.0141264576928164,0.0282529153856328
0.853,0.9670000000000001,0.9175000000000001,0.014190576895985562,0.028381153791971123
0.853,0.9670000000000001,0.934,0.014256010464059585,0.02851202092811917
0.853,0.9670000000000001,0.9505,0.014322647320389965,0.02864529464077993
0.853,0.9670000000000001,0.9670000000000001,0.014390384178108156,0.02878076835621631
0.853,0.9670000000000001,0.9835,0.014459124928188568,0.028918249856377136
0.853,0.9670000000000001,1.0,0.014528780082812788,0.029057560165625575
0.853,0.9835,0.01,0.044917613222641435,0.08983522644528287
0.853,0.9835,0.026500000000000003,0.03958355951242545,0.0791671190248509
0.853,0.9835,0.043000000000000003,0.035446515307674606,0.07089303061534921
0.853,0.9835,0.059500000000000004,0.03214634378252248,0.06429268756504496
0.853,0.9835,0.076,0.02946109376145879,0.05892218752291758
0.853,0.9835,0.0925,0.027242385916562424,0.05448477183312485
0.853,0.9835,0.109,0.02538635273459123,0.05077270546918246
0.853,0.9835,0.1255,0.023817852579767086,0.04763570515953417
0.853,0.9835,0.14200000000000002,0.02248109399329283,0.04496218798658566
0.853,0.9835,0.15850000000000003,0.021333751312893313,0.04266750262578663
0.853,0.9835,0.17500000000000002,0.02034312081899381,0.04068624163798762
0.853,0.9835,0.1915,0.019483529115990342,0.038967058231980684
0.853,0.9835,0.20800000000000002,0.018734539275490764,0.03746907855098153
0.853,0.9835,0.22450000000000003,0.018079680939999062,0.036159361879998124
0.853,0.9835,0.24100000000000002,0.017505533545474947,0.03501106709094989
0.853,0.9835,0.2575,0.017001052900916937,0.034002105801833875
0.853,0.9835,0.274,0.016557068812166932,0.033114137624333864
0.853,0.9835,0.29050000000000004,0.016165905049991602,0.032331810099983205
0.853,0.9835,0.30700000000000005,0.01582108821804725,0.0316421764360945
0.853,0.9835,0.3235,0.015517122147032606,0.031034244294065212
0.853,0.9835,0.34,0.015249311218527638,0.030498622437055277
0.853,0.9835,0.35650000000000004,0.015013620662927073,0.030027241325854145
0.853,0.9835,0.373,0.014806565104455386,0.029613130208910772
0.853,0.9835,0.3895,0.014625118905115279,0.029250237810230558
0.853,0.9835,0.406,0.014466643489476464,0.028933286978952928
0.853,0.9835,0.42250000000000004,0.014328828012560604,0.028657656025121207
0.853,0.9835,0.43900000000000006,0.01420964059761032,0.02841928119522064
0.853,0.9835,0.4555,0.014107288010462427,0.028214576020924854
0.853,0.9835,0.47200000000000003,0.01402018211565492,0.02804036423130984
0.853,0.9835,0.48850000000000005,0.013946911820340283,0.027893823640680566
0.853,0.9835,0.505,0.013886219486778732,0.027772438973557464
0.853,0.9835,0.5215000000000001,0.013836981004954058,0.027673962009908116
0.853,0.9835,0.538,0.013798188879834267,0.027596377759668535
0.853,0.9835,0.5545,0.013768937814665736,0.027537875629331472
0.853,0.9835,0.5710000000000001,0.013748412371242804,0.027496824742485607
0.853,0.9835,0.5875,0.01373587636658187,0.02747175273316374
0.853,0.9835,0.6040000000000001,0.013730663727796561,0.027461327455593123
0.853,0.9835,0.6205,0.013732170576767006,0.02746434115353401
0.853,0.9835,0.637,0.013739848356158997,0.027479696712317994
0.853,0.9835,0.6535000000000001,0.013753197840675113,0.027506395681350226
0.853,0.9835,0.67,0.013771763903542594,0.02754352780708519
0.853,0.9835,0.6865,0.01379513092965393,0.02759026185930786
0.853,0.9835,0.7030000000000001,0.01382291878422123,0.02764583756844246
0.853,0.9835,0.7195,0.01385477926019815,0.0277095585203963
0.853,0.9835,0.736,0.01389039293959812,0.02778078587919624
0.853,0.9835,0.7525000000000001,0.013929466413678374,0.02785893282735675
0.853,0.9835,0.769,0.013971729815175839,0.027943459630351677
0.853,0.9835,0.7855000000000001,0.014016934622612094,0.028033869245224188
0.853,0.9835,0.802,0.014064851702421853,0.028129703404843706
0.853,0.9835,0.8185,0.014115269559527703,0.028230539119055407
0.853,0.9835,0.8350000000000001,0.014167992771006424,0.02833598554201285
0.853,0.9835,0.8515,0.01422284058099754,0.02844568116199508
0.853,0.9835,0.8680000000000001,0.014279645637898663,0.028559291275797326
0.853,0.9835,0.8845000000000001,0.014338252857406437,0.028676505714812874
0.853,0.9835,0.901,0.014398518397097517,0.028797036794195034
0.853,0.9835,0.9175000000000001,0.01446030873006511,0.02892061746013022
0.853,0.9835,0.934,0.014523499806683564,0.02904699961336713
0.853,0.9835,0.9505,0.014587976294958895,0.02917595258991779
0.853,0.9835,0.9670000000000001,0.014653630891042303,0.029307261782084607
0.853,0.9835,0.9835,0.014720363692535465,0.02944072738507093
0.853,0.9835,1.0,0.014788081628061401,0.029576163256122803
0.853,1.0,0.01,0.044843261594630444,0.08968652318926089
0.853,1.0,0.026500000000000003,0.03978499610374141,0.07956999220748281
0.853,1.0,0.043000000000000003,0.03581423130562194,0.07162846261124388
0.853,1.0,0.059500000000000004,0.03261517526179915,0.0652303505235983
0.853,1.0,0.076,0.029990678164747743,0.059981356329495486
0.853,1.0,0.0925,0.027806998447753285,0.05561399689550657
0.853,1.0,0.109,0.025969264388620364,0.05193852877724073
0.853,1.0,0.1255,0.02440804063096323,0.04881608126192646
0.853,1.0,0.14200000000000002,0.02307124832762234,0.04614249665524468
0.853,1.0,0.15850000000000003,0.021919027218042234,0.04383805443608447
0.853,1.0,0.17500000000000002,0.020920337800238963,0.041840675600477925
0.853,1.0,0.1915,0.020050644563102283,0.040101289126204566
0.853,1.0,0.20800000000000002,0.019290296027420217,0.038580592054840435
0.853,1.0,0.22450000000000003,0.01862336741803575,0.0372467348360715
0.853,1.0,0.24100000000000002,0.01803681822349979,0.03607363644699958
0.853,1.0,0.2575,0.017519868733127247,0.035039737466254495
0.853,1.0,0.274,0.017063531755960065,0.03412706351192013
0.853,1.0,0.29050000000000004,0.016660256176671235,0.03332051235334247
0.853,1.0,0.30700000000000005,0.01630365233866424,0.03260730467732848
0.853,1.0,0.3235,0.015988278123492124,0.03197655624698425
0.853,1.0,0.34,0.01570947061864361,0.03141894123728722
0.853,1.0,0.35650000000000004,0.015463212420738205,0.03092642484147641
0.853,1.0,0.373,0.015246024531564215,0.03049204906312843
0.853,1.0,0.3895,0.015054879871831585,0.03010975974366317
0.853,1.0,0.406,0.014887132925119449,0.029774265850238898
0.853,1.0,0.42250000000000004,0.014740462107652279,0.029480924215304558
0.853,1.0,0.43900000000000006,0.014612822257056792,0.029225644514113584
0.853,1.0,0.4555,0.014502405226400597,0.029004810452801195
0.853,1.0,0.47200000000000003,0.014407607015255848,0.028815214030511696
0.853,1.0,0.48850000000000005,0.01432700020708499,0.02865400041416998
0.853,1.0,0.505,0.0142593107401555,0.028518621480311
0.853,1.0,0.5215000000000001,0.014203398237817482,0.028406796475634963
0.853,1.0,0.538,0.01415823927813522,0.02831647855627044
0.853,1.0,0.5545,0.014122913103272386,0.028245826206544773
0.853,1.0,0.5710000000000001,0.014096589363809454,0.02819317872761891
0.853,1.0,0.5875,0.014078517568111513,0.028157035136223026
0.853,1.0,0.6040000000000001,0.01406801796663522,0.02813603593327044
0.853,1.0,0.6205,0.014064473648838989,0.028128947297677977
0.853,1.0,0.637,0.014067323668889405,0.02813464733777881
0.853,1.0,0.6535000000000001,0.014076057047507761,0.028152114095015522
0.853,1.0,0.67,0.014090207522648529,0.028180415045297058
0.853,1.0,0.6865,0.0141093489423785,0.028218697884757
0.853,1.0,0.7030000000000001,0.014133091210376626,0.028266182420753252
0.853,1.0,0.7195,0.014161076708394196,0.02832215341678839
0.853,1.0,0.736,0.014192977131692678,0.028385954263385357
0.853,1.0,0.7525000000000001,0.014228490683040067,0.028456981366080134
0.853,1.0,0.769,0.01426733957891478,0.02853467915782956
0.853,1.0,0.7855000000000001,0.014309267828267054,0.02861853565653411
0.853,1.0,0.802,0.014354039249838534,0.02870807849967707
0.853,1.0,0.8185,0.014401435698812777,0.028802871397625555
0.853,1.0,0.8350000000000001,0.014451255477554924,0.028902510955109848
0.853,1.0,0.8515,0.014503311908641677,0.029006623817283354
0.853,1.0,0.8680000000000001,0.01455743205126974,0.02911486410253948
0.853,1.0,0.8845000000000001,0.01461345554460472,0.02922691108920944
0.853,1.0,0.901,0.014671233563739342,0.029342467127478684
0.853,1.0,0.9175000000000001,0.014730627875765219,0.029461255751530437
0.853,1.0,0.934,0.014791509985000065,0.02958301997000013
0.853,1.0,0.9505,0.014853760357777995,0.02970752071555599
0.853,1.0,0.9670000000000001,0.014917267718336248,0.029834535436672496
0.853,1.0,0.9835,0.01498192840839887,0.02996385681679774
0.853,1.0,1.0,0.015047645803860985,0.03009529160772197
0.01,0.01,0.01,0.011355931922960567,0.022711863845921134
0.01,0.01,0.026500000000000003,0.011355529374247705,0.02271105874849541
0.01,0.01,0.043000000000000003,0.01135515406760574,0.02271030813521148
0.01,0.01,0.059500000000000004,0.01135478342211433,0.02270956684422866
0.01,0.01,0.076,0.011354414466792775,0.02270882893358555
0.01,0.01,0.0925,0.011354046350653497,0.022708092701306994
0.01,0.01,0.109,0.01135367873812138,0.02270735747624276
0.01,0.01,0.1255,0.011353311470214681,0.022706622940429362
0.01,0.01,0.14200000000000002,0.011352944461946875,0.02270588892389375
0.01,0.01,0.15850000000000003,0.011352577663811583,0.022705155327623166
0.01,0.01,0.17500000000000002,0.011352211045059245,0.02270442209011849
0.01,0.01,0.1915,0.011351844585613252,0.022703689171226504
0.01,0.01,0.20800000000000002,0.01135147827183534,0.02270295654367068
0.01,0.01,0.22450000000000003,0.011351112094163061,0.022702224188326122
0.01,0.01,0.24100000000000002,0.011350746045713388,0.022701492091426776
0.01,0.01,0.2575,0.011350380121422497,0.022700760242844994
0.01,0.01,0.274,0.01135001431750031,0.02270002863500062
0.01,0.01,0.29050000000000004,0.011349648631066422,0.022699297262132843
0.01,0.01,0.30700000000000005,0.011349283059907948,0.022698566119815897
0.01,0.01,0.3235,0.011348917602307091,0.022697835204614183
0.01,0.01,0.34,0.01134855225692333,0.02269710451384666
0.01,0.01,0.35650000000000004,0.011348187022702636,0.02269637404540527
0.01,0.01,0.373,0.011347821898815537,0.022695643797631074
0.01,0.01,0.3895,0.011347456884614212,0.022694913769228425
0.01,0.01,0.406,0.011347091979588988,0.022694183959177976
0.01,0.01,0.42250000000000004,0.011346727183341294,0.02269345436668259
0.01,0.01,0.43900000000000006,0.011346362495568979,0.022692724991137957
0.01,0.01,0.4555,0.011345997916042162,0.022691995832084325
0.01,0.01,0.47200000000000003,0.01134563344459584,0.02269126688919168
0.01,0.01,0.48850000000000005,0.011345269081114898,0.022690538162229795
0.01,0.01,0.505,0.011344904825527857,0.022689809651055715
0.01,0.01,0.5215000000000001,0.011344540677799218,0.022689081355598436
0.01,0.01,0.538,0.011344176637924922,0.022688353275849844
0.01,0.01,0.5545,0.01134381270592648,0.02268762541185296
0.01,0.01,0.5710000000000001,0.011343448881848085,0.02268689776369617
0.01,0.01,0.5875,0.011343085165753776,0.022686170331507553
0.01,0.01,0.6040000000000001,0.011342721557721707,0.022685443115443415
0.01,0.01,0.6205,0.011342358057845784,0.022684716115691568
0.01,0.01,0.637,0.011341994666235169,0.022683989332470338
0.01,0.01,0.6535000000000001,0.011341631383003783,0.022683262766007566
0.01,0.01,0.67,0.011341268208280549,0.022682536416561098
0.01,0.01,0.6865,0.011340905142198801,0.022681810284397603
0.01,0.01,0.7030000000000001,0.011340542184902254,0.022681084369804507
0.01,0.01,0.7195,0.011340179336538333,0.022680358673076665
0.01,0.01,0.736,0.011339816597262981,0.022679633194525962
0.01,0.01,0.7525000000000001,0.011339453967235775,0.02267890793447155
0.01,0.01,0.769,0.011339091446618509,0.022678182893237017
0.01,0.01,0.7855000000000001,0.011338729035581656,0.022677458071163312
0.01,0.01,0.802,0.011338366734293635,0.02267673346858727
0.01,0.01,0.8185,0.011338004542932297,0.022676009085864594
0.01,0.01,0.8350000000000001,0.011337642461673235,0.02267528492334647
0.01,0.01,0.8515,0.011337280490698163,0.022674560981396325
0.01,0.01,0.8680000000000001,0.011336918630188986,0.02267383726037797
0.01,0.01,0.8845000000000001,0.0113365568803275,0.022673113760655
0.01,0.01,0.901,0.011336195241302567,0.022672390482605134
0.01,0.01,0.9175000000000001,0.011335833713302846,0.02267166742660569
0.01,0.01,0.934,0.011335472296516089,0.022670944593032177
0.01,0.01,0.9505,0.01133511099113284,0.02267022198226568
0.01,0.01,0.9670000000000001,0.011334749797345873,0.022669499594691746
0.01,0.01,0.9835,0.011334388715348465,0.02266877743069693
0.01,0.01,1.0,0.011334027745334362,0.022668055490668724
0.01,0.026500000000000003,0.01,0.011355454131020308,0.022710908262040617
0.01,0.026500000000000003,0.026500000000000003,0.011354386512694348,0.022708773025388696
0.01,0.026500000000000003,0.043000000000000003,0.01135339169833171,0.02270678339666342
0.01,0.026500000000000003,0.059500000000000004,0.011352409707754033,0.022704819415508067
0.01,0.026500000000000003,0.076,0.01135143265241012,0.02270286530482024
0.01,0.026500000000000003,0.0925,0.011350458275270406,0.022700916550540812
0.01,0.026500000000000003,0.109,0.011349485688432484,0.022698971376864968
0.01,0.026500000000000003,0.1255,0.011348514473088217,0.022697028946176433
0.01,0.026500000000000003,0.14200000000000002,0.011347544406983278,0.022695088813966556
0.01,0.026500000000000003,0.15850000000000003,0.011346575362101922,0.022693150724203845
0.01,0.026500000000000003,0.17500000000000002,0.011345607260239433,0.022691214520478866
0.01,0.026500000000000003,0.1915,0.011344640051534773,0.022689280103069545
0.01,0.026500000000000003,0.20800000000000002,0.01134367370322789,0.02268734740645578
0.01,0.026500000000000003,0.22450000000000003,0.01134270819337025,0.0226854163867405
0.01,0.026500000000000003,0.24100000000000002,0.011341743507118172,0.022683487014236343
0.01,0.026500000000000003,0.2575,0.011340779634459177,0.022681559268918353
0.01,0.026500000000000003,0.274,0.01133981656874602,0.02267963313749204
0.01,0.026500000000000003,0.29050000000000004,0.011338854305746694,0.02267770861149339
0.01,0.026500000000000003,0.30700000000000005,0.011337892842984632,0.022675785685969264
0.01,0.026500000000000003,0.3235,0.01133693217929465,0.0226738643585893
0.01,0.026500000000000003,0.34,0.01133597231449935,0.0226719446289987
0.01,0.026500000000000003,0.35650000000000004,0.011335013249178698,0.022670026498357396
0.01,0.026500000000000003,0.373,0.011334054984496338,0.022668109968992677
0.01,0.026500000000000003,0.3895,0.01133309752208208,0.02266619504416416
0.01,0.026500000000000003,0.406,0.011332140863927585,0.02266428172785517
0.01,0.026500000000000003,0.42250000000000004,0.011331185012316005,0.02266237002463201
0.01,0.026500000000000003,0.43900000000000006,0.011330229969766105,0.02266045993953221
0.01,0.026500000000000003,0.4555,0.01132927573898628,0.02265855147797256
0.01,0.026500000000000003,0.47200000000000003,0.011328322322839469,0.022656644645678937
0.01,0.026500000000000003,0.48850000000000005,0.011327369724318317,0.022654739448636635
0.01,0.026500000000000003,0.505,0.011326417946516341,0.022652835893032682
0.01,0.026500000000000003,0.5215000000000001,0.011325466992615042,0.022650933985230083
0.01,0.026500000000000003,0.538,0.01132451686586766,0.02264903373173532
0.01,0.026500000000000003,0.5545,0.011323567569583005,0.02264713513916601
0.01,0.026500000000000003,0.5710000000000001,0.01132261910712366,0.02264523821424732
0.01,0.026500000000000003,0.5875,0.011321671481889098,0.022643342963778196
0.01,0.026500000000000003,0.6040000000000001,0.011320724697313357,0.022641449394626714
0.01,0.026500000000000003,0.6205,0.011319778756857999,0.022639557513715998
0.01,0.026500000000000003,0.637,0.011318833664005294,0.022637667328010588
0.01,0.026500000000000003,0.6535000000000001,0.011317889422258486,0.022635778844516972
0.01,0.026500000000000003,0.67,0.011316946035132943,0.022633892070265886
0.01,0.026500000000000003,0.6865,0.011316003506153064,0.022632007012306127
0.01,0.026500000000000003,0.7030000000000001,0.01131506183885722,0.02263012367771444
0.01,0.026500000000000003,0.7195,0.011314121036785588,0.022628242073571177
0.01,0.026500000000000003,0.736,0.011313181103486064,0.022626362206972127
0.01,0.026500000000000003,0.7525000000000001,0.011312242042502715,0.02262448408500543
0.01,0.026500000000000003,0.769,0.011311303857391614,0.02262260771478323
0.01,0.026500000000000003,0.7855000000000001,0.011310366551696285,0.02262073310339257
0.01,0.026500000000000003,0.802,0.011309430128965492,0.022618860257930983
0.01,0.026500000000000003,0.8185,0.011308494592742522,0.022616989185485045
0.01,0.026500000000000003,0.8350000000000001,0.011307559946572102,0.022615119893144204
0.01,0.026500000000000003,0.8515,0.011306626193986709,0.022613252387973418
0.01,0.026500000000000003,0.8680000000000001,0.011305693338518833,0.022611386677037666
0.01,0.026500000000000003,0.8845000000000001,0.011304761383693268,0.022609522767386536
0.01,0.026500000000000003,0.901,0.011303830333029117,0.022607660666058235
0.01,0.026500000000000003,0.9175000000000001,0.011302900190039131,0.022605800380078263
0.01,0.026500000000000003,0.934,0.01130197095822722,0.02260394191645444
0.01,0.026500000000000003,0.9505,0.011301042641089628,0.022602085282179257
0.01,0.026500000000000003,0.9670000000000001,0.011300115242115555,0.02260023048423111
0.01,0.026500000000000003,0.9835,0.011299188764783136,0.022598377529566272
0.01,0.026500000000000003,1.0,0.011298263212562925,0.02259652642512585
0.01,0.043000000000000003,0.01,0.01135479024087534,0.02270958048175068
0.01,0.043000000000000003,0.026500000000000003,0.011353054502578175,0.02270610900515635
0.01,0.043000000000000003,0.043000000000000003,0.011351438165111727,0.022702876330223453
0.01,0.043000000000000003,0.059500000000000004,0.011349843465619956,0.022699686931239912
0.01,0.043000000000000003,0.076,0.01134825755582814,0.02269651511165628
0.01,0.043000000000000003,0.0925,0.011346676767383441,0.022693353534766883
0.01,0.043000000000000003,0.109,0.011345099663704965,0.02269019932740993
0.01,0.043000000000000003,0.1255,0.011343525572830875,0.02268705114566175
0.01,0.043000000000000003,0.14200000000000002,0.011341954143155199,0.022683908286310398
0.01,0.043000000000000003,0.15850000000000003,0.011340385176629941,0.022680770353259883
0.01,0.043000000000000003,0.17500000000000002,0.011338818556356848,0.022677637112713697
0.01,0.043000000000000003,0.1915,0.011337254211580316,0.02267450842316063
0.01,0.043000000000000003,0.20800000000000002,0.011335692099369575,0.02267138419873915
0.01,0.043000000000000003,0.22450000000000003,0.011334132194357218,0.022668264388714436
0.01,0.043000000000000003,0.24100000000000002,0.011332574482705568,0.022665148965411136
0.01,0.043000000000000003,0.2575,0.011331018958394288,0.022662037916788575
0.01,0.043000000000000003,0.274,0.011329465620830285,0.02265893124166057
0.01,0.043000000000000003,0.29050000000000004,0.011327914473297649,0.022655828946595298
0.01,0.043000000000000003,0.30700000000000005,0.01132636552188666,0.02265273104377332
0.01,0.043000000000000003,0.3235,0.011324818774767677,0.022649637549535355
0.01,0.043000000000000003,0.34,0.011323274241657218,0.022646548483314436
0.01,0.043000000000000003,0.35650000000000004,0.011321731933445274,0.022643463866890548
0.01,0.043000000000000003,0.373,0.011320191861927058,0.022640383723854116
0.01,0.043000000000000003,0.3895,0.011318654039575394,0.02263730807915079
0.01,0.043000000000000003,0.406,0.011317118479411343,0.022634236958822686
0.01,0.043000000000000003,0.42250000000000004,0.011315585194855555,0.02263117038971111
0.01,0.043000000000000003,0.43900000000000006,0.011314054199660195,0.02262810839932039
0.01,0.043000000000000003,0.4555,0.011312525507820402,0.022625051015640805
0.01,0.043000000000000003,0.47200000000000003,0.011310999133519831,0.022621998267039662
0.01,0.043000000000000003,0.48850000000000005,0.011309475091088091,0.022618950182176183
0.01,0.043000000000000003,0.505,0.011307953394963587,0.022615906789927174
0.01,0.043000000000000003,0.5215000000000001,0.011306434059654905,0.02261286811930981
0.01,0.043000000000000003,0.538,0.011304917099730845,0.02260983419946169
0.01,0.043000000000000003,0.5545,0.011303402529781655,0.02260680505956331
0.01,0.043000000000000003,0.5710000000000001,0.0113018903644201,0.0226037807288402
0.01,0.043000000000000003,0.5875,0.011300380618256434,0.02260076123651287
0.01,0.043000000000000003,0.6040000000000001,0.011298873305888033,0.022597746611776066
0.01,0.043000000000000003,0.6205,0.011297368441891949,0.022594736883783897
0.01,0.043000000000000003,0.637,0.0112958660408142,0.0225917320816284
0.01,0.043000000000000003,0.6535000000000001,0.011294366117165422,0.022588732234330843
0.01,0.043000000000000003,0.67,0.011292868685408127,0.022585737370816254
0.01,0.043000000000000003,0.6865,0.011291373759960133,0.022582747519920267
0.01,0.043000000000000003,0.7030000000000001,0.011289881355183566,0.022579762710367133
0.01,0.043000000000000003,0.7195,0.011288391485378345,0.02257678297075669
0.01,0.043000000000000003,0.736,0.011286904164791561,0.022573808329583122
0.01,0.043000000000000003,0.7525000000000001,0.011285419407595169,0.022570838815190338
0.01,0.043000000000000003,0.769,0.01128393722790136,0.02256787445580272
0.01,0.043000000000000003,0.7855000000000001,0.011282457639747945,0.02256491527949589
0.01,0.043000000000000003,0.802,0.01128098065710146,0.02256196131420292
0.01,0.043000000000000003,0.8185,0.01127950629385337,0.02255901258770674
0.01,0.043000000000000003,0.8350000000000001,0.011278034563819796,0.02255606912763959
0.01,0.043000000000000003,0.8515,0.011276565480736715,0.02255313096147343
0.01,0.043000000000000003,0.8680000000000001,0.011275099058264649,0.022550198116529297
0.01,0.043000000000000003,0.8845000000000001,0.011273635309978233,0.022547270619956466
0.01,0.043000000000000003,0.901,0.01127217424937484,0.02254434849874968
0.01,0.043000000000000003,0.9175000000000001,0.011270715889866532,0.022541431779733064
0.01,0.043000000000000003,0.934,0.011269260244781216,0.02253852048956243
0.01,0.043000000000000003,0.9505,0.01126780732736188,0.02253561465472376
0.01,0.043000000000000003,0.9670000000000001,0.011266357150765467,0.022532714301530934
0.01,0.043000000000000003,0.9835,0.011264909728062383,0.022529819456124766
0.01,0.043000000000000003,1.0,0.01126346507223551,0.02252693014447102
0.01,0.059500000000000004,0.01,0.011353938059778796,0.02270787611955759
0.01,0.059500000000000004,0.026500000000000003,0.011351528856264066,0.022703057712528132
0.01,0.059500000000000004,0.043000000000000003,0.011349287011214123,0.022698574022428246
0.01,0.059500000000000004,0.059500000000000004,0.011347076351465316,0.022694152702930633
0.01,0.059500000000000004,0.076,0.011344878999922757,0.022689757999845513
0.01,0.059500000000000004,0.0925,0.011342689868148436,0.022685379736296873
0.01,0.059500000000000004,0.109,0.011340506976691903,0.022681013953383806
0.01,0.059500000000000004,0.1255,0.011338329411159276,0.022676658822318552
0.01,0.059500000000000004,0.14200000000000002,0.011336156703277924,0.022672313406555848
0.01,0.059500000000000004,0.15850000000000003,0.011333988598551859,0.022667977197103718
0.01,0.059500000000000004,0.17500000000000002,0.01133182495534771,0.02266364991069542
0.01,0.059500000000000004,0.1915,0.011329665696160573,0.022659331392321146
0.01,0.059500000000000004,0.20800000000000002,0.011327510782060495,0.02265502156412099
0.01,0.059500000000000004,0.22450000000000003,0.011325360198417452,0.022650720396834904
0.01,0.059500000000000004,0.24100000000000002,0.011323213946487158,0.022646427892974316
0.01,0.059500000000000004,0.2575,0.011321072038223773,0.022642144076447546
0.01,0.059500000000000004,0.274,0.011318934492974421,0.022637868985948842
0.01,0.059500000000000004,0.29050000000000004,0.011316801335295223,0.022633602670590447
0.01,0.059500000000000004,0.30700000000000005,0.01131467259347066,0.02262934518694132
0.01,0.059500000000000004,0.3235,0.011312548298487496,0.02262509659697499
0.01,0.059500000000000004,0.34,0.011310428483303216,0.022620856966606432
0.01,0.059500000000000004,0.35650000000000004,0.011308313182322074,0.02261662636464415
0.01,0.059500000000000004,0.373,0.011306202431002579,0.022612404862005157
0.01,0.059500000000000004,0.3895,0.011304096265569006,0.02260819253113801
0.01,0.059500000000000004,0.406,0.011301994722800865,0.02260398944560173
0.01,0.059500000000000004,0.42250000000000004,0.011299897839846673,0.022599795679693346
0.01,0.059500000000000004,0.43900000000000006,0.011297805654106353,0.022595611308212707
0.01,0.059500000000000004,0.4555,0.011295718203121202,0.022591436406242404
0.01,0.059500000000000004,0.47200000000000003,0.011293635524498582,0.022587271048997163
0.01,0.059500000000000004,0.48850000000000005,0.011291557655838728,0.022583115311677456
0.01,0.059500000000000004,0.505,0.011289484634684297,0.022578969269368594
0.01,0.059500000000000004,0.5215000000000001,0.011287416498481525,0.02257483299696305
0.01,0.059500000000000004,0.538,0.011285353284535869,0.022570706569071737
0.01,0.059500000000000004,0.5545,0.011283295029990618,0.022566590059981236
0.01,0.059500000000000004,0.5710000000000001,0.01128124177179558,0.02256248354359116
0.01,0.059500000000000004,0.5875,0.011279193546688838,0.022558387093377676
0.01,0.059500000000000004,0.6040000000000001,0.01127715039118134,0.02255430078236268
0.01,0.059500000000000004,0.6205,0.011275112341537193,0.022550224683074386
0.01,0.059500000000000004,0.637,0.011273079433762363,0.022546158867524726
0.01,0.059500000000000004,0.6535000000000001,0.011271051703595911,0.022542103407191823
0.01,0.059500000000000004,0.67,0.011269029186494677,0.022538058372989354
0.01,0.059500000000000004,0.6865,0.011267011917631381,0.022534023835262762
0.01,0.059500000000000004,0.7030000000000001,0.011264999931881152,0.022529999863762303
0.01,0.059500000000000004,0.7195,0.01126299326381806,0.02252598652763612
0.01,0.059500000000000004,0.736,0.011260991947709244,0.022521983895418488
0.01,0.059500000000000004,0.7525000000000001,0.011258996017506958,0.022517992035013916
0.01,0.059500000000000004,0.769,0.01125700550684744,0.02251401101369488
0.01,0.059500000000000004,0.7855000000000001,0.011255020449042977,0.022510040898085955
0.01,0.059500000000000004,0.802,0.011253040877081318,0.022506081754162636
0.01,0.059500000000000004,0.8185,0.01125106682361922,0.02250213364723844
0.01,0.059500000000000004,0.8350000000000001,0.011249098320981563,0.022498196641963127
0.01,0.059500000000000004,0.8515,0.011247135401157503,0.022494270802315006
0.01,0.059500000000000004,0.8680000000000001,0.011245178095796957,0.022490356191593914
0.01,0.059500000000000004,0.8845000000000001,0.011243226436210287,0.022486452872420574
0.01,0.059500000000000004,0.901,0.011241280453363416,0.02248256090672683
0.01,0.059500000000000004,0.9175000000000001,0.011239340177877593,0.022478680355755187
0.01,0.059500000000000004,0.934,0.011237405640026853,0.022474811280053707
0.01,0.059500000000000004,0.9505,0.011235476869736865,0.02247095373947373
0.01,0.059500000000000004,0.9670000000000001,0.011233553896581821,0.022467107793163642
0.01,0.059500000000000004,0.9835,0.011231636749784762,0.022463273499569524
0.01,0.059500000000000004,1.0,0.011229725458214452,0.022459450916428904
0.01,0.076,0.01,0.011352894585187253,0.022705789170374507
0.01,0.076,0.026500000000000003,0.011349804233237303,0.022699608466474605
0.01,0.076,0.043000000000000003,0.011346930901955352,0.022693861803910705
0.01,0.076,0.059500000000000004,0.011344099127847748,0.022688198255695496
0.01,0.076,0.076,0.011341285908035932,0.022682571816071865
0.01,0.076,0.0925,0.011338484721571514,0.022676969443143027
0.01,0.076,0.109,0.011335693054073651,0.022671386108147302
0.01,0.076,0.1255,0.011332909763462582,0.022665819526925163
0.01,0.076,0.14200000000000002,0.011330134282249691,0.022660268564499382
0.01,0.076,0.15850000000000003,0.011327366318072947,0.022654732636145893
0.01,0.076,0.17500000000000002,0.011324605723635597,0.022649211447271195
0.01,0.076,0.1915,0.01132185243388974,0.02264370486777948
0.01,0.076,0.20800000000000002,0.011319106433096924,0.022638212866193847
0.01,0.076,0.22450000000000003,0.011316367736422922,0.022632735472845843
0.01,0.076,0.24100000000000002,0.011313636379081494,0.022627272758162988
0.01,0.076,0.2575,0.011310912409660137,0.022621824819320274
0.01,0.076,0.274,0.011308195885837567,0.022616391771675133
0.01,0.076,0.29050000000000004,0.011305486871572408,0.022610973743144816
0.01,0.076,0.30700000000000005,0.011302785435189519,0.022605570870379038
0.01,0.076,0.3235,0.01130009164804841,0.02260018329609682
0.01,0.076,0.34,0.011297405583601972,0.022594811167203945
0.01,0.076,0.35650000000000004,0.011294727316711436,0.02258945463342287
0.01,0.076,0.373,0.011292056923139369,0.022584113846278737
0.01,0.076,0.3895,0.011289394479174847,0.022578788958349694
0.01,0.076,0.406,0.011286740061345387,0.022573480122690774
0.01,0.076,0.42250000000000004,0.011284093746192724,0.02256818749238545
0.01,0.076,0.43900000000000006,0.011281455610104858,0.022562911220209717
0.01,0.076,0.4555,0.01127882572917556,0.02255765145835112
0.01,0.076,0.47200000000000003,0.011276204179094926,0.022552408358189852
0.01,0.076,0.48850000000000005,0.011273591035062772,0.022547182070125543
0.01,0.076,0.505,0.011270986371719966,0.02254197274343993
0.01,0.076,0.5215000000000001,0.011268390263080515,0.02253678052616103
0.01,0.076,0.538,0.011265802782490921,0.022531605564981842
0.01,0.076,0.5545,0.011263224002586433,0.022526448005172867
0.01,0.076,0.5710000000000001,0.011260653995253757,0.022521307990507514
0.01,0.076,0.5875,0.011258092831603393,0.022516185663206786
0.01,0.076,0.6040000000000001,0.01125554058194697,0.02251108116389394
0.01,0.076,0.6205,0.011252997315769632,0.022505994631539263
0.01,0.076,0.637,0.011250463101717,0.022500926203434
0.01,0.076,0.6535000000000001,0.011247938007573248,0.022495876015146497
0.01,0.076,0.67,0.011245422100251,0.022490844200502
0.01,0.076,0.6865,0.011242915445775683,0.022485830891551366
0.01,0.076,0.7030000000000001,0.011240418109275839,0.022480836218551677
0.01,0.076,0.7195,0.011237930154972391,0.022475860309944782
0.01,0.076,0.736,0.011235451646168982,0.022470903292337963
0.01,0.076,0.7525000000000001,0.011232982645246211,0.022465965290492423
0.01,0.076,0.769,0.011230523213650659,0.022461046427301318
0.01,0.076,0.7855000000000001,0.011228073411892834,0.022456146823785668
0.01,0.076,0.802,0.01122563329953838,0.02245126659907676
0.01,0.076,0.8185,0.01122320293520489,0.02244640587040978
0.01,0.076,0.8350000000000001,0.011220782376555738,0.022441564753111477
0.01,0.076,0.8515,0.011218371680295965,0.02243674336059193
0.01,0.076,0.8680000000000001,0.011215970902170474,0.02243194180434095
0.01,0.076,0.8845000000000001,0.01121358009695861,0.02242716019391722
0.01,0.076,0.901,0.01121119931847354,0.02242239863694708
0.01,0.076,0.9175000000000001,0.0112088286195575,0.022417657239115
0.01,0.076,0.934,0.011206468052079739,0.022412936104159478
0.01,0.076,0.9505,0.01120411766694052,0.02240823533388104
0.01,0.076,0.9670000000000001,0.011201777514057926,0.022403555028115852
0.01,0.076,0.9835,0.011199447642378674,0.022398895284757348
0.01,0.076,1.0,0.011197128099870179,0.022394256199740357
0.01,0.0925,0.01,0.011351655980091127,0.022703311960182253
0.01,0.0925,0.026500000000000003,0.011347874394933472,0.022695748789866944
0.01,0.0925,0.043000000000000003,0.011344361564014575,0.02268872312802915
0.01,0.0925,0.059500000000000004,0.011340901589479892,0.022681803178959785
0.01,0.0925,0.076,0.011337466216506786,0.02267493243301357
0.01,0.0925,0.0925,0.011334047475337703,0.022668094950675406
0.01,0.0925,0.109,0.011330642326751373,0.022661284653502745
0.01,0.0925,0.1255,0.011327249419810122,0.022654498839620243
0.01,0.0925,0.14200000000000002,0.011323868110029486,0.022647736220058973
0.01,0.0925,0.15850000000000003,0.011320498090778593,0.022640996181557186
0.01,0.0925,0.17500000000000002,0.011317139233197184,0.02263427846639437
0.01,0.0925,0.1915,0.011313791508851201,0.022627583017702402
0.01,0.0925,0.20800000000000002,0.011310454949198294,0.022620909898396588
0.01,0.0925,0.22450000000000003,0.01130712962290361,0.02261425924580722
0.01,0.0925,0.24100000000000002,0.011303815622485093,0.022607631244970186
0.01,0.0925,0.2575,0.01130051305606188,0.02260102611212376
0.01,0.0925,0.274,0.011297222042096424,0.02259444408419285
0.01,0.0925,0.29050000000000004,0.011293942705912186,0.02258788541182437
0.01,0.0925,0.30700000000000005,0.011290675177323553,0.022581350354647107
0.01,0.0925,0.3235,0.011287419588999922,0.022574839177999843
0.01,0.0925,0.34,0.011284176075284987,0.022568352150569973
0.01,0.0925,0.35650000000000004,0.01128094477135029,0.02256188954270058
0.01,0.0925,0.373,0.011277725812562993,0.022555451625125986
0.01,0.0925,0.3895,0.011274519334012988,0.022549038668025975
0.01,0.0925,0.406,0.011271325470152553,0.022542650940305105
0.01,0.0925,0.42250000000000004,0.01126814435451735,0.0225362887090347
0.01,0.0925,0.43900000000000006,0.01126497611949805,0.0225299522389961
0.01,0.0925,0.4555,0.011261820896177579,0.022523641792355158
0.01,0.0925,0.47200000000000003,0.011258678814181248,0.022517357628362496
0.01,0.0925,0.48850000000000005,0.011255550001567726,0.022511100003135453
0.01,0.0925,0.505,0.01125243458473158,0.02250486916946316
0.01,0.0925,0.5215000000000001,0.011249332688327831,0.022498665376655663
0.01,0.0925,0.538,0.011246244435206493,0.022492488870412986
0.01,0.0925,0.5545,0.011243169946357202,0.022486339892714403
0.01,0.0925,0.5710000000000001,0.011240109340862897,0.022480218681725794
0.01,0.0925,0.5875,0.011237062735859974,0.02247412547171995
0.01,0.0925,0.6040000000000001,0.011234030246504796,0.022468060493009593
0.01,0.0925,0.6205,0.01123101198594336,0.02246202397188672
0.01,0.0925,0.637,0.01122800806528688,0.02245601613057376
0.01,0.0925,0.6535000000000001,0.011225018593588975,0.02245003718717795
0.01,0.0925,0.67,0.011222043677827072,0.022444087355654143
0.01,0.0925,0.6865,0.011219083422884637,0.022438166845769273
0.01,0.0925,0.7030000000000001,0.011216137931538629,0.022432275863077257
0.01,0.0925,0.7195,0.011213207304445779,0.022426414608891557
0.01,0.0925,0.736,0.011210291640130406,0.022420583280260812
0.01,0.0925,0.7525000000000001,0.011207391034978418,0.022414782069956837
0.01,0.0925,0.769,0.011204505583228518,0.022409011166457035
0.01,0.0925,0.7855000000000001,0.011201635376963042,0.022403270753926084
0.01,0.0925,0.802,0.011198780506107463,0.022397561012214927
0.01,0.0925,0.8185,0.011195941058421482,0.022391882116842964
0.01,0.0925,0.8350000000000001,0.011193117119499406,0.02238623423899881
0.01,0.0925,0.8515,0.011190308772765625,0.02238061754553125
0.01,0.0925,0.8680000000000001,0.011187516099475275,0.02237503219895055
0.01,0.0925,0.8845000000000001,0.011184739178713864,0.022369478357427728
0.01,0.0925,0.901,0.011181978087394543,0.022363956174789087
0.01,0.0925,0.9175000000000001,0.011179232900261732,0.022358465800523464
0.01,0.0925,0.934,0.01117650368989745,0.0223530073797949
0.01,0.0925,0.9505,0.011173790526714467,0.022347581053428933
0.01,0.0925,0.9670000000000001,0.011171093478964531,0.022342186957929062
0.01,0.0925,0.9835,0.011168412612748646,0.022336825225497292
0.01,0.0925,1.0,0.011165747992008472,0.022331495984016944
0.01,0.109,0.01,0.011350217540009718,0.022700435080019437
0.01,0.109,0.026500000000000003,0.011345732150235297,0.022691464300470594
0.01,0.109,0.043000000000000003,0.011341569714974627,0.022683139429949255
0.01,0.109,0.059500000000000004,0.011337472478534037,0.022674944957068073
0.01,0.109,0.076,0.01133340677712291,0.02266681355424582
0.01,0.109,0.0925,0.011329363171748253,0.022658726343496506
0.01,0.109,0.109,0.011325338110624859,0.022650676221249718
0.01,0.109,0.1255,0.011321330056979417,0.022642660113958834
0.01,0.109,0.14200000000000002,0.011317338316413125,0.02263467663282625
0.01,0.109,0.15850000000000003,0.01131336259667454,0.02262672519334908
0.01,0.109,0.17500000000000002,0.011309402816428836,0.02261880563285767
0.01,0.109,0.1915,0.01130545901288182,0.02261091802576364
0.01,0.109,0.20800000000000002,0.011301531293320982,0.022603062586641964
0.01,0.109,0.22450000000000003,0.011297619808019245,0.02259523961603849
0.01,0.109,0.24100000000000002,0.011293724734248395,0.02258744946849679
0.01,0.109,0.2575,0.011289846266414843,0.022579692532829685
0.01,0.109,0.274,0.011285984609749425,0.02257196921949885
0.01,0.109,0.29050000000000004,0.011282139976135667,0.022564279952271334
0.01,0.109,0.30700000000000005,0.011278312581260316,0.022556625162520633
0.01,0.109,0.3235,0.011274502642634052,0.022549005285268105
0.01,0.109,0.34,0.011270710378174559,0.022541420756349118
0.01,0.109,0.35650000000000004,0.011266936005172649,0.022533872010345297
0.01,0.109,0.373,0.0112631797395322,0.0225263594790644
0.01,0.109,0.3895,0.011259441795179613,0.022518883590359227
0.01,0.109,0.406,0.011255722383631981,0.022511444767263963
0.01,0.109,0.42250000000000004,0.01125202171364015,0.0225040434272803
0.01,0.109,0.43900000000000006,0.011248339990924575,0.02249667998184915
0.01,0.109,0.4555,0.01124467741795107,0.02248935483590214
0.01,0.109,0.47200000000000003,0.011241034193758395,0.02248206838751679
0.01,0.109,0.48850000000000005,0.01123741051381145,0.0224748210276229
0.01,0.109,0.505,0.011233806569886044,0.022467613139772087
0.01,0.109,0.5215000000000001,0.011230222549967769,0.022460445099935538
0.01,0.109,0.538,0.011226658638172576,0.022453317276345152
0.01,0.109,0.5545,0.011223115014675822,0.022446230029351644
0.01,0.109,0.5710000000000001,0.011219591855657962,0.022439183711315924
0.01,0.109,0.5875,0.011216089333251085,0.02243217866650217
0.01,0.109,0.6040000000000001,0.0112126076155028,0.0224252152310056
0.01,0.109,0.6205,0.011209146866336924,0.022418293732673848
0.01,0.109,0.637,0.011205707245530036,0.022411414491060072
0.01,0.109,0.6535000000000001,0.011202288908683059,0.022404577817366118
0.01,0.109,0.67,0.011198892007204132,0.022397784014408263
0.01,0.109,0.6865,0.011195516688295179,0.022391033376590357
0.01,0.109,0.7030000000000001,0.011192163094932475,0.02238432618986495
0.01,0.109,0.7195,0.011188831365868838,0.022377662731737677
0.01,0.109,0.736,0.011185521635617203,0.022371043271234407
0.01,0.109,0.7525000000000001,0.011182234034454683,0.022364468068909366
0.01,0.109,0.769,0.011178968688418351,0.022357937376836702
0.01,0.109,0.7855000000000001,0.011175725719311433,0.022351451438622865
0.01,0.109,0.802,0.011172505244699779,0.022345010489399558
0.01,0.109,0.8185,0.011169307377925018,0.022338614755850035
0.01,0.109,0.8350000000000001,0.01116613222811116,0.02233226445622232
0.01,0.109,0.8515,0.01116297990017018,0.02232595980034036
0.01,0.109,0.8680000000000001,0.011159850494821242,0.022319700989642484
0.01,0.109,0.8845000000000001,0.011156744108597152,0.022313488217194304
0.01,0.109,0.901,0.01115366083386456,0.02230732166772912
0.01,0.109,0.9175000000000001,0.011150600758838718,0.022301201517677435
0.01,0.109,0.934,0.011147563967600563,0.022295127935201126
0.01,0.109,0.9505,0.01114455054012028,0.02228910108024056
0.01,0.109,0.9670000000000001,0.011141560552276978,0.022283121104553955
0.01,0.109,0.9835,0.011138594075878468,0.022277188151756937
0.01,0.109,1.0,0.011135651178687854,0.02227130235737571
0.01,0.1255,0.01,0.011348573651152055,0.02269714730230411
0.01,0.1255,0.026500000000000003,0.011343369290806536,0.02268673858161307
0.01,0.1255,0.043000000000000003,0.011338544981940228,0.022677089963880456
0.01,0.1255,0.059500000000000004,0.011333799388647136,0.02266759877729427
0.01,0.1255,0.076,0.011329093248105285,0.02265818649621057
0.01,0.1255,0.0925,0.011324415627234347,0.022648831254468694
0.01,0.1255,0.109,0.011319762476251884,0.022639524952503768
0.01,0.1255,0.1255,0.01131513209990304,0.02263026419980608
0.01,0.1255,0.14200000000000002,0.011310523785967698,0.022621047571935397
0.01,0.1255,0.15850000000000003,0.011305937290331657,0.022611874580663313
0.01,0.1255,0.17500000000000002,0.01130137261329241,0.02260274522658482
0.01,0.1255,0.1915,0.011296829891464787,0.022593659782929574
0.01,0.1255,0.20800000000000002,0.01129230934106914,0.02258461868213828
0.01,0.1255,0.22450000000000003,0.01128781122620196,0.02257562245240392
0.01,0.1255,0.24100000000000002,0.011283335840096196,0.022566671680192392
0.01,0.1255,0.2575,0.011278883493551911,0.022557766987103822
0.01,0.1255,0.274,0.01127445450752112,0.02254890901504224
0.01,0.1255,0.29050000000000004,0.011270049208195812,0.022540098416391624
0.01,0.1255,0.30700000000000005,0.01126566792364714,0.02253133584729428
0.01,0.1255,0.3235,0.01126131098148509,0.02252262196297018
0.01,0.1255,0.34,0.011256978707176143,0.022513957414352286
0.01,0.1255,0.35650000000000004,0.011252671422813108,0.022505342845626216
0.01,0.1255,0.373,0.011248389446197873,0.022496778892395746
0.01,0.1255,0.3895,0.011244133090146947,0.022488266180293894
0.01,0.1255,0.406,0.011239902661957001,0.022479805323914002
0.01,0.1255,0.42250000000000004,0.011235698462984667,0.022471396925969334
0.01,0.1255,0.43900000000000006,0.011231520788319101,0.022463041576638202
0.01,0.1255,0.4555,0.011227369926514437,0.022454739853028875
0.01,0.1255,0.47200000000000003,0.011223246159379823,0.022446492318759646
0.01,0.1255,0.48850000000000005,0.011219149761804907,0.022438299523609814
0.01,0.1255,0.505,0.011215081001619226,0.02243016200323845
0.01,0.1255,0.5215000000000001,0.011211040139478417,0.022422080278956834
0.01,0.1255,0.538,0.01120702742876634,0.02241405485753268
0.01,0.1255,0.5545,0.011203043115523764,0.022406086231047527
0.01,0.1255,0.5710000000000001,0.011199087438382133,0.022398174876764265
0.01,0.1255,0.5875,0.011195160628516802,0.022390321257033604
0.01,0.1255,0.6040000000000001,0.011191262909608018,0.022382525819216036
0.01,0.1255,0.6205,0.011187394497810803,0.022374788995621606
0.01,0.1255,0.637,0.011183555601737241,0.022367111203474482
0.01,0.1255,0.6535000000000001,0.01117974642244264,0.02235949284488528
0.01,0.1255,0.67,0.011175967153421233,0.022351934306842465
0.01,0.1255,0.6865,0.011172217980601758,0.022344435961203515
0.01,0.1255,0.7030000000000001,0.011168499082362523,0.022336998164725046
0.01,0.1255,0.7195,0.01116481062953655,0.0223296212590731
0.01,0.1255,0.736,0.011161152785429859,0.022322305570859718
0.01,0.1255,0.7525000000000001,0.01115752570584578,0.02231505141169156
0.01,0.1255,0.769,0.011153929539108423,0.022307859078216846
0.01,0.1255,0.7855000000000001,0.011150364426094487,0.022300728852188974
0.01,0.1255,0.802,0.011146830500266845,0.02229366100053369
0.01,0.1255,0.8185,0.011143327887711834,0.02228665577542367
0.01,0.1255,0.8350000000000001,0.011139856707188277,0.022279713414376554
0.01,0.1255,0.8515,0.01113641707016052,0.02227283414032104
0.01,0.1255,0.8680000000000001,0.011133009080855953,0.022266018161711906
0.01,0.1255,0.8845000000000001,0.011129632836315517,0.022259265672631035
0.01,0.1255,0.901,0.011126288426450436,0.02225257685290087
0.01,0.1255,0.9175000000000001,0.011122975934090923,0.022245951868181846
0.01,0.1255,0.934,0.011119695435059133,0.022239390870118267
0.01,0.1255,0.9505,0.011116446998224474,0.022232893996448948
0.01,0.1255,0.9670000000000001,0.01111323068557065,0.0222264613711413
0.01,0.1255,0.9835,0.011110046552268524,0.02222009310453705
0.01,0.1255,1.0,0.011106894646740948,0.022213789293481896
0.01,0.14200000000000002,0.01,0.011346717739129491,0.022693435478258982
0.01,0.14200000000000002,0.026500000000000003,0.011340776515191987,0.022681553030383973
0.01,0.14200000000000002,0.043000000000000003,0.011335275808010015,0.02267055161602003
0.01,0.14200000000000002,0.059500000000000004,0.01132986865612778,0.02265973731225556
0.01,0.14200000000000002,0.076,0.011324509971985452,0.022649019943970904
0.01,0.14200000000000002,0.0925,0.011319187298768687,0.022638374597537373
0.01,0.14200000000000002,0.109,0.011313896105637223,0.022627792211274447
0.01,0.14200000000000002,0.1255,0.011308634570772157,0.022617269141544313
0.01,0.14200000000000002,0.14200000000000002,0.011303402001388917,0.022606804002777835
0.01,0.14200000000000002,0.15850000000000003,0.011298198240499832,0.022596396480999665
0.01,0.14200000000000002,0.17500000000000002,0.011293023409137765,0.02258604681827553
0.01,0.14200000000000002,0.1915,0.011287877781763905,0.02257575556352781
0.01,0.14200000000000002,0.20800000000000002,0.011282761720886877,0.022565523441773754
0.01,0.14200000000000002,0.22450000000000003,0.011277675640430206,0.022555351280860413
0.01,0.14200000000000002,0.24100000000000002,0.01127261998409339,0.02254523996818678
0.01,0.14200000000000002,0.2575,0.01126759521197233,0.02253519042394466
0.01,0.14200000000000002,0.274,0.011262601791969815,0.02252520358393963
0.01,0.14200000000000002,0.29050000000000004,0.011257640194078279,0.022515280388156558
0.01,0.14200000000000002,0.30700000000000005,0.01125271088648886,0.02250542177297772
0.01,0.14200000000000002,0.3235,0.01124781433284477,0.02249562866568954
0.01,0.14200000000000002,0.34,0.01124295099027391,0.02248590198054782
0.01,0.14200000000000002,0.35650000000000004,0.011238121307946018,0.022476242615892036
0.01,0.14200000000000002,0.373,0.011233325725995119,0.022466651451990238
0.01,0.14200000000000002,0.3895,0.011228564674698484,0.02245712934939697
0.01,0.14200000000000002,0.406,0.011223838573846694,0.022447677147693388
0.01,0.14200000000000002,0.42250000000000004,0.011219147832253475,0.02243829566450695
0.01,0.14200000000000002,0.43900000000000006,0.011214492847366113,0.022428985694732225
0.01,0.14200000000000002,0.4555,0.011209874004964777,0.022419748009929553
0.01,0.14200000000000002,0.47200000000000003,0.0112052916789144,0.0224105833578288
0.01,0.14200000000000002,0.48850000000000005,0.011200746230977807,0.022401492461955615
0.01,0.14200000000000002,0.505,0.01119623801066098,0.02239247602132196
0.01,0.14200000000000002,0.5215000000000001,0.011191767355096046,0.022383534710192093
0.01,0.14200000000000002,0.538,0.011187334588951365,0.02237466917790273
0.01,0.14200000000000002,0.5545,0.011182940024364173,0.022365880048728345
0.01,0.14200000000000002,0.5710000000000001,0.01117858396089911,0.02235716792179822
0.01,0.14200000000000002,0.5875,0.011174266685517499,0.022348533371034998
0.01,0.14200000000000002,0.6040000000000001,0.011169988472567127,0.022339976945134253
0.01,0.14200000000000002,0.6205,0.011165749583785496,0.022331499167570993
0.01,0.14200000000000002,0.637,0.011161550268315713,0.022323100536631425
0.01,0.14200000000000002,0.6535000000000001,0.011157390762738743,0.022314781525477487
0.01,0.14200000000000002,0.67,0.01115327129110544,0.02230654258221088
0.01,0.14200000000000002,0.6865,0.011149192064989804,0.022298384129979608
0.01,0.14200000000000002,0.7030000000000001,0.01114515328355286,0.02229030656710572
0.01,0.14200000000000002,0.7195,0.011141155133600558,0.022282310267201115
0.01,0.14200000000000002,0.736,0.011137197789668521,0.022274395579337043
0.01,0.14200000000000002,0.7525000000000001,0.011133281414102834,0.022266562828205667
0.01,0.14200000000000002,0.769,0.01112940615714994,0.02225881231429988
0.01,0.14200000000000002,0.7855000000000001,0.011125572157061168,0.022251144314122336
0.01,0.14200000000000002,0.802,0.011121779540193177,0.022243559080386353
0.01,0.14200000000000002,0.8185,0.01111802842112088,0.02223605684224176
0.01,0.14200000000000002,0.8350000000000001,0.011114318902757473,0.022228637805514945
0.01,0.14200000000000002,0.8515,0.011110651076476954,0.02222130215295391
0.01,0.14200000000000002,0.8680000000000001,0.011107025022242282,0.022214050044484564
0.01,0.14200000000000002,0.8845000000000001,0.011103440808742274,0.022206881617484547
0.01,0.14200000000000002,0.901,0.011099898493527854,0.02219979698705571
0.01,0.14200000000000002,0.9175000000000001,0.011096398123159329,0.022192796246318657
0.01,0.14200000000000002,0.934,0.011092939733351225,0.02218587946670245
0.01,0.14200000000000002,0.9505,0.011089523349126744,0.022179046698253487
0.01,0.14200000000000002,0.9670000000000001,0.011086148984974682,0.022172297969949364
0.01,0.14200000000000002,0.9835,0.01108281664500511,0.02216563329001022
0.01,0.14200000000000002,1.0,0.011079526323120382,0.022159052646240764
0.01,0.15850000000000003,0.01,0.011344642207348644,0.022689284414697287
0.01,0.15850000000000003,0.026500000000000003,0.011337943340442526,0.022675886680885052
0.01,0.15850000000000003,0.043000000000000003,0.011331749345044162,0.022663498690088324
0.01,0.15850000000000003,0.059500000000000004,0.011325665236706218,0.022651330473412435
0.01,0.15850000000000003,0.076,0.011319639838577698,0.022639279677155396
0.01,0.15850000000000003,0.0925,0.011313659135221608,0.022627318270443217
0.01,0.15850000000000003,0.109,0.01130771813420306,0.02261543626840612
0.01,0.15850000000000003,0.1255,0.011301814923826467,0.022603629847652934
0.01,0.15850000000000003,0.14200000000000002,0.011295948873393412,0.022591897746786823
0.01,0.15850000000000003,0.15850000000000003,0.011290119957349716,0.022580239914699433
0.01,0.15850000000000003,0.17500000000000002,0.011284328461578326,0.02256865692315665
0.01,0.15850000000000003,0.1915,0.011278574841366061,0.022557149682732123
0.01,0.15850000000000003,0.20800000000000002,0.011272859646827053,0.022545719293654107
0.01,0.15850000000000003,0.22450000000000003,0.01126718348110007,0.02253436696220014
0.01,0.15850000000000003,0.24100000000000002,0.011261546975613048,0.022523093951226095
0.01,0.15850000000000003,0.2575,0.01125595077476605,0.0225119015495321
0.01,0.15850000000000003,0.274,0.011250395526075943,0.022500791052151886
0.01,0.15850000000000003,0.29050000000000004,0.011244881873625117,0.022489763747250233
0.01,0.15850000000000003,0.30700000000000005,0.011239410453555938,0.022478820907111875
0.01,0.15850000000000003,0.3235,0.011233981890916688,0.022467963781833376
0.01,0.15850000000000003,0.34,0.011228596797382221,0.022457193594764443
0.01,0.15850000000000003,0.35650000000000004,0.01122325576958467,0.02244651153916934
0.01,0.15850000000000003,0.373,0.011217959387867227,0.022435918775734455
0.01,0.15850000000000003,0.3895,0.01121270821534237,0.02242541643068474
0.01,0.15850000000000003,0.406,0.011207502797170773,0.022415005594341546
0.01,0.15850000000000003,0.42250000000000004,0.01120234366000806,0.02240468732001612
0.01,0.15850000000000003,0.43900000000000006,0.011197231311575438,0.022394462623150875
0.01,0.15850000000000003,0.4555,0.011192166240335102,0.022384332480670205
0.01,0.15850000000000003,0.47200000000000003,0.011187148915241658,0.022374297830483315
0.01,0.15850000000000003,0.48850000000000005,0.011182179785555467,0.022364359571110933
0.01,0.15850000000000003,0.505,0.011177259280713678,0.022354518561427356
0.01,0.15850000000000003,0.5215000000000001,0.011172387810241184,0.022344775620482368
0.01,0.15850000000000003,0.538,0.011167565763707034,0.02233513152741407
0.01,0.15850000000000003,0.5545,0.011162793510705244,0.02232558702141049
0.01,0.15850000000000003,0.5710000000000001,0.011158071400873345,0.02231614280174669
0.01,0.15850000000000003,0.5875,0.011153399763932864,0.02230679952786573
0.01,0.15850000000000003,0.6040000000000001,0.011148778909750127,0.022297557819500255
0.01,0.15850000000000003,0.6205,0.011144209128432966,0.022288418256865932
0.01,0.15850000000000003,0.637,0.011139690690427166,0.02227938138085433
0.01,0.15850000000000003,0.6535000000000001,0.011135223846646424,0.02227044769329285
0.01,0.15850000000000003,0.67,0.011130808828615025,0.02226161765723005
0.01,0.15850000000000003,0.6865,0.011126445848624817,0.022252891697249633
0.01,0.15850000000000003,0.7030000000000001,0.011122135099908066,0.022244270199816132
0.01,0.15850000000000003,0.7195,0.01111787675682602,0.02223575351365204
0.01,0.15850000000000003,0.736,0.011113670975066667,0.022227341950133334
0.01,0.15850000000000003,0.7525000000000001,0.011109517891859476,0.022219035783718952
0.01,0.15850000000000003,0.769,0.011105417626199609,0.022210835252399218
0.01,0.15850000000000003,0.7855000000000001,0.011101370279078497,0.022202740558156995
0.01,0.15850000000000003,0.802,0.011097375933736314,0.022194751867472627
0.01,0.15850000000000003,0.8185,0.011093434655910317,0.022186869311820633
0.01,0.15850000000000003,0.8350000000000001,0.011089546494101215,0.02217909298820243
0.01,0.15850000000000003,0.8515,0.011085711479844032,0.022171422959688065
0.01,0.15850000000000003,0.8680000000000001,0.011081929627990527,0.022163859255981053
0.01,0.15850000000000003,0.8845000000000001,0.011078200936992872,0.022156401873985744
0.01,0.15850000000000003,0.901,0.011074525389197936,0.022149050778395872
0.01,0.15850000000000003,0.9175000000000001,0.011070902951150539,0.022141805902301078
0.01,0.15850000000000003,0.934,0.011067333573893279,0.022134667147786558
0.01,0.15850000000000003,0.9505,0.01106381719328269,0.02212763438656538
0.01,0.15850000000000003,0.9670000000000001,0.011060353730299427,0.022120707460598854
0.01,0.15850000000000003,0.9835,0.011056943091371885,0.02211388618274377
0.01,0.15850000000000003,1.0,0.01105358516869615,0.0221071703373923
0.01,0.17500000000000002,0.01,0.011342338364118893,0.022684676728237787
0.01,0.17500000000000002,0.026500000000000003,0.011334857999742168,0.022669715999484336
0.01,0.17500000000000002,0.043000000000000003,0.011327951330941268,0.022655902661882537
0.01,0.17500000000000002,0.059500000000000004,0.01132117256577779,0.02264234513155558
0.01,0.17500000000000002,0.076,0.01131446413087527,0.02262892826175054
0.01,0.17500000000000002,0.0925,0.011307810411496363,0.022615620822992726
0.01,0.17500000000000002,0.109,0.01130120597571581,0.02260241195143162
0.01,0.17500000000000002,0.1255,0.01129464886370557,0.02258929772741114
0.01,0.17500000000000002,0.14200000000000002,0.011288138555083269,0.022576277110166538
0.01,0.17500000000000002,0.15850000000000003,0.011281675205490288,0.022563350410980575
0.01,0.17500000000000002,0.17500000000000002,0.011275259314732293,0.022550518629464587
0.01,0.17500000000000002,0.1915,0.011268891566224785,0.02253778313244957
0.01,0.17500000000000002,0.20800000000000002,0.011262572742644708,0.022525145485289416
0.01,0.17500000000000002,0.22450000000000003,0.01125630367858307,0.02251260735716614
0.01,0.17500000000000002,0.24100000000000002,0.0112500852325067,0.0225001704650134
0.01,0.17500000000000002,0.2575,0.011243918269369619,0.022487836538739238
0.01,0.17500000000000002,0.274,0.011237803649399436,0.022475607298798873
0.01,0.17500000000000002,0.29050000000000004,0.011231742220627887,0.022463484441255774
0.01,0.17500000000000002,0.30700000000000005,0.011225734813760775,0.02245146962752155
0.01,0.17500000000000002,0.3235,0.01121978223856825,0.0224395644771365
0.01,0.17500000000000002,0.34,0.011213885281293062,0.022427770562586123
0.01,0.17500000000000002,0.35650000000000004,0.01120804470275205,0.0224160894055041
0.01,0.17500000000000002,0.373,0.011202261236933552,0.022404522473867105
0.01,0.17500000000000002,0.3895,0.011196535589949161,0.022393071179898322
0.01,0.17500000000000002,0.406,0.011190868439250146,0.022381736878500293
0.01,0.17500000000000002,0.42250000000000004,0.011185260433041242,0.022370520866082485
0.01,0.17500000000000002,0.43900000000000006,0.011179712189856323,0.022359424379712646
0.01,0.17500000000000002,0.4555,0.011174224298252518,0.022348448596505036
0.01,0.17500000000000002,0.47200000000000003,0.011168797316606149,0.022337594633212297
0.01,0.17500000000000002,0.48850000000000005,0.011163431772995917,0.022326863545991834
0.01,0.17500000000000002,0.505,0.01115812816515445,0.0223162563303089
0.01,0.17500000000000002,0.5215000000000001,0.011152886960476133,0.022305773920952267
0.01,0.17500000000000002,0.538,0.011147708596087234,0.02229541719217447
0.01,0.17500000000000002,0.5545,0.011142593478956738,0.022285186957913476
0.01,0.17500000000000002,0.5710000000000001,0.011137541986051004,0.022275083972102008
0.01,0.17500000000000002,0.5875,0.011132554464525938,0.022265108929051876
0.01,0.17500000000000002,0.6040000000000001,0.011127631231955664,0.022255262463911327
0.01,0.17500000000000002,0.6205,0.011122772576594948,0.022245545153189897
0.01,0.17500000000000002,0.637,0.011117978757660891,0.022235957515321782
0.01,0.17500000000000002,0.6535000000000001,0.011113250005658569,0.022226500011317138
0.01,0.17500000000000002,0.67,0.011108586522714266,0.022217173045428532
0.01,0.17500000000000002,0.6865,0.011103988482947856,0.02220797696589571
0.01,0.17500000000000002,0.7030000000000001,0.011099456032853896,0.02219891206570779
0.01,0.17500000000000002,0.7195,0.011094989291714298,0.022189978583428596
0.01,0.17500000000000002,0.736,0.011090588352016666,0.022181176704033332
0.01,0.17500000000000002,0.7525000000000001,0.011086253279909059,0.022172506559818117
0.01,0.17500000000000002,0.769,0.011081984115648605,0.02216396823129721
0.01,0.17500000000000002,0.7855000000000001,0.011077780874082727,0.022155561748165454
0.01,0.17500000000000002,0.802,0.01107364354513436,0.02214728709026872
0.01,0.17500000000000002,0.8185,0.011069572094305254,0.02213914418861051
0.01,0.17500000000000002,0.8350000000000001,0.011065566463185269,0.022131132926370537
0.01,0.17500000000000002,0.8515,0.011061626569977143,0.022123253139954287
0.01,0.17500000000000002,0.8680000000000001,0.011057752310027176,0.022115504620054353
0.01,0.17500000000000002,0.8845000000000001,0.011053943556363235,0.02210788711272647
0.01,0.17500000000000002,0.901,0.011050200160244725,0.02210040032048945
0.01,0.17500000000000002,0.9175000000000001,0.011046521951717233,0.022093043903434466
0.01,0.17500000000000002,0.934,0.01104290874016434,0.02208581748032868
0.01,0.17500000000000002,0.9505,0.011039360314877006,0.022078720629754012
0.01,0.17500000000000002,0.9670000000000001,0.011035876445622667,0.022071752891245335
0.01,0.17500000000000002,0.9835,0.011032456883201555,0.02206491376640311
0.01,0.17500000000000002,1.0,0.011029101360033168,0.022058202720066335
0.01,0.1915,0.01,0.011339796337233062,0.022679592674466124
0.01,0.1915,0.026500000000000003,0.011331507324240899,0.022663014648481798
0.01,0.1915,0.043000000000000003,0.011323865949334308,0.022647731898668616
0.01,0.1915,0.059500000000000004,0.011316372399879147,0.022632744799758294
0.01,0.1915,0.076,0.011308962351462738,0.022617924702925476
0.01,0.1915,0.0925,0.01130161854290478,0.02260323708580956
0.01,0.1915,0.109,0.011294335127686567,0.022588670255373134
0.01,0.1915,0.1255,0.011287110144899989,0.022574220289799978
0.01,0.1915,0.14200000000000002,0.011279943238523773,0.022559886477047545
0.01,0.1915,0.15850000000000003,0.011272834800657692,0.022545669601315384
0.01,0.1915,0.17500000000000002,0.011265785598965026,0.02253157119793005
0.01,0.1915,0.1915,0.011258796596343235,0.02251759319268647
0.01,0.1915,0.20800000000000002,0.011251868856099459,0.022503737712198917
0.01,0.1915,0.22450000000000003,0.011245003488673133,0.022490006977346266
0.01,0.1915,0.24100000000000002,0.011238201620050717,0.022476403240101434
0.01,0.1915,0.2575,0.011231464372135775,0.02246292874427155
0.01,0.1915,0.274,0.011224792850095141,0.022449585700190282
0.01,0.1915,0.29050000000000004,0.011218188133907462,0.022436376267814924
0.01,0.1915,0.30700000000000005,0.011211651272570743,0.022423302545141487
0.01,0.1915,0.3235,0.011205183280041407,0.022410366560082814
0.01,0.1915,0.34,0.011198785132327412,0.022397570264654824
0.01,0.1915,0.35650000000000004,0.011192457765391897,0.022384915530783794
0.01,0.1915,0.373,0.011186202073629416,0.022372404147258832
0.01,0.1915,0.3895,0.011180018908759625,0.02236003781751925
0.01,0.1915,0.406,0.011173909079042315,0.02234781815808463
0.01,0.1915,0.42250000000000004,0.011167873348730284,0.02233574669746057
0.01,0.1915,0.43900000000000006,0.011161912437725506,0.022323824875451013
0.01,0.1915,0.4555,0.011156027021379189,0.022312054042758378
0.01,0.1915,0.47200000000000003,0.011150217730437223,0.022300435460874447
0.01,0.1915,0.48850000000000005,0.011144485151085145,0.02228897030217029
0.01,0.1915,0.505,0.011138829825091826,0.02227765965018365
0.01,0.1915,0.5215000000000001,0.011133252250033086,0.022266504500066172
0.01,0.1915,0.538,0.01112775287960086,0.02225550575920172
0.01,0.1915,0.5545,0.011122332123957692,0.022244664247915383
0.01,0.1915,0.5710000000000001,0.011116990350170296,0.02223398070034059
0.01,0.1915,0.5875,0.011111727882686093,0.022223455765372185
0.01,0.1915,0.6040000000000001,0.011106545003860211,0.022213090007720423
0.01,0.1915,0.6205,0.0111014419545314,0.0222028839090628
0.01,0.1915,0.637,0.011096418934640377,0.022192837869280755
0.01,0.1915,0.6535000000000001,0.011091476103875496,0.022182952207750992
0.01,0.1915,0.67,0.011086613582369396,0.022173227164738792
0.01,0.1915,0.6865,0.011081831451410045,0.02216366290282009
0.01,0.1915,0.7030000000000001,0.011077129754202959,0.022154259508405917
0.01,0.1915,0.7195,0.011072508496637058,0.022145016993274116
0.01,0.1915,0.736,0.011067967648086952,0.022135935296173904
0.01,0.1915,0.7525000000000001,0.01106350714224299,0.02212701428448598
0.01,0.1915,0.769,0.011059126877947151,0.022118253755894303
0.01,0.1915,0.7855000000000001,0.011054826720052775,0.02210965344010555
0.01,0.1915,0.802,0.011050606500304327,0.022101213000608654
0.01,0.1915,0.8185,0.011046466018220425,0.02209293203644085
0.01,0.1915,0.8350000000000001,0.011042405042002768,0.022084810084005535
0.01,0.1915,0.8515,0.011038423309434747,0.022076846618869495
0.01,0.1915,0.8680000000000001,0.011034520528808458,0.022069041057616916
0.01,0.1915,0.8845000000000001,0.011030696379846265,0.02206139275969253
0.01,0.1915,0.901,0.01102695051462333,0.02205390102924666
0.01,0.1915,0.9175000000000001,0.011023282558507309,0.022046565117014617
0.01,0.1915,0.934,0.011019692111082495,0.02203938422216499
0.01,0.1915,0.9505,0.011016178747086889,0.022032357494173777
0.01,0.1915,0.9670000000000001,0.0110127420173378,0.0220254840346756
0.01,0.1915,0.9835,0.01100938144966424,0.02201876289932848
0.01,0.1915,1.0,0.011006096549829121,0.022012193099658243
0.01,0.20800000000000002,0.01,0.011337004974556463,0.022674009949112926
0.01,0.20800000000000002,0.026500000000000003,0.01132787660695874,0.02265575321391748
0.01,0.20800000000000002,0.043000000000000003,0.011319475669202831,0.022638951338405662
0.01,0.20800000000000002,0.059500000000000004,0.011311244636630762,0.022622489273261524
0.01,0.20800000000000002,0.076,0.011303112026566435,0.02260622405313287
0.01,0.20800000000000002,0.0925,0.011295058876939348,0.022590117753878695
0.01,0.20800000000000002,0.109,0.011287078954414944,0.022574157908829887
0.01,0.20800000000000002,0.1255,0.011279170349659563,0.022558340699319127
0.01,0.20800000000000002,0.14200000000000002,0.01127133293103758,0.02254266586207516
0.01,0.20800000000000002,0.15850000000000003,0.011263567387882839,0.022527134775765678
0.01,0.20800000000000002,0.17500000000000002,0.011255874814309542,0.022511749628619085
0.01,0.20800000000000002,0.1915,0.01124825650763595,0.0224965130152719
0.01,0.20800000000000002,0.20800000000000002,0.011240713862311312,0.022481427724622624
0.01,0.20800000000000002,0.22450000000000003,0.011233248310258395,0.02246649662051679
0.01,0.20800000000000002,0.24100000000000002,0.011225861285455057,0.022451722570910115
0.01,0.20800000000000002,0.2575,0.011218554201921317,0.022437108403842634
0.01,0.20800000000000002,0.274,0.011211328439515366,0.022422656879030733
0.01,0.20800000000000002,0.29050000000000004,0.011204185334467915,0.02240837066893583
0.01,0.20800000000000002,0.30700000000000005,0.011197126172922182,0.022394252345844363
0.01,0.20800000000000002,0.3235,0.011190152186431133,0.022380304372862266
0.01,0.20800000000000002,0.34,0.011183264548796654,0.022366529097593308
0.01,0.20800000000000002,0.35650000000000004,0.011176464373825317,0.022352928747650633
0.01,0.20800000000000002,0.373,0.011169752713779919,0.022339505427559837
0.01,0.20800000000000002,0.3895,0.01116313055830839,0.02232626111661678
0.01,0.20800000000000002,0.406,0.011156598833770275,0.02231319766754055
0.01,0.20800000000000002,0.42250000000000004,0.011150158402864036,0.02230031680572807
0.01,0.20800000000000002,0.43900000000000006,0.01114381006448962,0.02228762012897924
0.01,0.20800000000000002,0.4555,0.011137554553825459,0.022275109107650917
0.01,0.20800000000000002,0.47200000000000003,0.011131392542562332,0.022262785085124664
0.01,0.20800000000000002,0.48850000000000005,0.011125324639290569,0.022250649278581138
0.01,0.20800000000000002,0.505,0.011119351390016016,0.02223870278003203
0.01,0.20800000000000002,0.5215000000000001,0.011113473278781403,0.022226946557562806
0.01,0.20800000000000002,0.538,0.011107690728395174,0.022215381456790348
0.01,0.20800000000000002,0.5545,0.011102004101243653,0.022204008202487305
0.01,0.20800000000000002,0.5710000000000001,0.011096413700191723,0.022192827400383447
0.01,0.20800000000000002,0.5875,0.011090919769546001,0.022181839539092002
0.01,0.20800000000000002,0.6040000000000001,0.011085522496100684,0.022171044992201367
0.01,0.20800000000000002,0.6205,0.011080222010222364,0.022160444020444727
0.01,0.20800000000000002,0.637,0.011075018387012626,0.02215003677402525
0.01,0.20800000000000002,0.6535000000000001,0.011069911647504347,0.022139823295008694
0.01,0.20800000000000002,0.67,0.011064901759900945,0.02212980351980189
0.01,0.20800000000000002,0.6865,0.011059988640871064,0.02211997728174213
0.01,0.20800000000000002,0.7030000000000001,0.011055172156862947,0.022110344313725893
0.01,0.20800000000000002,0.7195,0.011050452125454831,0.022100904250909662
0.01,0.20800000000000002,0.736,0.011045828316735364,0.02209165663347073
0.01,0.20800000000000002,0.7525000000000001,0.011041300454704115,0.02208260090940823
0.01,0.20800000000000002,0.769,0.011036868218690548,0.022073736437381097
0.01,0.20800000000000002,0.7855000000000001,0.01103253124479039,0.02206506248958078
0.01,0.20800000000000002,0.802,0.011028289127315256,0.02205657825463051
0.01,0.20800000000000002,0.8185,0.0110241414202528,0.0220482828405056
0.01,0.20800000000000002,0.8350000000000001,0.011020087638722746,0.022040175277445492
0.01,0.20800000000000002,0.8515,0.011016127260452506,0.02203225452090501
0.01,0.20800000000000002,0.8680000000000001,0.011012259727239558,0.022024519454479117
0.01,0.20800000000000002,0.8845000000000001,0.0110084844464165,0.022016968892833
0.01,0.20800000000000002,0.901,0.011004800792310478,0.022009601584620956
0.01,0.20800000000000002,0.9175000000000001,0.011001208107700207,0.022002416215400413
0.01,0.20800000000000002,0.934,0.01099770570524832,0.02199541141049664
0.01,0.20800000000000002,0.9505,0.010994292868939855,0.02198858573787971
0.01,0.20800000000000002,0.9670000000000001,0.01099096885549968,0.02198193771099936
0.01,0.20800000000000002,0.9835,0.010987732895784258,0.021975465791568515
0.01,0.20800000000000002,1.0,0.010984584196176966,0.02196916839235393
0.01,0.22450000000000003,0.01,0.011333951728870357,0.022667903457740713
0.01,0.22450000000000003,0.026500000000000003,0.011323949446253813,0.022647898892507626
0.01,0.22450000000000003,0.043000000000000003,0.011314761061483684,0.022629522122967368
0.01,0.22450000000000003,0.059500000000000004,0.011305767110040324,0.022611534220080647
0.01,0.22450000000000003,0.076,0.011296888484493731,0.022593776968987463
0.01,0.22450000000000003,0.0925,0.011288104459111329,0.022576208918222658
0.01,0.22450000000000003,0.109,0.01127940844447748,0.02255881688895496
0.01,0.22450000000000003,0.1255,0.011270798641296416,0.02254159728259283
0.01,0.22450000000000003,0.14200000000000002,0.011262275208461623,0.022524550416923247
0.01,0.22450000000000003,0.15850000000000003,0.011253839198725682,0.022507678397451363
0.01,0.22450000000000003,0.17500000000000002,0.011245492095522284,0.022490984191044568
0.01,0.22450000000000003,0.1915,0.011237235588481512,0.022474471176963023
0.01,0.22450000000000003,0.20800000000000002,0.011229071455205153,0.022458142910410307
0.01,0.22450000000000003,0.22450000000000003,0.011221001494730891,0.022442002989461782
0.01,0.22450000000000003,0.24100000000000002,0.011213027488001875,0.02242605497600375
0.01,0.22450000000000003,0.2575,0.011205151173305804,0.022410302346611607
0.01,0.22450000000000003,0.274,0.011197374230454644,0.02239474846090929
0.01,0.22450000000000003,0.29050000000000004,0.011189698270297246,0.022379396540594492
0.01,0.22450000000000003,0.30700000000000005,0.01118212482761696,0.02236424965523392
0.01,0.22450000000000003,0.3235,0.011174655356276982,0.022349310712553964
0.01,0.22450000000000003,0.34,0.011167291225892079,0.022334582451784157
0.01,0.22450000000000003,0.35650000000000004,0.011160033719590455,0.02232006743918091
0.01,0.22450000000000003,0.373,0.011152884032569012,0.022305768065138024
0.01,0.22450000000000003,0.3895,0.011145843271255616,0.022291686542511232
0.01,0.22450000000000003,0.406,0.011138912452933764,0.02227782490586753
0.01,0.22450000000000003,0.42250000000000004,0.011132092505749116,0.022264185011498232
0.01,0.22450000000000003,0.43900000000000006,0.011125384269022482,0.022250768538044963
0.01,0.22450000000000003,0.4555,0.011118788493819903,0.022237576987639805
0.01,0.22450000000000003,0.47200000000000003,0.011112305843747585,0.02222461168749517
0.01,0.22450000000000003,0.48850000000000005,0.011105936895934877,0.022211873791869754
0.01,0.22450000000000003,0.505,0.011099682142186812,0.022199364284373625
0.01,0.22450000000000003,0.5215000000000001,0.011093541990289656,0.022187083980579312
0.01,0.22450000000000003,0.538,0.011087516765434872,0.022175033530869744
0.01,0.22450000000000003,0.5545,0.011081606711783659,0.022163213423567318
0.01,0.22450000000000003,0.5710000000000001,0.011075811994112016,0.022151623988224033
0.01,0.22450000000000003,0.5875,0.011070132699571316,0.02214026539914263
0.01,0.22450000000000003,0.6040000000000001,0.011064568839518023,0.022129137679036046
0.01,0.22450000000000003,0.6205,0.011059120351430163,0.022118240702860326
0.01,0.22450000000000003,0.637,0.011053787100877696,0.02210757420175539
0.01,0.22450000000000003,0.6535000000000001,0.011048568883561042,0.022097137767122084
0.01,0.22450000000000003,0.67,0.011043465427394164,0.022086930854788328
0.01,0.22450000000000003,0.6865,0.011038476394629272,0.022076952789258544
0.01,0.22450000000000003,0.7030000000000001,0.011033601384021182,0.022067202768042363
0.01,0.22450000000000003,0.7195,0.01102883993301536,0.02205767986603072
0.01,0.22450000000000003,0.736,0.011024191519965233,0.022048383039930466
0.01,0.22450000000000003,0.7525000000000001,0.011019655566358151,0.022039311132716302
0.01,0.22450000000000003,0.769,0.01101523143905685,0.0220304628781137
0.01,0.22450000000000003,0.7855000000000001,0.011010918452542434,0.022021836905084868
0.01,0.22450000000000003,0.802,0.011006715871166639,0.022013431742333278
0.01,0.22450000000000003,0.8185,0.011002622911382934,0.02200524582276587
0.01,0.22450000000000003,0.8350000000000001,0.010998638743986908,0.021997277487973817
0.01,0.22450000000000003,0.8515,0.010994762496327248,0.021989524992654497
0.01,0.22450000000000003,0.8680000000000001,0.010990993254505772,0.021981986509011543
0.01,0.22450000000000003,0.8845000000000001,0.010987330065558295,0.02197466013111659
0.01,0.22450000000000003,0.901,0.010983771939606837,0.021967543879213673
0.01,0.22450000000000003,0.9175000000000001,0.010980317851979806,0.021960635703959612
0.01,0.22450000000000003,0.934,0.010976966745308436,0.021953933490616872
0.01,0.22450000000000003,0.9505,0.010973717531583159,0.021947435063166317
0.01,0.22450000000000003,0.9670000000000001,0.010970569094175353,0.021941138188350705
0.01,0.22450000000000003,0.9835,0.01096752028982215,0.0219350405796443
0.01,0.22450000000000003,1.0,0.010964569950559977,0.021929139901119953
0.01,0.24100000000000002,0.01,0.011330622524914277,0.022661245049828554
0.01,0.24100000000000002,0.026500000000000003,0.011319707565808584,0.022639415131617168
0.01,0.24100000000000002,0.043000000000000003,0.011309700589236658,0.022619401178473317
0.01,0.24100000000000002,0.059500000000000004,0.011299915357377956,0.022599830714755912
0.01,0.24100000000000002,0.076,0.01129026460459296,0.02258052920918592
0.01,0.24100000000000002,0.0925,0.011280725769055762,0.022561451538111524
0.01,0.24100000000000002,0.109,0.011271291938950809,0.022542583877901617
0.01,0.24100000000000002,0.1255,0.011261961489474873,0.022523922978949746
0.01,0.24100000000000002,0.14200000000000002,0.01125273494230546,0.02250546988461092
0.01,0.24100000000000002,0.15850000000000003,0.011243613784955728,0.022487227569911457
0.01,0.24100000000000002,0.17500000000000002,0.011234599956732537,0.022469199913465073
0.01,0.24100000000000002,0.1915,0.011225695599466094,0.022451391198932188
0.01,0.24100000000000002,0.20800000000000002,0.011216902926133726,0.022433805852267452
0.01,0.24100000000000002,0.22450000000000003,0.011208224146901034,0.022416448293802068
0.01,0.24100000000000002,0.24100000000000002,0.01119966142519078,0.02239932285038156
0.01,0.24100000000000002,0.2575,0.011191216850443922,0.022382433700887844
0.01,0.24100000000000002,0.274,0.01118289242065836,0.02236578484131672
0.01,0.24100000000000002,0.29050000000000004,0.011174690030921055,0.02234938006184211
0.01,0.24100000000000002,0.30700000000000005,0.011166611465784165,0.02233322293156833
0.01,0.24100000000000002,0.3235,0.011158658394203155,0.02231731678840631
0.01,0.24100000000000002,0.34,0.011150832366243906,0.022301664732487812
0.01,0.24100000000000002,0.35650000000000004,0.011143134811074634,0.022286269622149267
0.01,0.24100000000000002,0.373,0.011135567035895525,0.02227113407179105
0.01,0.24100000000000002,0.3895,0.011128130225607836,0.022256260451215672
0.01,0.24100000000000002,0.406,0.011120825443056152,0.022241650886112303
0.01,0.24100000000000002,0.42250000000000004,0.011113653629743599,0.022227307259487197
0.01,0.24100000000000002,0.43900000000000006,0.011106615606932041,0.022213231213864083
0.01,0.24100000000000002,0.4555,0.011099712077082512,0.022199424154165023
0.01,0.24100000000000002,0.47200000000000003,0.01109294362557003,0.02218588725114006
0.01,0.24100000000000002,0.48850000000000005,0.011086310722656529,0.022172621445313057
0.01,0.24100000000000002,0.505,0.011079813725665428,0.022159627451330856
0.01,0.24100000000000002,0.5215000000000001,0.011073452881362186,0.02214690576272437
0.01,0.24100000000000002,0.538,0.011067228328493273,0.022134456656986545
0.01,0.24100000000000002,0.5545,0.011061140100470374,0.022122280200940748
0.01,0.24100000000000002,0.5710000000000001,0.01105518812819446,0.02211037625638892
0.01,0.24100000000000002,0.5875,0.011049372242978804,0.022098744485957608
0.01,0.24100000000000002,0.6040000000000001,0.011043692179582303,0.022087384359164606
0.01,0.24100000000000002,0.6205,0.011038147579317002,0.022076295158634004
0.01,0.24100000000000002,0.637,0.011032737993230105,0.02206547598646021
0.01,0.24100000000000002,0.6535000000000001,0.01102746288533856,0.02205492577067712
0.01,0.24100000000000002,0.67,0.011022321635915653,0.022044643271831307
0.01,0.24100000000000002,0.6865,0.011017313544808073,0.022034627089616145
0.01,0.24100000000000002,0.7030000000000001,0.01101243783477432,0.02202487566954864
0.01,0.24100000000000002,0.7195,0.011007693654838847,0.022015387309677694
0.01,0.24100000000000002,0.736,0.011003080083653435,0.02200616016730687
0.01,0.24100000000000002,0.7525000000000001,0.010998596132846043,0.021997192265692085
0.01,0.24100000000000002,0.769,0.010994240750368315,0.02198848150073663
0.01,0.24100000000000002,0.7855000000000001,0.010990012823808066,0.02198002564761613
0.01,0.24100000000000002,0.802,0.01098591118368613,0.02197182236737226
0.01,0.24100000000000002,0.8185,0.010981934606712353,0.021963869213424705
0.01,0.24100000000000002,0.8350000000000001,0.01097808181899997,0.02195616363799994
0.01,0.24100000000000002,0.8515,0.010974351499238361,0.021948702998476722
0.01,0.24100000000000002,0.8680000000000001,0.010970742281805269,0.021941484563610537
0.01,0.24100000000000002,0.8845000000000001,0.0109672527598325,0.021934505519665
0.01,0.24100000000000002,0.901,0.010963881488203762,0.021927762976407524
0.01,0.24100000000000002,0.9175000000000001,0.010960626986486813,0.021921253972973627
0.01,0.24100000000000002,0.934,0.010957487741801424,0.02191497548360285
0.01,0.24100000000000002,0.9505,0.010954462211613246,0.021908924423226492
0.01,0.24100000000000002,0.9670000000000001,0.010951548826455014,0.021903097652910028
0.01,0.24100000000000002,0.9835,0.010948745992565912,0.021897491985131825
0.01,0.24100000000000002,1.0,0.010946052094462208,0.021892104188924417
0.01,0.2575,0.01,0.011327001606145047,0.022654003212290094
0.01,0.2575,0.026500000000000003,0.011315130607642087,0.022630261215284175
0.01,0.2575,0.043000000000000003,0.011304270367307545,0.02260854073461509
0.01,0.2575,0.059500000000000004,0.011293662353371458,0.022587324706742917
0.01,0.2575,0.076,0.011283210532308217,0.022566421064616433
0.01,0.2575,0.0925,0.011272890422509929,0.022545780845019858
0.01,0.2575,0.109,0.01126269482623085,0.0225253896524617
0.01,0.2575,0.1255,0.011252622363652015,0.02250524472730403
0.01,0.2575,0.14200000000000002,0.011242673997465938,0.022485347994931876
0.01,0.2575,0.15850000000000003,0.011232851725916107,0.022465703451832214
0.01,0.2575,0.17500000000000002,0.01122315801352161,0.02244631602704322
0.01,0.2575,0.1915,0.011213595514873713,0.022427191029747426
0.01,0.2575,0.20800000000000002,0.011204166929016513,0.022408333858033026
0.01,0.2575,0.22450000000000003,0.011194874917489392,0.022389749834978784
0.01,0.2575,0.24100000000000002,0.011185722055733155,0.02237144411146631
0.01,0.2575,0.2575,0.011176710803092287,0.022353421606184573
0.01,0.2575,0.274,0.011167843483762697,0.022335686967525394
0.01,0.2575,0.29050000000000004,0.011159122274495949,0.022318244548991898
0.01,0.2575,0.30700000000000005,0.011150549196664472,0.022301098393328944
0.01,0.2575,0.3235,0.011142126111277234,0.02228425222255447
0.01,0.2575,0.34,0.011133854716056121,0.022267709432112242
0.01,0.2575,0.35650000000000004,0.011125736544020645,0.02225147308804129
0.01,0.2575,0.373,0.011117772963211873,0.022235545926423746
0.01,0.2575,0.3895,0.01110996517730585,0.0222199303546117
0.01,0.2575,0.406,0.011102314226939473,0.022204628453878945
0.01,0.2575,0.42250000000000004,0.011094820991623325,0.02218964198324665
0.01,0.2575,0.43900000000000006,0.01108748619214447,0.02217497238428894
0.01,0.2575,0.4555,0.011080310393389092,0.022160620786778183
0.01,0.2575,0.47200000000000003,0.011073294007518466,0.022146588015036932
0.01,0.2575,0.48850000000000005,0.011066437297459023,0.022132874594918046
0.01,0.2575,0.505,0.011059740380656713,0.022119480761313426
0.01,0.2575,0.5215000000000001,0.01105320323306864,0.02210640646613728
0.01,0.2575,0.538,0.01104682569334586,0.02209365138669172
0.01,0.2575,0.5545,0.01104060746719494,0.02208121493438988
0.01,0.2575,0.5710000000000001,0.011034548131884389,0.022069096263768778
0.01,0.2575,0.5875,0.011028647140868235,0.02205729428173647
0.01,0.2575,0.6040000000000001,0.011022903828505114,0.022045807657010228
0.01,0.2575,0.6205,0.011017317414864931,0.022034634829729862
0.01,0.2575,0.637,0.011011887010579063,0.022023774021158127
0.01,0.2575,0.6535000000000001,0.011006611621743332,0.022013223243486663
0.01,0.2575,0.67,0.011001490154830106,0.022002980309660213
0.01,0.2575,0.6865,0.010996521421613214,0.021993042843226427
0.01,0.2575,0.7030000000000001,0.010991704144082227,0.021983408288164454
0.01,0.2575,0.7195,0.010987036959332,0.021974073918664
0.01,0.2575,0.736,0.010982518424414759,0.021965036848829517
0.01,0.2575,0.7525000000000001,0.010978147021138342,0.021956294042276683
0.01,0.2575,0.769,0.010973921160819782,0.021947842321639564
0.01,0.2575,0.7855000000000001,0.010969839188953329,0.021939678377906658
0.01,0.2575,0.802,0.010965899389804,0.021931798779608
0.01,0.2575,0.8185,0.010962099990911744,0.02192419998182349
0.01,0.2575,0.8350000000000001,0.010958439167506356,0.021916878335012713
0.01,0.2575,0.8515,0.010954915046809439,0.021909830093618878
0.01,0.2575,0.8680000000000001,0.010951525712239523,0.021903051424479045
0.01,0.2575,0.8845000000000001,0.010948269207494733,0.021896538414989467
0.01,0.2575,0.901,0.010945143540520098,0.021890287081040197
0.01,0.2575,0.9175000000000001,0.010942146687353025,0.02188429337470605
0.01,0.2575,0.934,0.010939276595850023,0.021878553191700047
0.01,0.2575,0.9505,0.010936531189273131,0.021873062378546262
0.01,0.2575,0.9670000000000001,0.01093390836975902,0.02186781673951804
0.01,0.2575,0.9835,0.010931406021654445,0.02186281204330889
0.01,0.2575,1.0,0.010929022014711756,0.021858044029423512
0.01,0.274,0.01,0.011323071358341307,0.022646142716682614
0.01,0.274,0.026500000000000003,0.011310195893886743,0.022620391787773485
0.01,0.274,0.043000000000000003,0.011298443886664155,0.02259688777332831
0.01,0.274,0.059500000000000004,0.011286978206512373,0.022573956413024746
0.01,0.274,0.076,0.011275693355123505,0.02255138671024701
0.01,0.274,0.0925,0.011264562834075943,0.022529125668151885
0.01,0.274,0.109,0.011253579198632927,0.022507158397265855
0.01,0.274,0.1255,0.01124274139036052,0.02248548278072104
0.01,0.274,0.14200000000000002,0.011232050896742589,0.022464101793485177
0.01,0.274,0.15850000000000003,0.011221510306529759,0.022443020613059517
0.01,0.274,0.17500000000000002,0.011211122680236914,0.022422245360473828
0.01,0.274,0.1915,0.011200891244604487,0.022401782489208974
0.01,0.274,0.20800000000000002,0.011190819231559762,0.022381638463119524
0.01,0.274,0.22450000000000003,0.011180909787687461,0.022361819575374923
0.01,0.274,0.24100000000000002,0.011171165920760255,0.02234233184152051
0.01,0.274,0.2575,0.011161590467006235,0.02232318093401247
0.01,0.274,0.274,0.011152186070638254,0.022304372141276507
0.01,0.274,0.29050000000000004,0.011142955171023216,0.022285910342046432
0.01,0.274,0.30700000000000005,0.011133899994827315,0.02226779998965463
0.01,0.274,0.3235,0.011125022551561892,0.022250045103123783
0.01,0.274,0.34,0.011116324631553588,0.022232649263107175
0.01,0.274,0.35650000000000004,0.011107807805697412,0.022215615611394825
0.01,0.274,0.373,0.0110994734265865,0.022198946853173
0.01,0.274,0.3895,0.011091322630721887,0.022182645261443774
0.01,0.274,0.406,0.011083356341600509,0.022166712683201018
0.01,0.274,0.42250000000000004,0.011075575273530447,0.022151150547060895
0.01,0.274,0.43900000000000006,0.01106797993604473,0.02213595987208946
0.01,0.274,0.4555,0.011060570638835709,0.022121141277671418
0.01,0.274,0.47200000000000003,0.011053347497124182,0.022106694994248364
0.01,0.274,0.48850000000000005,0.011046310437400805,0.02209262087480161
0.01,0.274,0.505,0.01103945920347974,0.02207891840695948
0.01,0.274,0.5215000000000001,0.011032793362815551,0.022065586725631102
0.01,0.274,0.538,0.011026312313048906,0.022052624626097812
0.01,0.274,0.5545,0.0110200152887189,0.0220400305774378
0.01,0.274,0.5710000000000001,0.011013901368123764,0.022027802736247527
0.01,0.274,0.5875,0.0110079694802853,0.0220159389605706
0.01,0.274,0.6040000000000001,0.011002218411984262,0.022004436823968524
0.01,0.274,0.6205,0.01099664681484745,0.0219932936296949
0.01,0.274,0.637,0.010991253212437541,0.021982506424875082
0.01,0.274,0.6535000000000001,0.010986036007341349,0.021972072014682698
0.01,0.274,0.67,0.01098099348822661,0.02196198697645322
0.01,0.274,0.6865,0.010976123836829192,0.021952247673658384
0.01,0.274,0.7030000000000001,0.010971425134879004,0.021942850269758007
0.01,0.274,0.7195,0.01096689537092207,0.02193379074184414
0.01,0.274,0.736,0.010962532447030273,0.021925064894060545
0.01,0.274,0.7525000000000001,0.01095833418539008,0.02191666837078016
0.01,0.274,0.769,0.01095429833474266,0.02190859666948532
0.01,0.274,0.7855000000000001,0.010950422576678073,0.021900845153356146
0.01,0.274,0.802,0.010946704531759926,0.02189340906351985
0.01,0.274,0.8185,0.01094314176548638,0.02188628353097276
0.01,0.274,0.8350000000000001,0.010939731794055088,0.021879463588110177
0.01,0.274,0.8515,0.010936472089957043,0.021872944179914085
0.01,0.274,0.8680000000000001,0.010933360087370739,0.021866720174741477
0.01,0.274,0.8845000000000001,0.010930393187353102,0.021860786374706204
0.01,0.274,0.901,0.01092756876284418,0.02185513752568836
0.01,0.274,0.9175000000000001,0.010924884163455068,0.021849768326910136
0.01,0.274,0.934,0.010922336720058356,0.021844673440116712
0.01,0.274,0.9505,0.010919923749180624,0.021839847498361247
0.01,0.274,0.9670000000000001,0.010917642557173778,0.021835285114347555
0.01,0.274,0.9835,0.010915490444203223,0.021830980888406445
0.01,0.274,1.0,0.010913464708021283,0.021826929416042567
0.01,0.29050000000000004,0.01,0.011318812106584237,0.022637624213168474
0.01,0.29050000000000004,0.026500000000000003,0.011304878152362682,0.022609756304725365
0.01,0.29050000000000004,0.043000000000000003,0.011292191697741346,0.02258438339548269
0.01,0.29050000000000004,0.059500000000000004,0.011279829811531547,0.022559659623063093
0.01,0.29050000000000004,0.076,0.011267676733315501,0.022535353466631002
0.01,0.29050000000000004,0.0925,0.011255703834875536,0.02251140766975107
0.01,0.29050000000000004,0.109,0.011243903465297885,0.02248780693059577
0.01,0.29050000000000004,0.1255,0.01123227496941321,0.02246454993882642
0.01,0.29050000000000004,0.14200000000000002,0.011220820448068642,0.022441640896137285
0.01,0.29050000000000004,0.15850000000000003,0.011209543162785635,0.02241908632557127
0.01,0.29050000000000004,0.17500000000000002,0.011198446840371556,0.022396893680743112
0.01,0.29050000000000004,0.1915,0.011187535335414776,0.022375070670829552
0.01,0.29050000000000004,0.20800000000000002,0.01117681245254892,0.02235362490509784
0.01,0.29050000000000004,0.22450000000000003,0.011166281846834736,0.022332563693669472
0.01,0.29050000000000004,0.24100000000000002,0.011155946965316165,0.02231189393063233
0.01,0.29050000000000004,0.2575,0.011145811011721025,0.02229162202344205
0.01,0.29050000000000004,0.274,0.01113587692494923,0.02227175384989846
0.01,0.29050000000000004,0.29050000000000004,0.011126147366211028,0.022252294732422056
0.01,0.29050000000000004,0.30700000000000005,0.011116624711875744,0.02223324942375149
0.01,0.29050000000000004,0.3235,0.011107311050273619,0.022214622100547237
0.01,0.29050000000000004,0.34,0.01109820818132982,0.02219641636265964
0.01,0.29050000000000004,0.35650000000000004,0.011089317618341981,0.022178635236683963
0.01,0.29050000000000004,0.373,0.01108064059140339,0.02216128118280678
0.01,0.29050000000000004,0.3895,0.011072178052135399,0.022144356104270797
0.01,0.29050000000000004,0.406,0.011063930679495796,0.022127861358991592
0.01,0.29050000000000004,0.42250000000000004,0.011055898886453563,0.022111797772907126
0.01,0.29050000000000004,0.43900000000000006,0.01104808282740954,0.02209616565481908
0.01,0.29050000000000004,0.4555,0.011040482406210419,0.022080964812420837
0.01,0.29050000000000004,0.47200000000000003,0.011033097284684223,0.022066194569368446
0.01,0.29050000000000004,0.48850000000000005,0.011025926891592559,0.022051853783185117
0.01,0.29050000000000004,0.505,0.011018970431918193,0.022037940863836387
0.01,0.29050000000000004,0.5215000000000001,0.011012226896436432,0.022024453792872864
0.01,0.29050000000000004,0.538,0.011005695071487591,0.022011390142975183
0.01,0.29050000000000004,0.5545,0.010999373548903001,0.021998747097806002
0.01,0.29050000000000004,0.5710000000000001,0.010993260736036651,0.021986521472073303
0.01,0.29050000000000004,0.5875,0.010987354865832532,0.021974709731665064
0.01,0.29050000000000004,0.6040000000000001,0.010981654006908719,0.021963308013817438
0.01,0.29050000000000004,0.6205,0.010976156073608984,0.02195231214721797
0.01,0.29050000000000004,0.637,0.010970858835966877,0.021941717671933755
0.01,0.29050000000000004,0.6535000000000001,0.010965759929574045,0.02193151985914809
0.01,0.29050000000000004,0.67,0.010960856865306269,0.021921713730612538
0.01,0.29050000000000004,0.6865,0.010956147038884857,0.021912294077769713
0.01,0.29050000000000004,0.7030000000000001,0.010951627740237379,0.021903255480474757
0.01,0.29050000000000004,0.7195,0.010947296162654725,0.02189459232530945
0.01,0.29050000000000004,0.736,0.010943149411706828,0.021886298823413655
0.01,0.29050000000000004,0.7525000000000001,0.010939184513911725,0.02187836902782345
0.01,0.29050000000000004,0.769,0.010935398425134593,0.021870796850269186
0.01,0.29050000000000004,0.7855000000000001,0.010931788038707663,0.021863576077415327
0.01,0.29050000000000004,0.802,0.01092835019326554,0.02185670038653108
0.01,0.29050000000000004,0.8185,0.010925081680281307,0.021850163360562613
0.01,0.29050000000000004,0.8350000000000001,0.010921979251300616,0.02184395850260123
0.01,0.29050000000000004,0.8515,0.010919039624863682,0.021838079249727364
0.01,0.29050000000000004,0.8680000000000001,0.010916259493121793,0.021832518986243585
0.01,0.29050000000000004,0.8845000000000001,0.010913635528147371,0.021827271056294742
0.01,0.29050000000000004,0.901,0.010911164387917024,0.021822328775834048
0.01,0.29050000000000004,0.9175000000000001,0.010908842721999384,0.021817685443998768
0.01,0.29050000000000004,0.934,0.010906667176937902,0.021813334353875804
0.01,0.29050000000000004,0.9505,0.010904634401313314,0.021809268802626628
0.01,0.29050000000000004,0.9670000000000001,0.010902741050527342,0.021805482101054683
0.01,0.29050000000000004,0.9835,0.010900983791282274,0.021801967582564547
0.01,0.29050000000000004,1.0,0.01089935930577968,0.02179871861155936
0.01,0.30700000000000005,0.01,0.011314201881601642,0.022628403763203284
0.01,0.30700000000000005,0.026500000000000003,0.011299149199964654,0.022598298399929308
0.01,0.30700000000000005,0.043000000000000003,0.011285481046034915,0.02257096209206983
0.01,0.30700000000000005,0.059500000000000004,0.011272180450885799,0.022544360901771598
0.01,0.30700000000000005,0.076,0.0112591204784063,0.0225182409568126
0.01,0.30700000000000005,0.0925,0.011246270238299001,0.022492540476598002
0.01,0.30700000000000005,0.109,0.011233621915153723,0.022467243830307446
0.01,0.30700000000000005,0.1255,0.011221175343614779,0.022442350687229558
0.01,0.30700000000000005,0.14200000000000002,0.011208933329981388,0.022417866659962777
0.01,0.30700000000000005,0.15850000000000003,0.011196899891328712,0.022393799782657424
0.01,0.30700000000000005,0.17500000000000002,0.01118507948788765,0.0223701589757753
0.01,0.30700000000000005,0.1915,0.011173476650659984,0.022346953301319968
0.01,0.30700000000000005,0.20800000000000002,0.011162095785701105,0.02232419157140221
0.01,0.30700000000000005,0.22450000000000003,0.01115094106499166,0.02230188212998332
0.01,0.30700000000000005,0.24100000000000002,0.011140016363102528,0.022280032726205056
0.01,0.30700000000000005,0.2575,0.011129325219751955,0.02225865043950391
0.01,0.30700000000000005,0.274,0.01111887081789101,0.02223774163578202
0.01,0.30700000000000005,0.29050000000000004,0.011108655971650006,0.02221731194330001
0.01,0.30700000000000005,0.30700000000000005,0.011098683120840652,0.022197366241681303
0.01,0.30700000000000005,0.3235,0.011088954330072863,0.022177908660145726
0.01,0.30700000000000005,0.34,0.011079471291208417,0.022158942582416834
0.01,0.30700000000000005,0.35650000000000004,0.01107023532836138,0.02214047065672276
0.01,0.30700000000000005,0.373,0.011061247404869622,0.022122494809739244
0.01,0.30700000000000005,0.3895,0.01105250813183821,0.02210501626367642
0.01,0.30700000000000005,0.406,0.011044017777959728,0.022088035555919455
0.01,0.30700000000000005,0.42250000000000004,0.011035776280366838,0.022071552560733676
0.01,0.30700000000000005,0.43900000000000006,0.011027783256340863,0.022055566512681726
0.01,0.30700000000000005,0.4555,0.011020038015702878,0.022040076031405755
0.01,0.30700000000000005,0.47200000000000003,0.011012539573755465,0.02202507914751093
0.01,0.30700000000000005,0.48850000000000005,0.011005286664671671,0.022010573329343343
0.01,0.30700000000000005,0.505,0.010998277755194828,0.021996555510389655
0.01,0.30700000000000005,0.5215000000000001,0.010991511058584407,0.021983022117168814
0.01,0.30700000000000005,0.538,0.010984984548690697,0.021969969097381394
0.01,0.30700000000000005,0.5545,0.010978695974106136,0.021957391948212272
0.01,0.30700000000000005,0.5710000000000001,0.010972642872315889,0.021945285744631778
0.01,0.30700000000000005,0.5875,0.010966822583757028,0.021933645167514056
0.01,0.30700000000000005,0.6040000000000001,0.010961232265770353,0.021922464531540706
0.01,0.30700000000000005,0.6205,0.01095586890635197,0.02191173781270394
0.01,0.30700000000000005,0.637,0.010950729337682099,0.021901458675364197
0.01,0.30700000000000005,0.6535000000000001,0.01094581024937619,0.02189162049875238
0.01,0.30700000000000005,0.67,0.010941108201424039,0.021882216402848077
0.01,0.30700000000000005,0.6865,0.010936619636787062,0.021873239273574124
0.01,0.30700000000000005,0.7030000000000001,0.010932340893615423,0.021864681787230847
0.01,0.30700000000000005,0.7195,0.010928268217077637,0.021856536434155274
0.01,0.30700000000000005,0.736,0.010924397770758737,0.021848795541517474
0.01,0.30700000000000005,0.7525000000000001,0.010920725647641008,0.021841451295282015
0.01,0.30700000000000005,0.769,0.010917247880620233,0.021834495761240465
0.01,0.30700000000000005,0.7855000000000001,0.010913960452576367,0.021827920905152735
0.01,0.30700000000000005,0.802,0.010910859305985563,0.021821718611971127
0.01,0.30700000000000005,0.8185,0.010907940352043928,0.021815880704087857
0.01,0.30700000000000005,0.8350000000000001,0.010905199479351074,0.021810398958702147
0.01,0.30700000000000005,0.8515,0.010902632562107488,0.021805265124214976
0.01,0.30700000000000005,0.8680000000000001,0.01090023546785887,0.02180047093571774
0.01,0.30700000000000005,0.8845000000000001,0.010898004064775549,0.021796008129551098
0.01,0.30700000000000005,0.901,0.01089593422849546,0.02179186845699092
0.01,0.30700000000000005,0.9175000000000001,0.010894021848503452,0.021788043697006904
0.01,0.30700000000000005,0.934,0.01089226283409993,0.02178452566819986
0.01,0.30700000000000005,0.9505,0.010890653119938877,0.021781306239877753
0.01,0.30700000000000005,0.9670000000000001,0.01088918867115768,0.02177837734231536
0.01,0.30700000000000005,0.9835,0.010887865488110089,0.021775730976220178
0.01,0.30700000000000005,1.0,0.01088667961072396,0.02177335922144792
0.01,0.3235,0.01,0.011309216150671056,0.022618432301342112
0.01,0.3235,0.026500000000000003,0.011292977576777512,0.022585955153555024
0.01,0.3235,0.043000000000000003,0.01127827545191956,0.02255655090383912
0.01,0.3235,0.059500000000000004,0.011263989336921045,0.02252797867384209
0.01,0.3235,0.076,0.011249980070987379,0.022499960141974758
0.01,0.3235,0.0925,0.011236214345907332,0.022472428691814664
0.01,0.3235,0.109,0.011222684222757223,0.022445368445514445
0.01,0.3235,0.1255,0.011209390115819111,0.022418780231638222
0.01,0.3235,0.14200000000000002,0.011196335630439792,0.022392671260879585
0.01,0.3235,0.15850000000000003,0.011183525619729781,0.022367051239459562
0.01,0.3235,0.17500000000000002,0.011170965337570199,0.022341930675140398
0.01,0.3235,0.1915,0.011158660028204771,0.022317320056409542
0.01,0.3235,0.20800000000000002,0.011146614711309975,0.02229322942261995
0.01,0.3235,0.22450000000000003,0.011134834063114314,0.022269668126228628
0.01,0.3235,0.24100000000000002,0.011123322348559587,0.022246644697119174
0.01,0.3235,0.2575,0.011112083382484789,0.022224166764969577
0.01,0.3235,0.274,0.011101120508373214,0.022202241016746428
0.01,0.3235,0.29050000000000004,0.01109043658835313,0.02218087317670626
0.01,0.3235,0.30700000000000005,0.011080034000792072,0.022160068001584144
0.01,0.3235,0.3235,0.011069914643240258,0.022139829286480516
0.01,0.3235,0.34,0.011060079939337365,0.02212015987867473
0.01,0.3235,0.35650000000000004,0.011050530848712888,0.022101061697425775
0.01,0.3235,0.373,0.011041267879217756,0.022082535758435513
0.01,0.3235,0.3895,0.011032291101013832,0.022064582202027665
0.01,0.3235,0.406,0.01102360016213854,0.02204720032427708
0.01,0.3235,0.42250000000000004,0.011015194305239239,0.022030388610478478
0.01,0.3235,0.43900000000000006,0.011007072385250241,0.022014144770500482
0.01,0.3235,0.4555,0.010999232887785903,0.021998465775571806
0.01,0.3235,0.47200000000000003,0.010991673948069769,0.021983347896139538
0.01,0.3235,0.48850000000000005,0.010984393370247524,0.021968786740495048
0.01,0.3235,0.505,0.010977388646933341,0.021954777293866683
0.01,0.3235,0.5215000000000001,0.010970656978856437,0.021941313957712875
0.01,0.3235,0.538,0.010964195294509385,0.02192839058901877
0.01,0.3235,0.5545,0.010958000269669525,0.02191600053933905
0.01,0.3235,0.5710000000000001,0.010952068346722573,0.021904136693445146
0.01,0.3235,0.5875,0.010946395753691362,0.021892791507382724
0.01,0.3235,0.6040000000000001,0.010940978522901323,0.021881957045802647
0.01,0.3235,0.6205,0.010935812509216374,0.021871625018432747
0.01,0.3235,0.637,0.010930893407790576,0.021861786815581152
0.01,0.3235,0.6535000000000001,0.010926216771278847,0.021852433542557694
0.01,0.3235,0.67,0.010921778026478281,0.021843556052956563
0.01,0.3235,0.6865,0.010917572490351782,0.021835144980703564
0.01,0.3235,0.7030000000000001,0.01091359538542245,0.0218271907708449
0.01,0.3235,0.7195,0.010909841854498524,0.021819683708997048
0.01,0.3235,0.736,0.010906306974727484,0.021812613949454968
0.01,0.3235,0.7525000000000001,0.010902985770963361,0.021805971541926723
0.01,0.3235,0.769,0.010899873228442878,0.021799746456885757
0.01,0.3235,0.7855000000000001,0.010896964304760691,0.021793928609521382
0.01,0.3235,0.802,0.010894253941165853,0.021788507882331706
0.01,0.3235,0.8185,0.010891737073163606,0.02178347414632721
0.01,0.3235,0.8350000000000001,0.010889408640440258,0.021778817280880516
0.01,0.3235,0.8515,0.010887263596137873,0.021774527192275746
0.01,0.3235,0.8680000000000001,0.010885296915458025,0.02177059383091605
0.01,0.3235,0.8845000000000001,0.010883503603654131,0.021767007207308262
0.01,0.3235,0.901,0.01088187870339736,0.02176375740679472
0.01,0.3235,0.9175000000000001,0.010880417301549988,0.021760834603099976
0.01,0.3235,0.934,0.01087911453536687,0.02175822907073374
0.01,0.3235,0.9505,0.010877965598146825,0.02175593119629365
0.01,0.3235,0.9670000000000001,0.010876965744353033,0.021753931488706066
0.01,0.3235,0.9835,0.010876110294225553,0.021752220588451106
0.01,0.3235,1.0,0.010875394637920883,0.021750789275841766
0.01,0.34,0.01,0.011303827507409213,0.022607655014818425
0.01,0.34,0.026500000000000003,0.011286328122430165,0.02257265624486033
0.01,0.34,0.043000000000000003,0.011270534225154118,0.022541068450308236
0.01,0.34,0.059500000000000004,0.011255211084722385,0.02251042216944477
0.01,0.34,0.076,0.011240206108139182,0.022480412216278365
0.01,0.34,0.0925,0.01122548338434088,0.02245096676868176
0.01,0.34,0.109,0.011211034888865459,0.022422069777730917
0.01,0.34,0.1255,0.011196861706502909,0.022393723413005818
0.01,0.34,0.14200000000000002,0.01118296833376669,0.02236593666753338
0.01,0.34,0.15850000000000003,0.011169360533962744,0.022338721067925487
0.01,0.34,0.17500000000000002,0.011156044402839163,0.022312088805678327
0.01,0.34,0.1915,0.011143025916846785,0.02228605183369357
0.01,0.34,0.20800000000000002,0.011130310697888366,0.022260621395776732
0.01,0.34,0.22450000000000003,0.011117903884796405,0.02223580776959281
0.01,0.34,0.24100000000000002,0.01110581006179865,0.0222116201235973
0.01,0.34,0.2575,0.0110940332196264,0.0221880664392528
0.01,0.34,0.274,0.011082576736546572,0.022165153473093144
0.01,0.34,0.29050000000000004,0.011071443372288117,0.022142886744576235
0.01,0.34,0.30700000000000005,0.011060635270736969,0.022121270541473937
0.01,0.34,0.3235,0.011050153968895707,0.022100307937791414
0.01,0.34,0.34,0.01104000041045908,0.02208000082091816
0.01,0.34,0.35650000000000004,0.011030174962895243,0.022060349925790486
0.01,0.34,0.373,0.01102067743724875,0.0220413548744975
0.01,0.34,0.3895,0.011011507110041868,0.022023014220083736
0.01,0.34,0.406,0.011002662746835323,0.022005325493670645
0.01,0.34,0.42250000000000004,0.010994142627030721,0.021988285254061442
0.01,0.34,0.43900000000000006,0.010985944569625294,0.021971889139250588
0.01,0.34,0.4555,0.010978065959616446,0.02195613191923289
0.01,0.34,0.47200000000000003,0.010970503774829039,0.021941007549658078
0.01,0.34,0.48850000000000005,0.010963254612946206,0.021926509225892413
0.01,0.34,0.505,0.010956314718559786,0.021912629437119573
0.01,0.34,0.5215000000000001,0.010949680010067563,0.021899360020135126
0.01,0.34,0.538,0.01094334610626409,0.02188669221252818
0.01,0.34,0.5545,0.010937308352516023,0.021874616705032046
0.01,0.34,0.5710000000000001,0.010931561846371904,0.02186312369274381
0.01,0.34,0.5875,0.010926101462533352,0.021852202925066705
0.01,0.34,0.6040000000000001,0.010920921877096527,0.021841843754193055
0.01,0.34,0.6205,0.010916017590979658,0.021832035181959315
0.01,0.34,0.637,0.010911382952485225,0.02182276590497045
0.01,0.34,0.6535000000000001,0.01090701217894864,0.02181402435789728
0.01,0.34,0.67,0.010902899377428462,0.021805798754856925
0.01,0.34,0.6865,0.01089903856441052,0.02179807712882104
0.01,0.34,0.7030000000000001,0.010895423684520676,0.02179084736904135
0.01,0.34,0.7195,0.01089204862820928,0.02178409725641856
0.01,0.34,0.736,0.010888907248422197,0.021777814496844395
0.01,0.34,0.7525000000000001,0.010885993376258667,0.021771986752517333
0.01,0.34,0.769,0.010883300835623244,0.02176660167124649
0.01,0.34,0.7855000000000001,0.010880823456881853,0.021761646913763706
0.01,0.34,0.802,0.010878555089548306,0.021757110179096612
0.01,0.34,0.8185,0.010876489614017137,0.021752979228034274
0.01,0.34,0.8350000000000001,0.01087462095237923,0.02174924190475846
0.01,0.34,0.8515,0.010872943078332089,0.021745886156664177
0.01,0.34,0.8680000000000001,0.010871450026247351,0.021742900052494702
0.01,0.34,0.8845000000000001,0.010870135899380157,0.021740271798760313
0.01,0.34,0.901,0.010868994877310445,0.02173798975462089
0.01,0.34,0.9175000000000001,0.010868021222616072,0.021736042445232143
0.01,0.34,0.934,0.010867209286819696,0.02173441857363939
0.01,0.34,0.9505,0.010866553515654069,0.021733107031308138
0.01,0.34,0.9670000000000001,0.010866048453686815,0.02173209690737363
0.01,0.34,0.9835,0.010865688748321495,0.02173137749664299
0.01,0.34,1.0,0.010865469153236045,0.02173093830647209
0.01,0.35650000000000004,0.01,0.01129800531378784,0.02259601062757568
0.01,0.35650000000000004,0.026500000000000003,0.011279161484522928,0.022558322969045856
0.01,0.35650000000000004,0.043000000000000003,0.011262211902640592,0.022524423805281184
0.01,0.35650000000000004,0.059500000000000004,0.01124579510393079,0.02249159020786158
0.01,0.35650000000000004,0.076,0.011229743668936209,0.022459487337872418
0.01,0.35650000000000004,0.0925,0.011214018862600428,0.022428037725200856
0.01,0.35650000000000004,0.109,0.01119861260643054,0.02239722521286108
0.01,0.35650000000000004,0.1255,0.011183526744285955,0.02236705348857191
0.01,0.35650000000000004,0.14200000000000002,0.011168766750160956,0.022337533500321912
0.01,0.35650000000000004,0.15850000000000003,0.011154339359767411,0.022308678719534823
0.01,0.35650000000000004,0.17500000000000002,0.01114025154001918,0.02228050308003836
0.01,0.35650000000000004,0.1915,0.011126509992548822,0.022253019985097645
0.01,0.35650000000000004,0.20800000000000002,0.011113120897330764,0.02222624179466153
0.01,0.35650000000000004,0.22450000000000003,0.011100089775123348,0.022200179550246696
0.01,0.35650000000000004,0.24100000000000002,0.011087421413710665,0.02217484282742133
0.01,0.35650000000000004,0.2575,0.011075119830959181,0.022150239661918363
0.01,0.35650000000000004,0.274,0.011063188260539026,0.022126376521078052
0.01,0.35650000000000004,0.29050000000000004,0.011051629152440172,0.022103258304880344
0.01,0.35650000000000004,0.30700000000000005,0.011040444183636101,0.022080888367272202
0.01,0.35650000000000004,0.3235,0.01102963427600609,0.02205926855201218
0.01,0.35650000000000004,0.34,0.011019199619611732,0.022038399239223464
0.01,0.35650000000000004,0.35650000000000004,0.011009139699999584,0.022018279399999167
0.01,0.35650000000000004,0.373,0.010999453328561781,0.021998906657123563
0.01,0.35650000000000004,0.3895,0.010990138675209362,0.021980277350418725
0.01,0.35650000000000004,0.406,0.01098119330275851,0.02196238660551702
0.01,0.35650000000000004,0.42250000000000004,0.010972614202534505,0.02194522840506901
0.01,0.35650000000000004,0.43900000000000006,0.010964397830772353,0.021928795661544705
0.01,0.35650000000000004,0.4555,0.010956540145463293,0.021913080290926586
0.01,0.35650000000000004,0.47200000000000003,0.01094903664332093,0.02189807328664186
0.01,0.35650000000000004,0.48850000000000005,0.010941882396591163,0.021883764793182325
0.01,0.35650000000000004,0.505,0.010935072089480063,0.021870144178960126
0.01,0.35650000000000004,0.5215000000000001,0.010928600053969374,0.02185720010793875
0.01,0.35650000000000004,0.538,0.01092246030485149,0.02184492060970298
0.01,0.35650000000000004,0.5545,0.010916646573820767,0.021833293147641535
0.01,0.35650000000000004,0.5710000000000001,0.010911152342487608,0.021822304684975216
0.01,0.35650000000000004,0.5875,0.010905970874204998,0.021811941748409995
0.01,0.35650000000000004,0.6040000000000001,0.010901095244621422,0.021802190489242843
0.01,0.35650000000000004,0.6205,0.010896518370873269,0.021793036741746537
0.01,0.35650000000000004,0.637,0.010892233039382714,0.021784466078765427
0.01,0.35650000000000004,0.6535000000000001,0.010888231932204258,0.021776463864408516
0.01,0.35650000000000004,0.67,0.010884507651908754,0.02176901530381751
0.01,0.35650000000000004,0.6865,0.010881052744975493,0.021762105489950986
0.01,0.35650000000000004,0.7030000000000001,0.010877859723721142,0.021755719447442284
0.01,0.35650000000000004,0.7195,0.010874921086746552,0.021749842173493104
0.01,0.35650000000000004,0.736,0.010872229337936676,0.02174445867587335
0.01,0.35650000000000004,0.7525000000000001,0.01086977700404867,0.02173955400809734
0.01,0.35650000000000004,0.769,0.010867556650893387,0.021735113301786773
0.01,0.35650000000000004,0.7855000000000001,0.010865560898191844,0.021731121796383687
0.01,0.35650000000000004,0.802,0.010863782433116621,0.021727564866233243
0.01,0.35650000000000004,0.8185,0.010862214022582323,0.021724428045164647
0.01,0.35650000000000004,0.8350000000000001,0.010860848524343342,0.021721697048686685
0.01,0.35650000000000004,0.8515,0.010859678896930385,0.02171935779386077
0.01,0.35650000000000004,0.8680000000000001,0.010858698208517443,0.021717396417034886
0.01,0.35650000000000004,0.8845000000000001,0.010857899644730783,0.021715799289461567
0.01,0.35650000000000004,0.901,0.010857276515503708,0.021714553031007416
0.01,0.35650000000000004,0.9175000000000001,0.01085682226099821,0.02171364452199642
0.01,0.35650000000000004,0.934,0.010856530456671178,0.021713060913342356
0.01,0.35650000000000004,0.9505,0.010856394817526798,0.021712789635053596
0.01,0.35650000000000004,0.9670000000000001,0.010856409201625082,0.021712818403250164
0.01,0.35650000000000004,0.9835,0.0108565676128888,0.0217131352257776
0.01,0.35650000000000004,1.0,0.010856864203259018,0.021713728406518036
0.01,0.373,0.01,0.011291715286395387,0.022583430572790775
0.01,0.373,0.026500000000000003,0.011271433546919892,0.022542867093839784
0.01,0.373,0.043000000000000003,0.011253257595814976,0.022506515191629953
0.01,0.373,0.059500000000000004,0.011235684895494253,0.022471369790988505
0.01,0.373,0.076,0.011218531584580433,0.022437063169160866
0.01,0.373,0.0925,0.01120175583737396,0.02240351167474792
0.01,0.373,0.109,0.011185349541481754,0.02237069908296351
0.01,0.373,0.1255,0.011169315381110469,0.022338630762220937
0.01,0.373,0.14200000000000002,0.011153659882041124,0.022307319764082248
0.01,0.373,0.15850000000000003,0.011138390794925967,0.022276781589851934
0.01,0.373,0.17500000000000002,0.011123515958928595,0.02224703191785719
0.01,0.373,0.1915,0.011109042757154729,0.022218085514309458
0.01,0.373,0.20800000000000002,0.011094977838857743,0.022189955677715485
0.01,0.373,0.22450000000000003,0.011081326974233422,0.022162653948466844
0.01,0.373,0.24100000000000002,0.011068094980819593,0.022136189961639186
0.01,0.373,0.2575,0.01105528569153746,0.02211057138307492
0.01,0.373,0.274,0.011042901948568076,0.02208580389713615
0.01,0.373,0.29050000000000004,0.011030945614206434,0.02206189122841287
0.01,0.373,0.30700000000000005,0.011019417593400378,0.022038835186800755
0.01,0.373,0.3235,0.01100831786463658,0.02201663572927316
0.01,0.373,0.34,0.01099764551692098,0.02199529103384196
0.01,0.373,0.35650000000000004,0.010987398791252408,0.021974797582504816
0.01,0.373,0.373,0.010977575125399446,0.021955150250798892
0.01,0.373,0.3895,0.010968171201036471,0.021936342402072942
0.01,0.373,0.406,0.010959182992477636,0.021918365984955272
0.01,0.373,0.42250000000000004,0.01095060581638433,0.02190121163276866
0.01,0.373,0.43900000000000006,0.010942434381883099,0.021884868763766198
0.01,0.373,0.4555,0.010934662840662137,0.021869325681324273
0.01,0.373,0.47200000000000003,0.010927284836623394,0.02185456967324679
0.01,0.373,0.48850000000000005,0.010920293554752072,0.021840587109504143
0.01,0.373,0.505,0.010913681768921952,0.021827363537843904
0.01,0.373,0.5215000000000001,0.010907441888363354,0.021814883776726707
0.01,0.373,0.538,0.01090156600259765,0.0218031320051953
0.01,0.373,0.5545,0.01089604592466781,0.02179209184933562
0.01,0.373,0.5710000000000001,0.01089087323250946,0.02178174646501892
0.01,0.373,0.5875,0.01088603930836783,0.02177207861673566
0.01,0.373,0.6040000000000001,0.010881535376168408,0.021763070752336817
0.01,0.373,0.6205,0.010877352536804262,0.021754705073608525
0.01,0.373,0.637,0.01087348180127867,0.02174696360255734
0.01,0.373,0.6535000000000001,0.01086991412172546,0.02173982824345092
0.01,0.373,0.67,0.010866640420283284,0.02173328084056657
0.01,0.373,0.6865,0.010863651615873065,0.02172730323174613
0.01,0.373,0.7030000000000001,0.01086093864889627,0.02172187729779254
0.01,0.373,0.7195,0.010858492503906561,0.021716985007813123
0.01,0.373,0.736,0.010856304230336402,0.021712608460672803
0.01,0.373,0.7525000000000001,0.010854364961294643,0.021708729922589286
0.01,0.373,0.769,0.010852665930576155,0.02170533186115231
0.01,0.373,0.7855000000000001,0.010851198487902284,0.021702396975804568
0.01,0.373,0.802,0.010849954112507108,0.021699908225014216
0.01,0.373,0.8185,0.010848924425154656,0.02169784885030931
0.01,0.373,0.8350000000000001,0.010848101198663885,0.02169620239732777
0.01,0.373,0.8515,0.010847476367025124,0.021694952734050248
0.01,0.373,0.8680000000000001,0.010847042033216221,0.021694084066432442
0.01,0.373,0.8845000000000001,0.01084679047578241,0.02169358095156482
0.01,0.373,0.901,0.010846714154284029,0.021693428308568057
0.01,0.373,0.9175000000000001,0.010846805713674412,0.021693611427348825
0.01,0.373,0.934,0.010847057987711791,0.021694115975423582
0.01,0.373,0.9505,0.01084746400146571,0.02169492800293142
0.01,0.373,0.9670000000000001,0.010848016972997311,0.021696033945994623
0.01,0.373,0.9835,0.010848710314297693,0.021697420628595386
0.01,0.373,1.0,0.01084953763152092,0.02169907526304184
0.01,0.3895,0.01,0.01128491901759496,0.02256983803518992
0.01,0.3895,0.026500000000000003,0.011263094763242762,0.022526189526485524
0.01,0.3895,0.043000000000000003,0.011243614231268044,0.022487228462536087
0.01,0.3895,0.059500000000000004,0.011224817236724756,0.022449634473449512
0.01,0.3895,0.076,0.011206501597255626,0.02241300319451125
0.01,0.3895,0.0925,0.011188622072208849,0.022377244144417698
0.01,0.3895,0.109,0.011171170516999814,0.022342341033999628
0.01,0.3895,0.1255,0.011154150523031058,0.022308301046062115
0.01,0.3895,0.14200000000000002,0.01113756972146668,0.02227513944293336
0.01,0.3895,0.15850000000000003,0.0111214368901527,0.0222428737803054
0.01,0.3895,0.17500000000000002,0.011105760700961703,0.022211521401923406
0.01,0.3895,0.1915,0.011090549124075567,0.022181098248151135
0.01,0.3895,0.20800000000000002,0.011075809129326318,0.022151618258652635
0.01,0.3895,0.22450000000000003,0.011061546535837071,0.022123093071674142
0.01,0.3895,0.24100000000000002,0.011047765942277785,0.02209553188455557
0.01,0.3895,0.2575,0.011034470704295994,0.02206894140859199
0.01,0.3895,0.274,0.011021662941428333,0.022043325882856665
0.01,0.3895,0.29050000000000004,0.01100934356343303,0.02201868712686606
0.01,0.3895,0.30700000000000005,0.010997512309984279,0.021995024619968558
0.01,0.3895,0.3235,0.010986167799800618,0.021972335599601236
0.01,0.3895,0.34,0.010975307586532106,0.021950615173064212
0.01,0.3895,0.35650000000000004,0.010964928219458795,0.02192985643891759
0.01,0.3895,0.373,0.010955025307499843,0.021910050614999687
0.01,0.3895,0.3895,0.010945593585366863,0.021891187170733725
0.01,0.3895,0.406,0.010936626980888988,0.021873253961777975
0.01,0.3895,0.42250000000000004,0.010928118682703289,0.021856237365406577
0.01,0.3895,0.43900000000000006,0.010920061207633646,0.021840122415267293
0.01,0.3895,0.4555,0.010912446467175811,0.021824892934351622
0.01,0.3895,0.47200000000000003,0.010905265832603744,0.021810531665207487
0.01,0.3895,0.48850000000000005,0.010898510198290612,0.021797020396581223
0.01,0.3895,0.505,0.010892170042886432,0.021784340085772864
0.01,0.3895,0.5215000000000001,0.010886235488098216,0.02177247097619643
0.01,0.3895,0.538,0.010880696354829444,0.021761392709658888
0.01,0.3895,0.5545,0.010875542216511665,0.02175108443302333
0.01,0.3895,0.5710000000000001,0.010870762449518494,0.02174152489903699
0.01,0.3895,0.5875,0.010866346280554955,0.02173269256110991
0.01,0.3895,0.6040000000000001,0.010862282831001407,0.021724565662002815
0.01,0.3895,0.6205,0.010858561158180409,0.021717122316360818
0.01,0.3895,0.637,0.010855170293569751,0.021710340587139502
0.01,0.3895,0.6535000000000001,0.010852099278018107,0.021704198556036215
0.01,0.3895,0.67,0.010849337193989525,0.02169867438797905
0.01,0.3895,0.6865,0.010846873194964874,0.021693746389929748
0.01,0.3895,0.7030000000000001,0.010844696532051798,0.021689393064103595
0.01,0.3895,0.7195,0.010842796577947322,0.021685593155894644
0.01,0.3895,0.736,0.010841162848347274,0.021682325696694548
0.01,0.3895,0.7525000000000001,0.010839785020934032,0.021679570041868063
0.01,0.3895,0.769,0.01083865295207838,0.02167730590415676
0.01,0.3895,0.7855000000000001,0.010837756691375669,0.021675513382751338
0.01,0.3895,0.802,0.010837086494160555,0.02167417298832111
0.01,0.3895,0.8185,0.010836632832125345,0.02167326566425069
0.01,0.3895,0.8350000000000001,0.010836386402180211,0.021672772804360422
0.01,0.3895,0.8515,0.010836338133682752,0.021672676267365503
0.01,0.3895,0.8680000000000001,0.01083647919416173,0.02167295838832346
0.01,0.3895,0.8845000000000001,0.01083680099365675,0.0216736019873135
0.01,0.3895,0.901,0.01083729518779295,0.0216745903755859
0.01,0.3895,0.9175000000000001,0.010837953679710657,0.021675907359421313
0.01,0.3895,0.934,0.010838768620937824,0.021677537241875648
0.01,0.3895,0.9505,0.010839732411328946,0.021679464822657892
0.01,0.3895,0.9670000000000001,0.010840837698155735,0.02168167539631147
0.01,0.3895,0.9835,0.010842077374431628,0.021684154748863257
0.01,0.3895,1.0,0.010843444576579852,0.021686889153159705
0.01,0.406,0.01,0.011277573420428375,0.02255514684085675
0.01,0.406,0.026500000000000003,0.011254089377810403,0.022508178755620806
0.01,0.406,0.043000000000000003,0.011233217664940063,0.022466435329880127
0.01,0.406,0.059500000000000004,0.01121312123484825,0.0224262424696965
0.01,0.406,0.076,0.01119357738907249,0.02238715477814498
0.01,0.406,0.0925,0.011174537074082098,0.022349074148164196
0.01,0.406,0.109,0.011155992086474555,0.02231198417294911
0.01,0.406,0.1255,0.0111379469670567,0.0222758939341134
0.01,0.406,0.14200000000000002,0.011120410473149772,0.022240820946299544
0.01,0.406,0.15850000000000003,0.011103392377395173,0.022206784754790345
0.01,0.406,0.17500000000000002,0.011086902087707927,0.022173804175415854
0.01,0.406,0.1915,0.011070947998004852,0.022141895996009704
0.01,0.406,0.20800000000000002,0.011055537170487054,0.022111074340974108
0.01,0.406,0.22450000000000003,0.011040675184262725,0.02208135036852545
0.01,0.406,0.24100000000000002,0.011026366074906419,0.022052732149812838
0.01,0.406,0.2575,0.01101261232756393,0.02202522465512786
0.01,0.406,0.274,0.010999414903612852,0.021998829807225704
0.01,0.406,0.29050000000000004,0.010986773289432022,0.021973546578864044
0.01,0.406,0.30700000000000005,0.010974685560212782,0.021949371120425564
0.01,0.406,0.3235,0.010963148454206815,0.02192629690841363
0.01,0.406,0.34,0.010952157454147932,0.021904314908295863
0.01,0.406,0.35650000000000004,0.010941706873475609,0.021883413746951217
0.01,0.406,0.373,0.010931789945498108,0.021863579890996215
0.01,0.406,0.3895,0.010922398914010725,0.02184479782802145
0.01,0.406,0.406,0.010913525124167238,0.021827050248334475
0.01,0.406,0.42250000000000004,0.010905159112598605,0.02181031822519721
0.01,0.406,0.43900000000000006,0.010897290695941655,0.02179458139188331
0.01,0.406,0.4555,0.010889909057088172,0.021779818114176345
0.01,0.406,0.47200000000000003,0.010883002828574606,0.02176600565714921
0.01,0.406,0.48850000000000005,0.010876560172671065,0.02175312034534213
0.01,0.406,0.505,0.01087056885777681,0.02174113771555362
0.01,0.406,0.5215000000000001,0.010865016330862334,0.021730032661724668
0.01,0.406,0.538,0.010859889785760437,0.021719779571520874
0.01,0.406,0.5545,0.010855176227151063,0.021710352454302126
0.01,0.406,0.5710000000000001,0.010850862530191033,0.021701725060382066
0.01,0.406,0.5875,0.010846935495754358,0.021693870991508716
0.01,0.406,0.6040000000000001,0.010843381901333276,0.021686763802666553
0.01,0.406,0.6205,0.010840188547631422,0.021680377095262843
0.01,0.406,0.637,0.010837342300990024,0.02167468460198005
0.01,0.406,0.6535000000000001,0.010834830131747039,0.021669660263494078
0.01,0.406,0.67,0.010832639148700671,0.021665278297401343
0.01,0.406,0.6865,0.010830756629832789,0.021661513259665578
0.01,0.406,0.7030000000000001,0.010829170049481982,0.021658340098963964
0.01,0.406,0.7195,0.010827867102153476,0.021655734204306953
0.01,0.406,0.736,0.01082683572317885,0.0216536714463577
0.01,0.406,0.7525000000000001,0.010826064106407402,0.021652128212814804
0.01,0.406,0.769,0.010825540719139234,0.021651081438278468
0.01,0.406,0.7855000000000001,0.010825254314508757,0.021650508629017514
0.01,0.406,0.802,0.010825193941501485,0.02165038788300297
0.01,0.406,0.8185,0.010825348952809358,0.021650697905618715
0.01,0.406,0.8350000000000001,0.010825709010694604,0.02165141802138921
0.01,0.406,0.8515,0.010826264091055415,0.02165252818211083
0.01,0.406,0.8680000000000001,0.010827004485857305,0.02165400897171461
0.01,0.406,0.8845000000000001,0.010827920804087978,0.021655841608175956
0.01,0.406,0.901,0.010829003971391919,0.021658007942783837
0.01,0.406,0.9175000000000001,0.010830245228536954,0.021660490457073907
0.01,0.406,0.934,0.010831636128817598,0.021663272257635195
0.01,0.406,0.9505,0.010833168534565934,0.021666337069131868
0.01,0.406,0.9670000000000001,0.010834834612851089,0.021669669225702178
0.01,0.406,0.9835,0.010836626830472505,0.02167325366094501
0.01,0.406,1.0,0.0108385379483817,0.0216770758967634
0.01,0.42250000000000004,0.01,0.011269630084074047,0.022539260168148095
0.01,0.42250000000000004,0.026500000000000003,0.01124435451264893,0.02248870902529786
0.01,0.42250000000000004,0.043000000000000003,0.011221995646205338,0.022443991292410675
0.01,0.42250000000000004,0.059500000000000004,0.01120051722540783,0.02240103445081566
0.01,0.42250000000000004,0.076,0.011179673459202934,0.022359346918405867
0.01,0.42250000000000004,0.0925,0.011159410988569141,0.022318821977138283
0.01,0.42250000000000004,0.109,0.011139721482369773,0.022279442964739545
0.01,0.42250000000000004,0.1255,0.011120610434051676,0.022241220868103352
0.01,0.42250000000000004,0.14200000000000002,0.011102087698305726,0.02220417539661145
0.01,0.42250000000000004,0.15850000000000003,0.011084163946113241,0.022168327892226482
0.01,0.42250000000000004,0.17500000000000002,0.011066849145824691,0.022133698291649382
0.01,0.42250000000000004,0.1915,0.011050151859077118,0.022100303718154236
0.01,0.42250000000000004,0.20800000000000002,0.01103407890773445,0.0220681578154689
0.01,0.42250000000000004,0.22450000000000003,0.011018635227864535,0.02203727045572907
0.01,0.42250000000000004,0.24100000000000002,0.011003823826495965,0.02200764765299193
0.01,0.42250000000000004,0.2575,0.010989645799109297,0.021979291598218594
0.01,0.42250000000000004,0.274,0.010976100385183053,0.021952200770366106
0.01,0.42250000000000004,0.29050000000000004,0.010963185048602083,0.021926370097204165
0.01,0.42250000000000004,0.30700000000000005,0.010950895574670775,0.02190179114934155
0.01,0.42250000000000004,0.3235,0.010939226178217479,0.021878452356434958
0.01,0.42250000000000004,0.34,0.010928169618841806,0.02185633923768361
0.01,0.42250000000000004,0.35650000000000004,0.010917717320374411,0.021835434640748823
0.01,0.42250000000000004,0.373,0.010907859492235597,0.021815718984471193
0.01,0.42250000000000004,0.3895,0.010898585250874742,0.021797170501749483
0.01,0.42250000000000004,0.406,0.010889882739789953,0.021779765479579907
0.01,0.42250000000000004,0.42250000000000004,0.010881739246925802,0.021763478493851605
0.01,0.42250000000000004,0.43900000000000006,0.010874141318451803,0.021748282636903607
0.01,0.42250000000000004,0.4555,0.010867074868138314,0.021734149736276628
0.01,0.42250000000000004,0.47200000000000003,0.010860525281707755,0.02172105056341551
0.01,0.42250000000000004,0.48850000000000005,0.01085447751569031,0.02170895503138062
0.01,0.42250000000000004,0.505,0.010848916190420789,0.021697832380841577
0.01,0.42250000000000004,0.5215000000000001,0.01084382567698801,0.02168765135397602
0.01,0.42250000000000004,0.538,0.010839190177972515,0.02167838035594503
0.01,0.42250000000000004,0.5545,0.010834993801961085,0.02166998760392217
0.01,0.42250000000000004,0.5710000000000001,0.010831220631863328,0.021662441263726656
0.01,0.42250000000000004,0.5875,0.010827854787133075,0.02165570957426615
0.01,0.42250000000000004,0.6040000000000001,0.010824880480056412,0.021649760960112823
0.01,0.42250000000000004,0.6205,0.010822282066295777,0.021644564132591554
0.01,0.42250000000000004,0.637,0.01082004408993799,0.02164008817987598
0.01,0.42250000000000004,0.6535000000000001,0.010818151323285929,0.021636302646571858
0.01,0.42250000000000004,0.67,0.010816588801696713,0.021633177603393425
0.01,0.42250000000000004,0.6865,0.01081534185374214,0.02163068370748428
0.01,0.42250000000000004,0.7030000000000001,0.01081439612700956,0.02162879225401912
0.01,0.42250000000000004,0.7195,0.010813737609826861,0.021627475219653722
0.01,0.42250000000000004,0.736,0.010813352649236153,0.021626705298472305
0.01,0.42250000000000004,0.7525000000000001,0.010813227965497572,0.021626455930995145
0.01,0.42250000000000004,0.769,0.010813350663433616,0.021626701326867233
0.01,0.42250000000000004,0.7855000000000001,0.010813708240871083,0.021627416481742167
0.01,0.42250000000000004,0.802,0.010814288594481374,0.021628577188962748
0.01,0.42250000000000004,0.8185,0.010815080023245787,0.021630160046491573
0.01,0.42250000000000004,0.8350000000000001,0.010816071229823969,0.021632142459647938
0.01,0.42250000000000004,0.8515,0.010817251320022061,0.021634502640044122
0.01,0.42250000000000004,0.8680000000000001,0.010818609800609499,0.021637219601218997
0.01,0.42250000000000004,0.8845000000000001,0.01082013657565606,0.02164027315131212
0.01,0.42250000000000004,0.901,0.010821821941599046,0.02164364388319809
0.01,0.42250000000000004,0.9175000000000001,0.010823656581198328,0.021647313162396657
0.01,0.42250000000000004,0.934,0.010825631556551744,0.02165126311310349
0.01,0.42250000000000004,0.9505,0.01082773830129751,0.02165547660259502
0.01,0.42250000000000004,0.9670000000000001,0.010829968612154878,0.021659937224309755
0.01,0.42250000000000004,0.9835,0.01083231463991295,0.0216646292798259
0.01,0.42250000000000004,1.0,0.010834768879976824,0.021669537759953648
0.01,0.43900000000000006,0.01,0.011261034524266687,0.022522069048533374
0.01,0.43900000000000006,0.026500000000000003,0.011233819094574821,0.022467638189149642
0.01,0.43900000000000006,0.043000000000000003,0.011209866603262774,0.022419733206525547
0.01,0.43900000000000006,0.059500000000000004,0.011186915487348736,0.022373830974697473
0.01,0.43900000000000006,0.076,0.011164693823560846,0.022329387647121692
0.01,0.43900000000000006,0.0925,0.011143143332062327,0.022286286664124653
0.01,0.43900000000000006,0.109,0.011122255423377551,0.022244510846755102
0.01,0.43900000000000006,0.1255,0.011102036487756168,0.022204072975512336
0.01,0.43900000000000006,0.14200000000000002,0.011082497375972215,0.02216499475194443
0.01,0.43900000000000006,0.15850000000000003,0.011063649470754701,0.022127298941509402
0.01,0.43900000000000006,0.17500000000000002,0.011045503017594133,0.022091006035188265
0.01,0.43900000000000006,0.1915,0.01102806636648252,0.02205613273296504
0.01,0.43900000000000006,0.20800000000000002,0.0110113456299668,0.0220226912599336
0.01,0.43900000000000006,0.22450000000000003,0.010995344551973586,0.02199068910394717
0.01,0.43900000000000006,0.24100000000000002,0.010980064492889158,0.021960128985778316
0.01,0.43900000000000006,0.2575,0.010965504483366775,0.02193100896673355
0.01,0.43900000000000006,0.274,0.01095166132092343,0.02190332264184686
0.01,0.43900000000000006,0.29050000000000004,0.010938529694015015,0.02187705938803003
0.01,0.43900000000000006,0.30700000000000005,0.010926102323838035,0.02185220464767607
0.01,0.43900000000000006,0.3235,0.010914370117224834,0.021828740234449667
0.01,0.43900000000000006,0.34,0.010903322325832705,0.02180664465166541
0.01,0.43900000000000006,0.35650000000000004,0.01089294670801824,0.02178589341603648
0.01,0.43900000000000006,0.373,0.01088322969057156,0.02176645938114312
0.01,0.43900000000000006,0.3895,0.010874156528097773,0.021748313056195546
0.01,0.43900000000000006,0.406,0.010865711458246044,0.021731422916492087
0.01,0.43900000000000006,0.42250000000000004,0.010857877851405866,0.021715755702811732
0.01,0.43900000000000006,0.43900000000000006,0.010850638353744198,0.021701276707488396
0.01,0.43900000000000006,0.4555,0.010843975022766916,0.02168795004553383
0.01,0.43900000000000006,0.47200000000000003,0.010837869454780208,0.021675738909560417
0.01,0.43900000000000006,0.48850000000000005,0.010832302903854875,0.02166460580770975
0.01,0.43900000000000006,0.505,0.01082725639204555,0.0216545127840911
0.01,0.43900000000000006,0.5215000000000001,0.010822710810771533,0.021645421621543065
0.01,0.43900000000000006,0.538,0.010818647013410492,0.021637294026820984
0.01,0.43900000000000006,0.5545,0.010815045899217076,0.021630091798434153
0.01,0.43900000000000006,0.5710000000000001,0.01081188848882549,0.02162377697765098
0.01,0.43900000000000006,0.5875,0.010809155991600164,0.021618311983200328
0.01,0.43900000000000006,0.6040000000000001,0.010806829865216935,0.02161365973043387
0.01,0.43900000000000006,0.6205,0.010804891867855783,0.021609783735711565
0.01,0.43900000000000006,0.637,0.010803324103425943,0.021606648206851885
0.01,0.43900000000000006,0.6535000000000001,0.01080210906027505,0.0216042181205501
0.01,0.43900000000000006,0.67,0.010801229643835487,0.021602459287670975
0.01,0.43900000000000006,0.6865,0.010800669203665828,0.021601338407331656
0.01,0.43900000000000006,0.7030000000000001,0.010800411555332533,0.021600823110665066
0.01,0.43900000000000006,0.7195,0.010800440997589318,0.021600881995178636
0.01,0.43900000000000006,0.736,0.010800742325276594,0.02160148465055319
0.01,0.43900000000000006,0.7525000000000001,0.010801300838352589,0.021602601676705177
0.01,0.43900000000000006,0.769,0.010802102347461687,0.021604204694923374
0.01,0.43900000000000006,0.7855000000000001,0.010803133176407466,0.021606266352814932
0.01,0.43900000000000006,0.802,0.010804380161875958,0.021608760323751915
0.01,0.43900000000000006,0.8185,0.010805830650749044,0.021611661301498088
0.01,0.43900000000000006,0.8350000000000001,0.010807472495311072,0.021614944990622144
0.01,0.43900000000000006,0.8515,0.01080929404662148,0.02161858809324296
0.01,0.43900000000000006,0.8680000000000001,0.010811284146321695,0.02162256829264339
0.01,0.43900000000000006,0.8845000000000001,0.010813432117124731,0.021626864234249463
0.01,0.43900000000000006,0.901,0.010815727752162703,0.021631455504325405
0.01,0.43900000000000006,0.9175000000000001,0.010818161303449828,0.021636322606899655
0.01,0.43900000000000006,0.934,0.010820723469577034,0.02164144693915407
0.01,0.43900000000000006,0.9505,0.010823405382847394,0.021646810765694788
0.01,0.43900000000000006,0.9670000000000001,0.010826198595949145,0.02165239719189829
0.01,0.43900000000000006,0.9835,0.010829095068337758,0.021658190136675515
0.01,0.43900000000000006,1.0,0.010832087152394839,0.021664174304789677
0.01,0.4555,0.01,0.01125172531020464,0.02250345062040928
0.01,0.4555,0.026500000000000003,0.011222402590860341,0.022444805181720682
0.01,0.4555,0.043000000000000003,0.011196738215342035,0.02239347643068407
0.01,0.4555,0.059500000000000004,0.01117221474119647,0.02234442948239294
0.01,0.4555,0.076,0.011148530507007318,0.022297061014014637
0.01,0.4555,0.0925,0.011125621536729519,0.022251243073459038
0.01,0.4555,0.109,0.01110347876318915,0.0222069575263783
0.01,0.4555,0.1255,0.011082109330631166,0.022164218661262333
0.01,0.4555,0.14200000000000002,0.011061524880786072,0.022123049761572144
0.01,0.4555,0.15850000000000003,0.011041737196513279,0.022083474393026558
0.01,0.4555,0.17500000000000002,0.011022756371727836,0.022045512743455672
0.01,0.4555,0.1915,0.011004590002540242,0.022009180005080484
0.01,0.4555,0.20800000000000002,0.010987242846740757,0.021974485693481514
0.01,0.4555,0.22450000000000003,0.0109707167212215,0.021941433442443
0.01,0.4555,0.24100000000000002,0.01095501053078787,0.02191002106157574
0.01,0.4555,0.2575,0.010940120374309996,0.02188024074861999
0.01,0.4555,0.274,0.010926039698342544,0.021852079396685088
0.01,0.4555,0.29050000000000004,0.010912759480286029,0.021825518960572058
0.01,0.4555,0.30700000000000005,0.010900268429495525,0.02180053685899105
0.01,0.4555,0.3235,0.010888553198339606,0.02177710639667921
0.01,0.4555,0.34,0.010877598597369602,0.021755197194739204
0.01,0.4555,0.35650000000000004,0.010867387810221023,0.021734775620442046
0.01,0.4555,0.373,0.010857902604853743,0.021715805209707485
0.01,0.4555,0.3895,0.01084912353850037,0.02169824707700074
0.01,0.4555,0.406,0.01084103015429803,0.02168206030859606
0.01,0.4555,0.42250000000000004,0.010833601168055375,0.02166720233611075
0.01,0.4555,0.43900000000000006,0.010826814644036887,0.021653629288073774
0.01,0.4555,0.4555,0.010820648158971557,0.021641296317943114
0.01,0.4555,0.47200000000000003,0.010815078953823271,0.021630157907646542
0.01,0.4555,0.48850000000000005,0.010810084073092382,0.021620168146184764
0.01,0.4555,0.505,0.010805640491628347,0.021611280983256695
0.01,0.4555,0.5215000000000001,0.010801725229142448,0.021603450458284896
0.01,0.4555,0.538,0.010798315452712622,0.021596630905425244
0.01,0.4555,0.5545,0.01079538856772473,0.02159077713544946
0.01,0.4555,0.5710000000000001,0.010792922297773924,0.021585844595547847
0.01,0.4555,0.5875,0.010790894754104762,0.021581789508209524
0.01,0.4555,0.6040000000000001,0.010789284495236707,0.021578568990473414
0.01,0.4555,0.6205,0.010788070577439812,0.021576141154879623
0.01,0.4555,0.637,0.010787232596738805,0.02157446519347761
0.01,0.4555,0.6535000000000001,0.010786750723135572,0.021573501446271143
0.01,0.4555,0.67,0.010786605727719818,0.021573211455439636
0.01,0.4555,0.6865,0.010786779003338959,0.021573558006677918
0.01,0.4555,0.7030000000000001,0.010787252579443168,0.021574505158886335
0.01,0.4555,0.7195,0.010788009131739084,0.02157601826347817
0.01,0.4555,0.736,0.010789031987203178,0.021578063974406356
0.01,0.4555,0.7525000000000001,0.010790305125026352,0.021580610250052704
0.01,0.4555,0.769,0.010791813173945172,0.021583626347890343
0.01,0.4555,0.7855000000000001,0.010793541406503706,0.021587082813007412
0.01,0.4555,0.802,0.010795475730598122,0.021590951461196245
0.01,0.4555,0.8185,0.010797602678754912,0.021595205357509823
0.01,0.4555,0.8350000000000001,0.010799909395485014,0.02159981879097003
0.01,0.4555,0.8515,0.010802383623035074,0.021604767246070147
0.01,0.4555,0.8680000000000001,0.010805013685839557,0.021610027371679115
0.01,0.4555,0.8845000000000001,0.010807788473940311,0.021615576947880622
0.01,0.4555,0.901,0.010810697425598734,0.02162139485119747
0.01,0.4555,0.9175000000000001,0.010813730509315613,0.021627461018631226
0.01,0.4555,0.934,0.01081687820545181,0.02163375641090362
0.01,0.4555,0.9505,0.010820131487591573,0.021640262975183146
0.01,0.4555,0.9670000000000001,0.010823481803811852,0.021646963607623703
0.01,0.4555,0.9835,0.01082692105796336,0.02165384211592672
0.01,0.4555,1.0,0.010830441591084941,0.021660883182169882
0.01,0.47200000000000003,0.01,0.011241633046209747,0.022483266092419494
0.01,0.47200000000000003,0.026500000000000003,0.011210013515129841,0.022420027030259682
0.01,0.47200000000000003,0.043000000000000003,0.01118250573001566,0.02236501146003132
0.01,0.47200000000000003,0.059500000000000004,0.011156300390309973,0.022312600780619946
0.01,0.47200000000000003,0.076,0.011131061793204812,0.022262123586409624
0.01,0.47200000000000003,0.0925,0.011106719280921213,0.022213438561842425
0.01,0.47200000000000003,0.109,0.011083262962863974,0.02216652592572795
0.01,0.47200000000000003,0.1255,0.011060700468843903,0.022121400937687805
0.01,0.47200000000000003,0.14200000000000002,0.011039043879977013,0.022078087759954027
0.01,0.47200000000000003,0.15850000000000003,0.011018304896083964,0.022036609792167927
0.01,0.47200000000000003,0.17500000000000002,0.010998492836026852,0.021996985672053705
0.01,0.47200000000000003,0.1915,0.0109796137862157,0.0219592275724314
0.01,0.47200000000000003,0.20800000000000002,0.010961670277251439,0.021923340554502877
0.01,0.47200000000000003,0.22450000000000003,0.01094466122937126,0.02188932245874252
0.01,0.47200000000000003,0.24100000000000002,0.010928582045963042,0.021857164091926083
0.01,0.47200000000000003,0.2575,0.01091342479327429,0.02182684958654858
0.01,0.47200000000000003,0.274,0.010899178431657329,0.021798356863314657
0.01,0.47200000000000003,0.29050000000000004,0.01088582907722463,0.02177165815444926
0.01,0.47200000000000003,0.30700000000000005,0.0108733602800724,0.0217467205601448
0.01,0.47200000000000003,0.3235,0.010861753309427836,0.02172350661885567
0.01,0.47200000000000003,0.34,0.010850987438707807,0.021701974877415615
0.01,0.47200000000000003,0.35650000000000004,0.010841040225250516,0.02168208045050103
0.01,0.47200000000000003,0.373,0.010831887780760933,0.021663775561521867
0.01,0.47200000000000003,0.3895,0.010823505029499267,0.021647010058998533
0.01,0.47200000000000003,0.406,0.01081586595204825,0.0216317319040965
0.01,0.47200000000000003,0.42250000000000004,0.010808943813102621,0.021617887626205243
0.01,0.47200000000000003,0.43900000000000006,0.010802711372316164,0.021605422744632327
0.01,0.47200000000000003,0.4555,0.010797141077647867,0.021594282155295734
0.01,0.47200000000000003,0.47200000000000003,0.010792205241054433,0.021584410482108865
0.01,0.47200000000000003,0.48850000000000005,0.010787876196675454,0.021575752393350908
0.01,0.47200000000000003,0.505,0.010784126441908983,0.021568252883817966
0.01,0.47200000000000003,0.5215000000000001,0.01078092876197605,0.0215618575239521
0.01,0.47200000000000003,0.538,0.010778256338736214,0.02155651267747243
0.01,0.47200000000000003,0.5545,0.010776082844613242,0.021552165689226483
0.01,0.47200000000000003,0.5710000000000001,0.010774382522580762,0.021548765045161525
0.01,0.47200000000000003,0.5875,0.010773130253217472,0.021546260506434944
0.01,0.47200000000000003,0.6040000000000001,0.010772301609821323,0.021544603219642647
0.01,0.47200000000000003,0.6205,0.010771872902645885,0.02154374580529177
0.01,0.47200000000000003,0.637,0.010771821213233983,0.021543642426467967
0.01,0.47200000000000003,0.6535000000000001,0.010772124419844743,0.021544248839689487
0.01,0.47200000000000003,0.67,0.010772761214916824,0.02154552242983365
0.01,0.47200000000000003,0.6865,0.01077371111545393,0.02154742223090786
0.01,0.47200000000000003,0.7030000000000001,0.010774954467182775,0.02154990893436555
0.01,0.47200000000000003,0.7195,0.010776472443262932,0.021552944886525864
0.01,0.47200000000000003,0.736,0.010778247038292497,0.021556494076584994
0.01,0.47200000000000003,0.7525000000000001,0.010780261058263218,0.021560522116526436
0.01,0.47200000000000003,0.769,0.010782498107084254,0.02156499621416851
0.01,0.47200000000000003,0.7855000000000001,0.010784942570239086,0.02156988514047817
0.01,0.47200000000000003,0.802,0.010787579596074556,0.021575159192149113
0.01,0.47200000000000003,0.8185,0.010790395075168248,0.021580790150336496
0.01,0.47200000000000003,0.8350000000000001,0.010793375618177373,0.021586751236354746
0.01,0.47200000000000003,0.8515,0.010796508532544115,0.02159301706508823
0.01,0.47200000000000003,0.8680000000000001,0.01079978179834358,0.02159956359668716
0.01,0.47200000000000003,0.8845000000000001,0.010803184043574596,0.02160636808714919
0.01,0.47200000000000003,0.901,0.01080670451912056,0.02161340903824112
0.01,0.47200000000000003,0.9175000000000001,0.010810333073599654,0.02162066614719931
0.01,0.47200000000000003,0.934,0.010814060128261513,0.021628120256523026
0.01,0.47200000000000003,0.9505,0.01081787665211209,0.02163575330422418
0.01,0.47200000000000003,0.9670000000000001,0.010821774137362086,0.021643548274724173
0.01,0.47200000000000003,0.9835,0.010825744575333338,0.021651489150666677
0.01,0.47200000000000003,1.0,0.010829780432889022,0.021659560865778044
0.01,0.48850000000000005,0.01,0.011230679182577877,0.022461358365155754
0.01,0.48850000000000005,0.026500000000000003,0.011196547656801174,0.022393095313602347
0.01,0.48850000000000005,0.043000000000000003,0.011167049975133682,0.022334099950267364
0.01,0.48850000000000005,0.059500000000000004,0.011139042457588625,0.02227808491517725
0.01,0.48850000000000005,0.076,0.0111121501918286,0.0222243003836572
0.01,0.48850000000000005,0.0925,0.01108629457507834,0.02217258915015668
0.01,0.48850000000000005,0.109,0.01106146436908581,0.02212292873817162
0.01,0.48850000000000005,0.1255,0.011037667241867489,0.022075334483734978
0.01,0.48850000000000005,0.14200000000000002,0.011014915158118305,0.02202983031623661
0.01,0.48850000000000005,0.15850000000000003,0.010993219018055252,0.021986438036110504
0.01,0.48850000000000005,0.17500000000000002,0.010972586482971542,0.021945172965943085
0.01,0.48850000000000005,0.1915,0.010953021095448547,0.021906042190897094
0.01,0.48850000000000005,0.20800000000000002,0.010934521996288742,0.021869043992577483
0.01,0.48850000000000005,0.22450000000000003,0.010917083944920254,0.02183416788984051
0.01,0.48850000000000005,0.24100000000000002,0.01090069750568296,0.02180139501136592
0.01,0.48850000000000005,0.2575,0.010885349328705005,0.02177069865741001
0.01,0.48850000000000005,0.274,0.010871022484868384,0.02174204496973677
0.01,0.48850000000000005,0.29050000000000004,0.010857696829866583,0.021715393659733167
0.01,0.48850000000000005,0.30700000000000005,0.010845349380823124,0.021690698761646247
0.01,0.48850000000000005,0.3235,0.010833954693946032,0.021667909387892065
0.01,0.48850000000000005,0.34,0.010823485234899295,0.02164697046979859
0.01,0.48850000000000005,0.35650000000000004,0.010813911735832541,0.021627823471665083
0.01,0.48850000000000005,0.373,0.010805203534642711,0.021610407069285423
0.01,0.48850000000000005,0.3895,0.010797328893330715,0.02159465778666143
0.01,0.48850000000000005,0.406,0.010790255293364888,0.021580510586729777
0.01,0.48850000000000005,0.42250000000000004,0.01078394970676084,0.02156789941352168
0.01,0.48850000000000005,0.43900000000000006,0.010778378842329107,0.021556757684658215
0.01,0.48850000000000005,0.4555,0.010773509367041363,0.021547018734082726
0.01,0.48850000000000005,0.47200000000000003,0.010769308102966476,0.02153861620593295
0.01,0.48850000000000005,0.48850000000000005,0.010765742200549268,0.021531484401098536
0.01,0.48850000000000005,0.505,0.010762779289290193,0.021525558578580385
0.01,0.48850000000000005,0.5215000000000001,0.010760387607081024,0.021520775214162048
0.01,0.48850000000000005,0.538,0.010758536109602479,0.021517072219204958
0.01,0.48850000000000005,0.5545,0.010757194561245471,0.021514389122490943
0.01,0.48850000000000005,0.5710000000000001,0.01075633360909865,0.0215126672181973
0.01,0.48850000000000005,0.5875,0.010755924841521661,0.021511849683043323
0.01,0.48850000000000005,0.6040000000000001,0.010755940832814191,0.021511881665628382
0.01,0.48850000000000005,0.6205,0.01075635517544143,0.02151271035088286
0.01,0.48850000000000005,0.637,0.010757142501219865,0.02151428500243973
0.01,0.48850000000000005,0.6535000000000001,0.010758278492778144,0.02151655698555629
0.01,0.48850000000000005,0.67,0.01075973988653647,0.02151947977307294
0.01,0.48850000000000005,0.6865,0.010761504468360725,0.02152300893672145
0.01,0.48850000000000005,0.7030000000000001,0.010763551062933216,0.02152710212586643
0.01,0.48850000000000005,0.7195,0.010765859517826106,0.02153171903565221
0.01,0.48850000000000005,0.736,0.010768410683138305,0.02153682136627661
0.01,0.48850000000000005,0.7525000000000001,0.01077118638748848,0.02154237277497696
0.01,0.48850000000000005,0.769,0.010774169411080625,0.02154833882216125
0.01,0.48850000000000005,0.7855000000000001,0.0107773434564484,0.0215546869128968
0.01,0.48850000000000005,0.802,0.010780693117450155,0.02156138623490031
0.01,0.48850000000000005,0.8185,0.010784203846989904,0.02156840769397981
0.01,0.48850000000000005,0.8350000000000001,0.010787861923888338,0.021575723847776677
0.01,0.48850000000000005,0.8515,0.010791654419275617,0.021583308838551234
0.01,0.48850000000000005,0.8680000000000001,0.010795569162801935,0.02159113832560387
0.01,0.48850000000000005,0.8845000000000001,0.010799594708956356,0.021599189417912713
0.01,0.48850000000000005,0.901,0.01080372030369691,0.02160744060739382
0.01,0.48850000000000005,0.9175000000000001,0.010807935851591365,0.02161587170318273
0.01,0.48850000000000005,0.934,0.010812231883618439,0.021624463767236878
0.01,0.48850000000000005,0.9505,0.010816599525747863,0.021633199051495727
0.01,0.48850000000000005,0.9670000000000001,0.010821030468421563,0.021642060936843125
0.01,0.48850000000000005,0.9835,0.010825516936965733,0.021651033873931465
0.01,0.48850000000000005,1.0,0.010830051663048179,0.021660103326096358
0.01,0.505,0.01,0.01121877462583577,0.02243754925167154
0.01,0.505,0.026500000000000003,0.011181885977180707,0.022363771954361414
0.01,0.505,0.043000000000000003,0.01115023500443055,0.0223004700088611
0.01,0.505,0.059500000000000004,0.011120293161341636,0.022240586322683272
0.01,0.505,0.076,0.01109164007693888,0.02218328015387776
0.01,0.505,0.0925,0.011064187570944795,0.02212837514188959
0.01,0.505,0.109,0.011037922282314936,0.02207584456462987
0.01,0.505,0.1255,0.011012851217560638,0.022025702435121277
0.01,0.505,0.14200000000000002,0.01098898538678343,0.02197797077356686
0.01,0.505,0.15850000000000003,0.01096633385871116,0.02193266771742232
0.01,0.505,0.17500000000000002,0.01094490141211172,0.02188980282422344
0.01,0.505,0.1915,0.010924687651120809,0.021849375302241618
0.01,0.505,0.20800000000000002,0.010905686795574876,0.021811373591149753
0.01,0.505,0.22450000000000003,0.010887887813046055,0.02177577562609211
0.01,0.505,0.24100000000000002,0.010871274734861701,0.021742549469723402
0.01,0.505,0.2575,0.010855827073417947,0.021711654146835895
0.01,0.505,0.274,0.010841520293239197,0.021683040586478394
0.01,0.505,0.29050000000000004,0.010828326306160872,0.021656652612321744
0.01,0.505,0.30700000000000005,0.010816213971001574,0.02163242794200315
0.01,0.505,0.3235,0.010805149584140262,0.021610299168280524
0.01,0.505,0.34,0.010795097351431944,0.02159019470286389
0.01,0.505,0.35650000000000004,0.010786019834722233,0.021572039669444466
0.01,0.505,0.373,0.010777878368360803,0.021555756736721606
0.01,0.505,0.3895,0.01077063344276842,0.02154126688553684
0.01,0.505,0.406,0.010764245053422817,0.021528490106845634
0.01,0.505,0.42250000000000004,0.010758673014688974,0.021517346029377948
0.01,0.505,0.43900000000000006,0.010753877238742679,0.021507754477485357
0.01,0.505,0.4555,0.010749817980490553,0.021499635960981107
0.01,0.505,0.47200000000000003,0.010746456049904504,0.021492912099809008
0.01,0.505,0.48850000000000005,0.010743752993525342,0.021487505987050685
0.01,0.505,0.505,0.010741671247172183,0.021483342494344367
0.01,0.505,0.5215000000000001,0.010740174262049384,0.021480348524098768
0.01,0.505,0.538,0.01073922660650694,0.02147845321301388
0.01,0.505,0.5545,0.010738794045762366,0.02147758809152473
0.01,0.505,0.5710000000000001,0.010738843601831426,0.021477687203662853
0.01,0.505,0.5875,0.01073934359586362,0.02147868719172724
0.01,0.505,0.6040000000000001,0.010740263674969774,0.02148052734993955
0.01,0.505,0.6205,0.010741574825510587,0.021483149651021174
0.01,0.505,0.637,0.01074324937468442,0.02148649874936884
0.01,0.505,0.6535000000000001,0.010745260982103912,0.021490521964207823
0.01,0.505,0.67,0.010747584622909945,0.02149516924581989
0.01,0.505,0.6865,0.010750196563829069,0.021500393127658137
0.01,0.505,0.7030000000000001,0.01075307433343092,0.02150614866686184
0.01,0.505,0.7195,0.010756196687710102,0.021512393375420203
0.01,0.505,0.736,0.010759543571994995,0.02151908714398999
0.01,0.505,0.7525000000000001,0.010763096080062302,0.021526192160124604
0.01,0.505,0.769,0.01076683641120628,0.02153367282241256
0.01,0.505,0.7855000000000001,0.010770747825948024,0.02154149565189605
0.01,0.505,0.802,0.010774814600937457,0.021549629201874913
0.01,0.505,0.8185,0.010779021983539826,0.02155804396707965
0.01,0.505,0.8350000000000001,0.010783356146515679,0.021566712293031358
0.01,0.505,0.8515,0.010787804143139214,0.021575608286278428
0.01,0.505,0.8680000000000001,0.010792353863029003,0.021584707726058007
0.01,0.505,0.8845000000000001,0.010796993988934023,0.021593987977868045
0.01,0.505,0.901,0.010801713954641965,0.02160342790928393
0.01,0.505,0.9175000000000001,0.010806503904173165,0.02161300780834633
0.01,0.505,0.934,0.010811354652341483,0.021622709304682967
0.01,0.505,0.9505,0.01081625764679575,0.0216325152935915
0.01,0.505,0.9670000000000001,0.010821204931561064,0.021642409863122127
0.01,0.505,0.9835,0.010826189112131825,0.02165237822426365
0.01,0.505,1.0,0.010831203322122066,0.021662406644244132
0.01,0.5215000000000001,0.01,0.01120581811400313,0.02241163622800626
0.01,0.5215000000000001,0.026500000000000003,0.0111658921028729,0.0223317842057458
0.01,0.5215000000000001,0.043000000000000003,0.011131905303153928,0.022263810606307857
0.01,0.5215000000000001,0.059500000000000004,0.011099884063822214,0.022199768127644428
0.01,0.5215000000000001,0.076,0.011069354944489192,0.022138709888978383
0.01,0.5215000000000001,0.0925,0.011040218060936186,0.02208043612187237
0.01,0.5215000000000001,0.109,0.011012456802870135,0.02202491360574027
0.01,0.5215000000000001,0.1255,0.010986076462308201,0.021972152924616403
0.01,0.5215000000000001,0.14200000000000002,0.010961085868873267,0.021922171737746535
0.01,0.5215000000000001,0.15850000000000003,0.010937490804417565,0.02187498160883513
0.01,0.5215000000000001,0.17500000000000002,0.010915291490092393,0.021830582980184785
0.01,0.5215000000000001,0.1915,0.010894481732835595,0.02178896346567119
0.01,0.5215000000000001,0.20800000000000002,0.010875048835419426,0.021750097670838853
0.01,0.5215000000000001,0.22450000000000003,0.010856973889190573,0.021713947778381145
0.01,0.5215000000000001,0.24100000000000002,0.010840232267594067,0.021680464535188133
0.01,0.5215000000000001,0.2575,0.010824794224079363,0.021649588448158726
0.01,0.5215000000000001,0.274,0.0108106255384124,0.0216212510768248
0.01,0.5215000000000001,0.29050000000000004,0.010797688176415984,0.021595376352831968
0.01,0.5215000000000001,0.30700000000000005,0.010785940940093552,0.021571881880187105
0.01,0.5215000000000001,0.3235,0.010775340092549808,0.021550680185099615
0.01,0.5215000000000001,0.34,0.010765839947131902,0.021531679894263803
0.01,0.5215000000000001,0.35650000000000004,0.01075739341383455,0.0215147868276691
0.01,0.5215000000000001,0.373,0.010749952498733362,0.021499904997466724
0.01,0.5215000000000001,0.3895,0.010743468754299528,0.021486937508599056
0.01,0.5215000000000001,0.406,0.010737893680073109,0.021475787360146218
0.01,0.5215000000000001,0.42250000000000004,0.010733179074429082,0.021466358148858163
0.01,0.5215000000000001,0.43900000000000006,0.010729277339132258,0.021458554678264515
0.01,0.5215000000000001,0.4555,0.010726141739056538,0.021452283478113076
0.01,0.5215000000000001,0.47200000000000003,0.010723726619963346,0.02144745323992669
0.01,0.5215000000000001,0.48850000000000005,0.010721987587529107,0.021443975175058215
0.01,0.5215000000000001,0.505,0.010720881650992952,0.021441763301985904
0.01,0.5215000000000001,0.5215000000000001,0.010720367334868202,0.021440734669736405
0.01,0.5215000000000001,0.538,0.010720404762102566,0.021440809524205132
0.01,0.5215000000000001,0.5545,0.010720955711992776,0.021441911423985553
0.01,0.5215000000000001,0.5710000000000001,0.01072198365600481,0.02144396731200962
0.01,0.5215000000000001,0.5875,0.010723453774438634,0.021446907548877268
0.01,0.5215000000000001,0.6040000000000001,0.01072533295669904,0.02145066591339808
0.01,0.5215000000000001,0.6205,0.010727589787679112,0.021455179575358224
0.01,0.5215000000000001,0.637,0.010730194522535895,0.02146038904507179
0.01,0.5215000000000001,0.6535000000000001,0.01073311905193152,0.02146623810386304
0.01,0.5215000000000001,0.67,0.010736336859561364,0.021472673719122728
0.01,0.5215000000000001,0.6865,0.010739822973594515,0.02147964594718903
0.01,0.5215000000000001,0.7030000000000001,0.010743553913453475,0.02148710782690695
0.01,0.5215000000000001,0.7195,0.010747507633165577,0.021495015266331154
0.01,0.5215000000000001,0.736,0.010751663462364239,0.021503326924728478
0.01,0.5215000000000001,0.7525000000000001,0.010756002045836856,0.02151200409167371
0.01,0.5215000000000001,0.769,0.010760505282415187,0.021521010564830374
0.01,0.5215000000000001,0.7855000000000001,0.010765156263836038,0.021530312527672076
0.01,0.5215000000000001,0.802,0.010769939214132725,0.02153987842826545
0.01,0.5215000000000001,0.8185,0.010774839429978901,0.021549678859957802
0.01,0.5215000000000001,0.8350000000000001,0.010779843222350602,0.021559686444701204
0.01,0.5215000000000001,0.8515,0.010784937859791262,0.021569875719582524
0.01,0.5215000000000001,0.8680000000000001,0.010790111513485759,0.021580223026971518
0.01,0.5215000000000001,0.8845000000000001,0.010795353204311353,0.021590706408622706
0.01,0.5215000000000001,0.901,0.010800652751984822,0.021601305503969645
0.01,0.5215000000000001,0.9175000000000001,0.010806000726367086,0.021612001452734172
0.01,0.5215000000000001,0.934,0.010811388400980525,0.02162277680196105
0.01,0.5215000000000001,0.9505,0.010816807708745772,0.021633615417491543
0.01,0.5215000000000001,0.9670000000000001,0.010822251199921872,0.021644502399843744
0.01,0.5215000000000001,0.9835,0.010827712002237103,0.021655424004474205
0.01,0.5215000000000001,1.0,0.010833183783158822,0.021666367566317644
0.01,0.538,0.01,0.011191694317621365,0.02238338863524273
0.01,0.538,0.026500000000000003,0.01114840933210612,0.02229681866421224
0.01,0.538,0.043000000000000003,0.011111882465067092,0.022223764930134185
0.01,0.538,0.059500000000000004,0.011077622714805781,0.022155245429611562
0.01,0.538,0.076,0.01104509423142898,0.02209018846285796
0.01,0.538,0.0925,0.011014182635641972,0.022028365271283944
0.01,0.538,0.109,0.01098486645070729,0.02196973290141458
0.01,0.538,0.1255,0.010957147709407323,0.021914295418814646
0.01,0.538,0.14200000000000002,0.010931031305543088,0.021862062611086176
0.01,0.538,0.15850000000000003,0.010906517712926288,0.021813035425852577
0.01,0.538,0.17500000000000002,0.0108836003315813,0.0217672006631626
0.01,0.538,0.1915,0.010862264718686279,0.021724529437372558
0.01,0.538,0.20800000000000002,0.010842488681806343,0.021684977363612686
0.01,0.538,0.22450000000000003,0.010824242796766272,0.021648485593532545
0.01,0.538,0.24100000000000002,0.01080749113919945,0.0216149822783989
0.01,0.538,0.2575,0.010792192116945997,0.021584384233891994
0.01,0.538,0.274,0.010778299337519113,0.021556598675038226
0.01,0.538,0.29050000000000004,0.010765762469701656,0.021531524939403312
0.01,0.538,0.30700000000000005,0.010754528072845137,0.021509056145690274
0.01,0.538,0.3235,0.010744540376659178,0.021489080753318356
0.01,0.538,0.34,0.010735742000598625,0.02147148400119725
0.01,0.538,0.35650000000000004,0.0107280746065293,0.0214561492130586
0.01,0.538,0.373,0.010721479481732408,0.021442958963464816
0.01,0.538,0.3895,0.01071589805187525,0.0214317961037505
0.01,0.538,0.406,0.010711272325488914,0.02142254465097783
0.01,0.538,0.42250000000000004,0.010707545272891349,0.021415090545782698
0.01,0.538,0.43900000000000006,0.010704661143490498,0.021409322286980996
0.01,0.538,0.4555,0.010702565726055926,0.021405131452111852
0.01,0.538,0.47200000000000003,0.010701206556926742,0.021402413113853484
0.01,0.538,0.48850000000000005,0.01070053308129468,0.02140106616258936
0.01,0.538,0.505,0.010700496772691637,0.021400993545383273
0.01,0.538,0.5215000000000001,0.010701051215684597,0.021402102431369193
0.01,0.538,0.538,0.010702152156544397,0.021404304313088793
0.01,0.538,0.5545,0.010703757526370575,0.02140751505274115
0.01,0.538,0.5710000000000001,0.010705827440815507,0.021411654881631013
0.01,0.538,0.5875,0.010708324180182686,0.021416648360365373
0.01,0.538,0.6040000000000001,0.010711212153325704,0.021422424306651408
0.01,0.538,0.6205,0.010714457848403003,0.021428915696806005
0.01,0.538,0.637,0.010718029773168998,0.021436059546337996
0.01,0.538,0.6535000000000001,0.010721898387199317,0.021443796774398633
0.01,0.538,0.67,0.010726036028087664,0.021452072056175327
0.01,0.538,0.6865,0.010730416833387954,0.021460833666775907
0.01,0.538,0.7030000000000001,0.010735016659812833,0.021470033319625666
0.01,0.538,0.7195,0.010739813000971429,0.021479626001942857
0.01,0.538,0.736,0.010744784904687228,0.021489569809374456
0.01,0.538,0.7525000000000001,0.010749912890798897,0.021499825781597794
0.01,0.538,0.769,0.010755178870139983,0.021510357740279967
0.01,0.538,0.7855000000000001,0.010760566065289552,0.021521132130579105
0.01,0.538,0.802,0.01076605893351374,0.02153211786702748
0.01,0.538,0.8185,0.010771643092269056,0.021543286184538112
0.01,0.538,0.8350000000000001,0.010777305247507564,0.021554610495015128
0.01,0.538,0.8515,0.010783033124961282,0.021566066249922564
0.01,0.538,0.8680000000000001,0.010788815404518965,0.02157763080903793
0.01,0.538,0.8845000000000001,0.010794641657758435,0.02158928331551687
0.01,0.538,0.901,0.01080050228864362,0.02160100457728724
0.01,0.538,0.9175000000000001,0.010806388477379329,0.021612776954758658
0.01,0.538,0.934,0.010812292127358021,0.021624584254716042
0.01,0.538,0.9505,0.010818205815141577,0.021636411630283153
0.01,0.538,0.9670000000000001,0.010824122743389378,0.021648245486778756
0.01,0.538,0.9835,0.01083003669661968,0.02166007339323936
0.01,0.538,1.0,0.010835941999710863,0.021671883999421725
0.01,0.5545,0.01,0.011176271622919303,0.022352543245838605
0.01,0.5545,0.026500000000000003,0.011129257051553933,0.022258514103107866
0.01,0.5545,0.043000000000000003,0.011089961234747394,0.022179922469494788
0.01,0.5545,0.059500000000000004,0.011053288700686443,0.022106577401372885
0.01,0.5545,0.076,0.011018629634967917,0.022037259269935834
0.01,0.5545,0.0925,0.010985851472411233,0.021971702944822466
0.01,0.5545,0.109,0.01095492556815932,0.02190985113631864
0.01,0.5545,0.1255,0.0109258484695041,0.0218516969390082
0.01,0.5545,0.14200000000000002,0.010898618659486421,0.021797237318972842
0.01,0.5545,0.15850000000000003,0.010873228530645991,0.021746457061291982
0.01,0.5545,0.17500000000000002,0.01084966163363556,0.02169932326727112
0.01,0.5545,0.1915,0.010827892068904988,0.021655784137809976
0.01,0.5545,0.20800000000000002,0.010807884848344133,0.021615769696688266
0.01,0.5545,0.22450000000000003,0.010789596721152227,0.021579193442304453
0.01,0.5545,0.24100000000000002,0.010772977218166077,0.021545954436332154
0.01,0.5545,0.2575,0.010757969782534476,0.02151593956506895
0.01,0.5545,0.274,0.010744512909879569,0.021489025819759137
0.01,0.5545,0.29050000000000004,0.010732541250933895,0.02146508250186779
0.01,0.5545,0.30700000000000005,0.010721986647386253,0.021443973294772507
0.01,0.5545,0.3235,0.010712779083148953,0.021425558166297907
0.01,0.5545,0.34,0.010704847541150503,0.021409695082301006
0.01,0.5545,0.35650000000000004,0.010698120761420292,0.021396241522840583
0.01,0.5545,0.373,0.0106925279003153,0.0213850558006306
0.01,0.5545,0.3895,0.010687999093722806,0.02137599818744561
0.01,0.5545,0.406,0.010684465929167762,0.021368931858335525
0.01,0.5545,0.42250000000000004,0.010681861833146932,0.021363723666293865
0.01,0.5545,0.43900000000000006,0.010680122380905054,0.02136024476181011
0.01,0.5545,0.4555,0.01067918553628977,0.02135837107257954
0.01,0.5545,0.47200000000000003,0.010678991829441587,0.021357983658883174
0.01,0.5545,0.48850000000000005,0.01067948447994261,0.02135896895988522
0.01,0.5545,0.505,0.010680609472715761,0.021361218945431523
0.01,0.5545,0.5215000000000001,0.010682315593538164,0.02136463118707633
0.01,0.5545,0.538,0.010684554430497756,0.021369108860995512
0.01,0.5545,0.5545,0.010687280347151955,0.02137456069430391
0.01,0.5545,0.5710000000000001,0.01069045043256872,0.02138090086513744
0.01,0.5545,0.5875,0.010694024432848382,0.021388048865696764
0.01,0.5545,0.6040000000000001,0.01069796466815559,0.02139592933631118
0.01,0.5545,0.6205,0.010702235938779862,0.021404471877559724
0.01,0.5545,0.637,0.010706805423232758,0.021413610846465515
0.01,0.5545,0.6535000000000001,0.010711642570951661,0.021423285141903323
0.01,0.5545,0.67,0.010716718991782056,0.02143343798356411
0.01,0.5545,0.6865,0.010722008344020248,0.021444016688040496
0.01,0.5545,0.7030000000000001,0.010727486222521477,0.021454972445042953
0.01,0.5545,0.7195,0.010733130048052743,0.021466260096105486
0.01,0.5545,0.736,0.010738918958856519,0.021477837917713037
0.01,0.5545,0.7525000000000001,0.010744833705178638,0.021489667410357276
0.01,0.5545,0.769,0.010750856547314912,0.021501713094629823
0.01,0.5545,0.7855000000000001,0.010756971157607296,0.02151394231521459
0.01,0.5545,0.802,0.010763162526672601,0.021526325053345202
0.01,0.5545,0.8185,0.010769416874046985,0.02153883374809397
0.01,0.5545,0.8350000000000001,0.010775721563351147,0.021551443126702294
0.01,0.5545,0.8515,0.010782065021993775,0.02156413004398755
0.01,0.5545,0.8680000000000001,0.010788436665390614,0.02157687333078123
0.01,0.5545,0.8845000000000001,0.010794826825612258,0.021589653651224516
0.01,0.5545,0.901,0.010801226684362768,0.021602453368725537
0.01,0.5545,0.9175000000000001,0.010807628210144516,0.021615256420289032
0.01,0.5545,0.934,0.010814024099444399,0.021628048198888798
0.01,0.5545,0.9505,0.01082040772179375,0.0216408154435875
0.01,0.5545,0.9670000000000001,0.010826773068488426,0.021653546136976853
0.01,0.5545,0.9835,0.010833114704821059,0.021666229409642117
0.01,0.5545,1.0,0.010839427725606796,0.02167885545121359
0.01,0.5710000000000001,0.01,0.011159399550100296,0.02231879910020059
0.01,0.5710000000000001,0.026500000000000003,0.011108226439947222,0.022216452879894443
0.01,0.5710000000000001,0.043000000000000003,0.011065904789070267,0.022131809578140534
0.01,0.5710000000000001,0.059500000000000004,0.0110266289975841,0.0220532579951682
0.01,0.5710000000000001,0.076,0.010989700869836208,0.021979401739672416
0.01,0.5710000000000001,0.0925,0.010954964739103441,0.021909929478206882
0.01,0.5710000000000001,0.109,0.010922381536909638,0.021844763073819277
0.01,0.5710000000000001,0.1255,0.0108919391575596,0.0217838783151192
0.01,0.5710000000000001,0.14200000000000002,0.010863626224630185,0.02172725244926037
0.01,0.5710000000000001,0.15850000000000003,0.010837423281592727,0.021674846563185454
0.01,0.5710000000000001,0.17500000000000002,0.010813300013860189,0.021626600027720377
0.01,0.5710000000000001,0.1915,0.010791214907487745,0.02158242981497549
0.01,0.5710000000000001,0.20800000000000002,0.01077111599111797,0.02154223198223594
0.01,0.5710000000000001,0.22450000000000003,0.010752942073781318,0.021505884147562635
0.01,0.5710000000000001,0.24100000000000002,0.010736624191530328,0.021473248383060656
0.01,0.5710000000000001,0.2575,0.010722087108663247,0.021444174217326493
0.01,0.5710000000000001,0.274,0.010709250785002143,0.021418501570004286
0.01,0.5710000000000001,0.29050000000000004,0.010698031756837492,0.021396063513674984
0.01,0.5710000000000001,0.30700000000000005,0.010688344400978754,0.02137668880195751
0.01,0.5710000000000001,0.3235,0.010680102065587824,0.021360204131175647
0.01,0.5710000000000001,0.34,0.010673218061145557,0.021346436122291115
0.01,0.5710000000000001,0.35650000000000004,0.010667606511677035,0.02133521302335407
0.01,0.5710000000000001,0.373,0.01066318307107327,0.02132636614214654
0.01,0.5710000000000001,0.3895,0.01065986551252269,0.02131973102504538
0.01,0.5710000000000001,0.406,0.010657574201111537,0.021315148402223073
0.01,0.5710000000000001,0.42250000000000004,0.010656232460789406,0.021312464921578813
0.01,0.5710000000000001,0.43900000000000006,0.010655766847382675,0.02131153369476535
0.01,0.5710000000000001,0.4555,0.010656107339299604,0.021312214678599208
0.01,0.5710000000000001,0.47200000000000003,0.01065718745718241,0.02131437491436482
0.01,0.5710000000000001,0.48850000000000005,0.010658944323117698,0.021317888646235395
0.01,0.5710000000000001,0.505,0.010661318669206598,0.021322637338413195
0.01,0.5710000000000001,0.5215000000000001,0.010664254804395203,0.021328509608790406
0.01,0.5710000000000001,0.538,0.010667700547534988,0.021335401095069977
0.01,0.5710000000000001,0.5545,0.010671607133701673,0.021343214267403345
0.01,0.5710000000000001,0.5710000000000001,0.010675929099906223,0.021351858199812446
0.01,0.5710000000000001,0.5875,0.01068062415548638,0.02136124831097276
0.01,0.5710000000000001,0.6040000000000001,0.010685653041672283,0.021371306083344567
0.01,0.5710000000000001,0.6205,0.010690979384124564,0.021381958768249127
0.01,0.5710000000000001,0.637,0.010696569541587632,0.021393139083175264
0.01,0.5710000000000001,0.6535000000000001,0.010702392453255374,0.021404784906510748
0.01,0.5710000000000001,0.67,0.010708419486932,0.021416838973864
0.01,0.5710000000000001,0.6865,0.01071462428966849,0.02142924857933698
0.01,0.5710000000000001,0.7030000000000001,0.010720982642159736,0.02144196528431947
0.01,0.5710000000000001,0.7195,0.010727472317899573,0.021454944635799146
0.01,0.5710000000000001,0.736,0.010734072947809823,0.021468145895619645
0.01,0.5710000000000001,0.7525000000000001,0.010740765890861405,0.02148153178172281
0.01,0.5710000000000001,0.769,0.010747534110994493,0.021495068221988985
0.01,0.5710000000000001,0.7855000000000001,0.010754362060531465,0.02150872412106293
0.01,0.5710000000000001,0.802,0.010761235570126298,0.021522471140252596
0.01,0.5710000000000001,0.8185,0.010768141745226526,0.021536283490453053
0.01,0.5710000000000001,0.8350000000000001,0.010775068868918209,0.021550137737836417
0.01,0.5710000000000001,0.8515,0.010782006311001442,0.021564012622002884
0.01,0.5710000000000001,0.8680000000000001,0.010788944443077455,0.02157788888615491
0.01,0.5710000000000001,0.8845000000000001,0.010795874559395837,0.021591749118791675
0.01,0.5710000000000001,0.901,0.010802788803223025,0.02160557760644605
0.01,0.5710000000000001,0.9175000000000001,0.010809680098422366,0.021619360196844732
0.01,0.5710000000000001,0.934,0.010816542085998844,0.021633084171997687
0.01,0.5710000000000001,0.9505,0.010823369065290361,0.021646738130580722
0.01,0.5710000000000001,0.9670000000000001,0.010830155939553878,0.021660311879107757
0.01,0.5710000000000001,0.9835,0.010836898165649292,0.021673796331298584
0.01,0.5710000000000001,1.0,0.01084359170756724,0.02168718341513448
0.01,0.5875,0.01,0.011140905759166202,0.022281811518332403
0.01,0.5875,0.026500000000000003,0.011085075310282005,0.02217015062056401
0.01,0.5875,0.043000000000000003,0.011039439110109791,0.022078878220219582
0.01,0.5875,0.059500000000000004,0.010997352517149757,0.021994705034299514
0.01,0.5875,0.076,0.010958010806857696,0.021916021613715392
0.01,0.5875,0.0925,0.010921228618360097,0.021842457236720195
0.01,0.5875,0.109,0.010886951875394438,0.021773903750788876
0.01,0.5875,0.1255,0.01085515535577902,0.02171031071155804
0.01,0.5875,0.14200000000000002,0.010825813062813078,0.021651626125626156
0.01,0.5875,0.15850000000000003,0.010798888615120801,0.021597777230241602
0.01,0.5875,0.17500000000000002,0.01077433255085246,0.02154866510170492
0.01,0.5875,0.1915,0.010752082397457029,0.021504164794914057
0.01,0.5875,0.20800000000000002,0.010732063937096727,0.021464127874193453
0.01,0.5875,0.22450000000000003,0.010714192982717698,0.021428385965435396
0.01,0.5875,0.24100000000000002,0.01069837732965566,0.02139675465931132
0.01,0.5875,0.2575,0.010684518704356584,0.021369037408713168
0.01,0.5875,0.274,0.010672514610618505,0.02134502922123701
0.01,0.5875,0.29050000000000004,0.010662260017827588,0.021324520035655176
0.01,0.5875,0.30700000000000005,0.010653648862474071,0.021307297724948143
0.01,0.5875,0.3235,0.010646575351552088,0.021293150703104176
0.01,0.5875,0.34,0.010640935067994996,0.02128187013598999
0.01,0.5875,0.35650000000000004,0.01063662588597385,0.0212732517719477
0.01,0.5875,0.373,0.01063354870886767,0.02126709741773534
0.01,0.5875,0.3895,0.010631608045705076,0.02126321609141015
0.01,0.5875,0.406,0.01063071244339161,0.02126142488678322
0.01,0.5875,0.42250000000000004,0.010630774792494347,0.021261549584988694
0.01,0.5875,0.43900000000000006,0.010631712524022511,0.021263425048045022
0.01,0.5875,0.4555,0.010633447713785958,0.021266895427571916
0.01,0.5875,0.47200000000000003,0.010635907109705562,0.021271814219411125
0.01,0.5875,0.48850000000000005,0.0106390220960351,0.0212780441920702
0.01,0.5875,0.505,0.010642728606965265,0.02128545721393053
0.01,0.5875,0.5215000000000001,0.010646967000559471,0.021293934001118942
0.01,0.5875,0.538,0.010651681902511112,0.021303363805022225
0.01,0.5875,0.5545,0.010656822027840152,0.021313644055680304
0.01,0.5875,0.5710000000000001,0.010662339987370609,0.021324679974741217
0.01,0.5875,0.5875,0.010668192084693212,0.021336384169386425
0.01,0.5875,0.6040000000000001,0.010674338108298978,0.021348676216597955
0.01,0.5875,0.6205,0.010680741122666287,0.021361482245332575
0.01,0.5875,0.637,0.01068736726133033,0.02137473452266066
0.01,0.5875,0.6535000000000001,0.010694185524278697,0.021388371048557394
0.01,0.5875,0.67,0.010701167581471435,0.02140233516294287
0.01,0.5875,0.6865,0.01070828758380171,0.02141657516760342
0.01,0.5875,0.7030000000000001,0.010715521982439013,0.021431043964878025
0.01,0.5875,0.7195,0.01072284935714237,0.02144569871428474
0.01,0.5875,0.736,0.01073025025392092,0.02146050050784184
0.01,0.5875,0.7525000000000001,0.010737707032153144,0.021475414064306288
0.01,0.5875,0.769,0.010745203721162146,0.02149040744232429
0.01,0.5875,0.7855000000000001,0.010752725886085257,0.021505451772170513
0.01,0.5875,0.802,0.010760260502786967,0.021520521005573934
0.01,0.5875,0.8185,0.0107677958414981,0.0215355916829962
0.01,0.5875,0.8350000000000001,0.01077532135881261,0.02155064271762522
0.01,0.5875,0.8515,0.010782827597626459,0.021565655195252918
0.01,0.5875,0.8680000000000001,0.010790306094606962,0.021580612189213925
0.01,0.5875,0.8845000000000001,0.010797749294747442,0.021595498589494885
0.01,0.5875,0.901,0.010805150472576477,0.021610300945152955
0.01,0.5875,0.9175000000000001,0.010812503659597315,0.02162500731919463
0.01,0.5875,0.934,0.010819803577530497,0.021639607155060993
0.01,0.5875,0.9505,0.010827045576956308,0.021654091153912616
0.01,0.5875,0.9670000000000001,0.010834225580976558,0.021668451161953116
0.01,0.5875,0.9835,0.010841340033526041,0.021682680067052082
0.01,0.5875,1.0,0.010848385851973542,0.021696771703947085
0.01,0.6040000000000001,0.01,0.011120592600257247,0.022241185200514494
0.01,0.6040000000000001,0.026500000000000003,0.011059521915518717,0.022119043831037435
0.01,0.6040000000000001,0.043000000000000003,0.011010246279597876,0.02202049255919575
0.01,0.6040000000000001,0.059500000000000004,0.010965123728650657,0.021930247457301315
0.01,0.6040000000000001,0.076,0.010923219952466808,0.021846439904933616
0.01,0.6040000000000001,0.0925,0.010884310994778306,0.021768621989556612
0.01,0.6040000000000001,0.109,0.010848321336752086,0.02169664267350417
0.01,0.6040000000000001,0.1255,0.010815206396896797,0.021630412793793595
0.01,0.6040000000000001,0.14200000000000002,0.010784919037388613,0.021569838074777227
0.01,0.6040000000000001,0.15850000000000003,0.010757399167021122,0.021514798334042243
0.01,0.6040000000000001,0.17500000000000002,0.010732571285594898,0.021465142571189796
0.01,0.6040000000000001,0.1915,0.010710345154390276,0.021420690308780552
0.01,0.6040000000000001,0.20800000000000002,0.010690617762380585,0.02138123552476117
0.01,0.6040000000000001,0.22450000000000003,0.010673275787670874,0.02134655157534175
0.01,0.6040000000000001,0.24100000000000002,0.010658198164621697,0.021316396329243394
0.01,0.6040000000000001,0.2575,0.010645258553784308,0.021290517107568616
0.01,0.6040000000000001,0.274,0.010634327607029847,0.021268655214059694
0.01,0.6040000000000001,0.29050000000000004,0.010625274973916885,0.02125054994783377
0.01,0.6040000000000001,0.30700000000000005,0.010617971027847967,0.021235942055695935
0.01,0.6040000000000001,0.3235,0.010612288311092923,0.021224576622185846
0.01,0.6040000000000001,0.34,0.010608102710782184,0.02121620542156437
0.01,0.6040000000000001,0.35650000000000004,0.01060529438598779,0.02121058877197558
0.01,0.6040000000000001,0.373,0.01060374847054946,0.02120749694109892
0.01,0.6040000000000001,0.3895,0.010603355578330668,0.021206711156661336
0.01,0.6040000000000001,0.406,0.010604012137908203,0.021208024275816407
0.01,0.6040000000000001,0.42250000000000004,0.010605620582779965,0.02121124116555993
0.01,0.6040000000000001,0.43900000000000006,0.01060808942148866,0.02121617884297732
0.01,0.6040000000000001,0.4555,0.010611333209910872,0.021222666419821744
0.01,0.6040000000000001,0.47200000000000003,0.010615272445555424,0.02123054489111085
0.01,0.6040000000000001,0.48850000000000005,0.01061983340126491,0.02123966680252982
0.01,0.6040000000000001,0.505,0.010624947913309259,0.021249895826618518
0.01,0.6040000000000001,0.5215000000000001,0.01063055313660251,0.02126110627320502
0.01,0.6040000000000001,0.538,0.010636591277674077,0.021273182555348154
0.01,0.6040000000000001,0.5545,0.010643009314170419,0.021286018628340838
0.01,0.6040000000000001,0.5710000000000001,0.010649758708004093,0.021299517416008187
0.01,0.6040000000000001,0.5875,0.010656795117827812,0.021313590235655624
0.01,0.6040000000000001,0.6040000000000001,0.010664078115265454,0.021328156230530908
0.01,0.6040000000000001,0.6205,0.010671570908315386,0.021343141816630773
0.01,0.6040000000000001,0.637,0.01067924007443563,0.02135848014887126
0.01,0.6040000000000001,0.6535000000000001,0.010687055305110275,0.02137411061022055
0.01,0.6040000000000001,0.67,0.010694989163113983,0.021389978326227965
0.01,0.6040000000000001,0.6865,0.010703016853192224,0.02140603370638445
0.01,0.6040000000000001,0.7030000000000001,0.010711116006518404,0.021422232013036807
0.01,0.6040000000000001,0.7195,0.010719266478969784,0.021438532957939568
0.01,0.6040000000000001,0.736,0.010727450163051171,0.021454900326102342
0.01,0.6040000000000001,0.7525000000000001,0.010735650813117855,0.02147130162623571
0.01,0.6040000000000001,0.769,0.010743853883409026,0.021487707766818052
0.01,0.6040000000000001,0.7855000000000001,0.010752046378346146,0.02150409275669229
0.01,0.6040000000000001,0.802,0.010760216714455463,0.021520433428910926
0.01,0.6040000000000001,0.8185,0.010768354593271122,0.021536709186542245
0.01,0.6040000000000001,0.8350000000000001,0.010776450884535832,0.021552901769071663
0.01,0.6040000000000001,0.8515,0.010784497519041671,0.021568995038083343
0.01,0.6040000000000001,0.8680000000000001,0.0107924873904356,0.0215849747808712
0.01,0.6040000000000001,0.8845000000000001,0.010800414265347988,0.021600828530695976
0.01,0.6040000000000001,0.901,0.01080827270124319,0.02161654540248638
0.01,0.6040000000000001,0.9175000000000001,0.010816057971377737,0.021632115942755475
0.01,0.6040000000000001,0.934,0.010823765996329197,0.021647531992658394
0.01,0.6040000000000001,0.9505,0.01083139328155814,0.02166278656311628
0.01,0.6040000000000001,0.9670000000000001,0.010838936860513109,0.021677873721026218
0.01,0.6040000000000001,0.9835,0.010846394242828277,0.021692788485656554
0.01,0.6040000000000001,1.0,0.010853763367170473,0.021707526734340947
0.01,0.6205,0.01,0.011098233179795145,0.02219646635959029
0.01,0.6205,0.026500000000000003,0.011031237515095119,0.022062475030190237
0.01,0.6205,0.043000000000000003,0.010977956506048929,0.021955913012097858
0.01,0.6205,0.059500000000000004,0.010929555246653613,0.021859110493307226
0.01,0.6205,0.076,0.010884940263721252,0.021769880527442505
0.01,0.6205,0.0925,0.010843836909049531,0.021687673818099062
0.01,0.6205,0.109,0.010806139209173178,0.021612278418346356
0.01,0.6205,0.1255,0.010771774544900017,0.021543549089800034
0.01,0.6205,0.14200000000000002,0.010740665767864832,0.021481331535729665
0.01,0.6205,0.15850000000000003,0.010712720075673083,0.021425440151346165
0.01,0.6205,0.17500000000000002,0.010687827015977638,0.021375654031955276
0.01,0.6205,0.1915,0.010665859998589374,0.02133171999717875
0.01,0.6205,0.20800000000000002,0.010646679172760026,0.021293358345520052
0.01,0.6205,0.22450000000000003,0.010630134734627152,0.021260269469254304
0.01,0.6205,0.24100000000000002,0.010616070216813212,0.021232140433626423
0.01,0.6205,0.2575,0.010604325536179465,0.02120865107235893
0.01,0.6205,0.274,0.010594739691014283,0.021189479382028566
0.01,0.6205,0.29050000000000004,0.010587153063744296,0.021174306127488593
0.01,0.6205,0.30700000000000005,0.010581409323678773,0.021162818647357546
0.01,0.6205,0.3235,0.010577356947402167,0.021154713894804333
0.01,0.6205,0.34,0.010574850387953465,0.02114970077590693
0.01,0.6205,0.35650000000000004,0.01057375093106748,0.02114750186213496
0.01,0.6205,0.373,0.010573927279563203,0.021147854559126406
0.01,0.6205,0.3895,0.010575255906912487,0.021150511813824973
0.01,0.6205,0.406,0.010577621219048103,0.021155242438096206
0.01,0.6205,0.42250000000000004,0.010580915560331652,0.021161831120663305
0.01,0.6205,0.43900000000000006,0.010585039095857094,0.021170078191714188
0.01,0.6205,0.4555,0.010589899598278186,0.02117979919655637
0.01,0.6205,0.47200000000000003,0.010595412163347166,0.021190824326694332
0.01,0.6205,0.48850000000000005,0.010601498874603448,0.021202997749206896
0.01,0.6205,0.505,0.01060808843414146,0.02121617686828292
0.01,0.6205,0.5215000000000001,0.010615115773296413,0.021230231546592825
0.01,0.6205,0.538,0.010622521654322818,0.021245043308645635
0.01,0.6205,0.5545,0.010630252271783797,0.021260504543567593
0.01,0.6205,0.5710000000000001,0.010638258860371275,0.02127651772074255
0.01,0.6205,0.5875,0.01064649731417359,0.02129299462834718
0.01,0.6205,0.6040000000000001,0.010654927821026202,0.021309855642052403
0.01,0.6205,0.6205,0.010663514514460024,0.021327029028920048
0.01,0.6205,0.637,0.010672225144817695,0.02134445028963539
0.01,0.6205,0.6535000000000001,0.010681030770431523,0.021362061540863047
0.01,0.6205,0.67,0.010689905469140618,0.021379810938281237
0.01,0.6205,0.6865,0.010698826070035446,0.021397652140070892
0.01,0.6205,0.7030000000000001,0.010707771904979397,0.021415543809958793
0.01,0.6205,0.7195,0.01071672457920797,0.02143344915841594
0.01,0.6205,0.736,0.010725667760175953,0.021451335520351906
0.01,0.6205,0.7525000000000001,0.01073458698367593,0.02146917396735186
0.01,0.6205,0.769,0.010743469476225946,0.021486938952451892
0.01,0.6205,0.7855000000000001,0.010752303992673528,0.021504607985347056
0.01,0.6205,0.802,0.010761080667956084,0.021522161335912168
0.01,0.6205,0.8185,0.010769790882010338,0.021539581764020675
0.01,0.6205,0.8350000000000001,0.010778427136805128,0.021556854273610256
0.01,0.6205,0.8515,0.010786982944564068,0.021573965889128136
0.01,0.6205,0.8680000000000001,0.010795452726243082,0.021590905452486164
0.01,0.6205,0.8845000000000001,0.010803831719432675,0.02160766343886535
0.01,0.6205,0.901,0.010812115894864107,0.021624231789728214
0.01,0.6205,0.9175000000000001,0.010820301880775991,0.021640603761551983
0.01,0.6205,0.934,0.01082838689445383,0.02165677378890766
0.01,0.6205,0.9505,0.010836368680296356,0.021672737360592713
0.01,0.6205,0.9670000000000001,0.01084424545381791,0.02168849090763582
0.01,0.6205,0.9835,0.010852015851049645,0.02170403170209929
0.01,0.6205,1.0,0.010859678882831831,0.021719357765663663
0.01,0.637,0.01,0.011073566944940058,0.022147133889880117
0.01,0.637,0.026500000000000003,0.010999837475962088,0.021999674951924175
0.01,0.637,0.043000000000000003,0.010942138686044428,0.021884277372088857
0.01,0.637,0.059500000000000004,0.01089019929944255,0.0217803985988851
0.01,0.637,0.076,0.010842728358753544,0.021685456717507087
0.01,0.637,0.0925,0.010799383982518389,0.021598767965036778
0.01,0.637,0.109,0.010760017142306545,0.02152003428461309
0.01,0.637,0.1255,0.01072451518077944,0.02144903036155888
0.01,0.637,0.14200000000000002,0.010692758955522024,0.02138551791104405
0.01,0.637,0.15850000000000003,0.010664611105051552,0.021329222210103103
0.01,0.637,0.17500000000000002,0.01063991480341861,0.02127982960683722
0.01,0.637,0.1915,0.010618496406035577,0.021236992812071153
0.01,0.637,0.20800000000000002,0.010600169471587791,0.021200338943175582
0.01,0.637,0.22450000000000003,0.01058473907292674,0.02116947814585348
0.01,0.637,0.24100000000000002,0.0105720058915219,0.0211440117830438
0.01,0.637,0.2575,0.010561769859891447,0.021123539719782893
0.01,0.637,0.274,0.010553833255238291,0.021107666510476582
0.01,0.637,0.29050000000000004,0.010548003224176601,0.021096006448353202
0.01,0.637,0.30700000000000005,0.010544093761755387,0.021088187523510774
0.01,0.637,0.3235,0.010541927192067022,0.021083854384134043
0.01,0.637,0.34,0.010541335209552662,0.021082670419105325
0.01,0.637,0.35650000000000004,0.010542159544304633,0.021084319088609266
0.01,0.637,0.373,0.010544252313828634,0.021088504627657267
0.01,0.637,0.3895,0.010547476119869212,0.021094952239738424
0.01,0.637,0.406,0.010551703943292023,0.021103407886584047
0.01,0.637,0.42250000000000004,0.010556818883614932,0.021113637767229864
0.01,0.637,0.43900000000000006,0.010562713783154614,0.021125427566309227
0.01,0.637,0.4555,0.010569290769412107,0.021138581538824214
0.01,0.637,0.47200000000000003,0.010576460743370864,0.02115292148674173
0.01,0.637,0.48850000000000005,0.010584142836106425,0.02116828567221285
0.01,0.637,0.505,0.010592263851463352,0.021184527702926705
0.01,0.637,0.5215000000000001,0.010600757708568912,0.021201515417137825
0.01,0.637,0.538,0.010609564894612867,0.021219129789225733
0.01,0.637,0.5545,0.010618631935546413,0.021237263871092826
0.01,0.637,0.5710000000000001,0.010627910890095838,0.021255821780191676
0.01,0.637,0.5875,0.010637358870658071,0.021274717741316142
0.01,0.637,0.6040000000000001,0.010646937593227622,0.021293875186455244
0.01,0.637,0.6205,0.01065661295736674,0.02131322591473348
0.01,0.637,0.637,0.010666354656396496,0.02133270931279299
0.01,0.637,0.6535000000000001,0.010676135817325804,0.021352271634651608
0.01,0.637,0.67,0.01068593266961302,0.02137186533922604
0.01,0.637,0.6865,0.010695724241482076,0.02139144848296415
0.01,0.637,0.7030000000000001,0.010705492082354568,0.021410984164709136
0.01,0.637,0.7195,0.010715220009798337,0.021430440019596673
0.01,0.637,0.736,0.010724893879354647,0.021449787758709295
0.01,0.637,0.7525000000000001,0.010734501375576948,0.021469002751153897
0.01,0.637,0.769,0.010744031822668356,0.021488063645336713
0.01,0.637,0.7855000000000001,0.010753476013116388,0.021506952026232776
0.01,0.637,0.802,0.01076282605284271,0.02152565210568542
0.01,0.637,0.8185,0.010772075221425459,0.021544150442850917
0.01,0.637,0.8350000000000001,0.0107812178460626,0.0215624356921252
0.01,0.637,0.8515,0.01079024918802478,0.02158049837604956
0.01,0.637,0.8680000000000001,0.010799165340459757,0.021598330680919514
0.01,0.637,0.8845000000000001,0.01080796313645781,0.02161592627291562
0.01,0.637,0.901,0.010816640066432787,0.021633280132865574
0.01,0.637,0.9175000000000001,0.010825194203890188,0.021650388407780375
0.01,0.637,0.934,0.010833624138797826,0.02166724827759565
0.01,0.637,0.9505,0.010841928917789366,0.021683857835578732
0.01,0.637,0.9670000000000001,0.010850107990548356,0.021700215981096713
0.01,0.637,0.9835,0.010858161161736794,0.021716322323473588
0.01,0.637,1.0,0.010866088547939511,0.021732177095879022
0.01,0.6535000000000001,0.01,0.011046294848960601,0.022092589697921203
0.01,0.6535000000000001,0.026500000000000003,0.010964870670551723,0.021929741341103447
0.01,0.6535000000000001,0.043000000000000003,0.010902289312747065,0.02180457862549413
0.01,0.6535000000000001,0.059500000000000004,0.01084653805556321,0.02169307611112642
0.01,0.6535000000000001,0.076,0.010796078297910128,0.021592156595820255
0.01,0.6535000000000001,0.0925,0.010750478172091595,0.02150095634418319
0.01,0.6535000000000001,0.109,0.010709528002384916,0.021419056004769833
0.01,0.6535000000000001,0.1255,0.010673058581973061,0.021346117163946122
0.01,0.6535000000000001,0.14200000000000002,0.010640892694796419,0.021281785389592838
0.01,0.6535000000000001,0.15850000000000003,0.010612832961590503,0.021225665923181005
0.01,0.6535000000000001,0.17500000000000002,0.010588661708417922,0.021177323416835845
0.01,0.6535000000000001,0.1915,0.010568145076599802,0.021136290153199604
0.01,0.6535000000000001,0.20800000000000002,0.01055103842132146,0.02110207684264292
0.01,0.6535000000000001,0.22450000000000003,0.010537091748037936,0.02107418349607587
0.01,0.6535000000000001,0.24100000000000002,0.010526054634484815,0.02105210926896963
0.01,0.6535000000000001,0.2575,0.010517680410646725,0.02103536082129345
0.01,0.6535000000000001,0.274,0.0105117295336099,0.0210234590672198
0.01,0.6535000000000001,0.29050000000000004,0.010507972181400989,0.021015944362801978
0.01,0.6535000000000001,0.30700000000000005,0.01050619013535933,0.02101238027071866
0.01,0.6535000000000001,0.3235,0.010506178041877404,0.021012356083754808
0.01,0.6535000000000001,0.34,0.010507744151013685,0.02101548830202737
0.01,0.6535000000000001,0.35650000000000004,0.010510710627399411,0.021021421254798823
0.01,0.6535000000000001,0.373,0.010514913521677662,0.021029827043355324
0.01,0.6535000000000001,0.3895,0.010520202480849386,0.02104040496169877
0.01,0.6535000000000001,0.406,0.010526440265139273,0.021052880530278546
0.01,0.6535000000000001,0.42250000000000004,0.0105335021280492,0.0210670042560984
0.01,0.6535000000000001,0.43900000000000006,0.010541275106182819,0.021082550212365637
0.01,0.6535000000000001,0.4555,0.010549657256171721,0.021099314512343443
0.01,0.6535000000000001,0.47200000000000003,0.01055855686801873,0.02111711373603746
0.01,0.6535000000000001,0.48850000000000005,0.010567891677302954,0.02113578335460591
0.01,0.6535000000000001,0.505,0.010577588093007063,0.021155176186014125
0.01,0.6535000000000001,0.5215000000000001,0.010587580452986278,0.021175160905972556
0.01,0.6535000000000001,0.538,0.010597810315341023,0.021195620630682047
0.01,0.6535000000000001,0.5545,0.01060822579100798,0.02121645158201596
0.01,0.6535000000000001,0.5710000000000001,0.010618780920475352,0.021237561840950703
0.01,0.6535000000000001,0.5875,0.010629435095863603,0.021258870191727206
0.01,0.6535000000000001,0.6040000000000001,0.01064015252819184,0.02128030505638368
0.01,0.6535000000000001,0.6205,0.01065090175877217,0.02130180351754434
0.01,0.6535000000000001,0.637,0.010661655212960856,0.021323310425921713
0.01,0.6535000000000001,0.6535000000000001,0.010672388794069525,0.02134477758813905
0.01,0.6535000000000001,0.67,0.010683081514965132,0.021366163029930264
0.01,0.6535000000000001,0.6865,0.010693715164749193,0.021387430329498386
0.01,0.6535000000000001,0.7030000000000001,0.010704274007873544,0.021408548015747087
0.01,0.6535000000000001,0.7195,0.010714744513074111,0.021429489026148222
0.01,0.6535000000000001,0.736,0.010725115109590245,0.02145023021918049
0.01,0.6535000000000001,0.7525000000000001,0.010735375968255004,0.021470751936510008
0.01,0.6535000000000001,0.769,0.010745518805178123,0.021491037610356246
0.01,0.6535000000000001,0.7855000000000001,0.010755536705895349,0.021511073411790697
0.01,0.6535000000000001,0.802,0.010765423968006565,0.02153084793601313
0.01,0.6535000000000001,0.8185,0.010775175960494713,0.021550351920989426
0.01,0.6535000000000001,0.8350000000000001,0.010784788998055092,0.021569577996110183
0.01,0.6535000000000001,0.8515,0.010794260228919291,0.021588520457838583
0.01,0.6535000000000001,0.8680000000000001,0.010803587534784678,0.021607175069569357
0.01,0.6535000000000001,0.8845000000000001,0.010812769441615171,0.021625538883230343
0.01,0.6535000000000001,0.901,0.01082180504015897,0.02164361008031794
0.01,0.6535000000000001,0.9175000000000001,0.010830693915183402,0.021661387830366804
0.01,0.6535000000000001,0.934,0.010839436082494405,0.02167887216498881
0.01,0.6535000000000001,0.9505,0.010848031932915952,0.021696063865831904
0.01,0.6535000000000001,0.9670000000000001,0.010856482182498493,0.021712964364996985
0.01,0.6535000000000001,0.9835,0.01086478782827341,0.02172957565654682
0.01,0.6535000000000001,1.0,0.010872950108974969,0.021745900217949938
0.01,0.67,0.01,0.011016074268596434,0.022032148537192868
0.01,0.67,0.026500000000000003,0.010925806952026773,0.021851613904053546
0.01,0.67,0.043000000000000003,0.01085781959884692,0.02171563919769384
0.01,0.67,0.059500000000000004,0.0107979729114419,0.0215959458228838
0.01,0.67,0.076,0.010744414305180562,0.021488828610361124
0.01,0.67,0.0925,0.010696590456942915,0.02139318091388583
0.01,0.67,0.109,0.010654206517604512,0.021308413035209025
0.01,0.67,0.1255,0.010617014130714713,0.021234028261429425
0.01,0.67,0.14200000000000002,0.01058475659582602,0.02116951319165204
0.01,0.67,0.15850000000000003,0.010557156551242364,0.021114313102484728
0.01,0.67,0.17500000000000002,0.010533917373878782,0.021067834747757565
0.01,0.67,0.1915,0.01051472908463282,0.02102945816926564
0.01,0.67,0.20800000000000002,0.01049927530409158,0.02099855060818316
0.01,0.67,0.22450000000000003,0.010487239845553895,0.02097447969110779
0.01,0.67,0.24100000000000002,0.010478312373144632,0.020956624746289263
0.01,0.67,0.2575,0.010472192939296786,0.020944385878593572
0.01,0.67,0.274,0.010468595405297402,0.020937190810594804
0.01,0.67,0.29050000000000004,0.01046724984139913,0.02093449968279826
0.01,0.67,0.30700000000000005,0.010467904044456246,0.020935808088912492
0.01,0.67,0.3235,0.010470324323284345,0.02094064864656869
0.01,0.67,0.34,0.01047429569803503,0.02094859139607006
0.01,0.67,0.35650000000000004,0.010479621646981874,0.020959243293963748
0.01,0.67,0.373,0.010486123517149622,0.020972247034299243
0.01,0.67,0.3895,0.010493639697000965,0.02098727939400193
0.01,0.67,0.406,0.01050202463165862,0.02100404926331724
0.01,0.67,0.42250000000000004,0.01051114774493953,0.02102229548987906
0.01,0.67,0.43900000000000006,0.010520892318217743,0.021041784636435485
0.01,0.67,0.4555,0.010531154363992254,0.021062308727984508
0.01,0.67,0.47200000000000003,0.010541841522019054,0.02108368304403811
0.01,0.67,0.48850000000000005,0.010552871997624058,0.021105743995248116
0.01,0.67,0.505,0.010564173555395124,0.021128347110790247
0.01,0.67,0.5215000000000001,0.010575682576356805,0.02115136515271361
0.01,0.67,0.538,0.010587343182850168,0.021174686365700336
0.01,0.67,0.5545,0.010599106432516823,0.021198212865033646
0.01,0.67,0.5710000000000001,0.010610929580624233,0.021221859161248465
0.01,0.67,0.5875,0.010622775408541375,0.02124555081708275
0.01,0.67,0.6040000000000001,0.010634611615167692,0.021269223230335383
0.01,0.67,0.6205,0.010646410267498092,0.021292820534996183
0.01,0.67,0.637,0.01065814730618419,0.02131629461236838
0.01,0.67,0.6535000000000001,0.01066980210181201,0.02133960420362402
0.01,0.67,0.67,0.010681357057620182,0.021362714115240364
0.01,0.67,0.6865,0.010692797254538864,0.02138559450907773
0.01,0.67,0.7030000000000001,0.010704110134573242,0.021408220269146485
0.01,0.67,0.7195,0.010715285218843008,0.021430570437686015
0.01,0.67,0.736,0.010726313856789503,0.021452627713579007
0.01,0.67,0.7525000000000001,0.010737189003388234,0.021474378006776467
0.01,0.67,0.769,0.01074790502141382,0.02149581004282764
0.01,0.67,0.7855000000000001,0.010758457506128982,0.021516915012257963
0.01,0.67,0.802,0.01076884312995246,0.02153768625990492
0.01,0.67,0.8185,0.010779059504959903,0.021558119009919805
0.01,0.67,0.8350000000000001,0.010789105061224059,0.021578210122448118
0.01,0.67,0.8515,0.010798978939266426,0.02159795787853285
0.01,0.67,0.8680000000000001,0.010808680895027777,0.021617361790055554
0.01,0.67,0.8845000000000001,0.010818211215960992,0.021636422431921983
0.01,0.67,0.901,0.010827570646977458,0.021655141293954915
0.01,0.67,0.9175000000000001,0.01083676032514655,0.0216735206502931
0.01,0.67,0.934,0.010845781722148715,0.02169156344429743
0.01,0.67,0.9505,0.010854636593589375,0.02170927318717875
0.01,0.67,0.9670000000000001,0.01086332693439751,0.02172665386879502
0.01,0.67,0.9835,0.010871854939609314,0.02174370987921863
0.01,0.67,1.0,0.010880222969918993,0.021760445939837985
0.01,0.6865,0.01,0.010982514032715942,0.021965028065431883
0.01,0.6865,0.026500000000000003,0.010882022564478866,0.021764045128957733
0.01,0.6865,0.043000000000000003,0.01080804081515618,0.02161608163031236
0.01,0.6865,0.059500000000000004,0.010743813076051899,0.021487626152103798
0.01,0.6865,0.076,0.010687084118659627,0.021374168237319253
0.01,0.6865,0.0925,0.010637135425010899,0.021274270850021797
0.01,0.6865,0.109,0.010593552843151789,0.021187105686303578
0.01,0.6865,0.1255,0.010555978114735829,0.021111956229471658
0.01,0.6865,0.14200000000000002,0.010524046802907467,0.021048093605814933
0.01,0.6865,0.15850000000000003,0.010497376099296326,0.02099475219859265
0.01,0.6865,0.17500000000000002,0.010475568167303917,0.020951136334607833
0.01,0.6865,0.1915,0.01045821809494217,0.02091643618988434
0.01,0.6865,0.20800000000000002,0.010444922446170306,0.020889844892340612
0.01,0.6865,0.22450000000000003,0.010435286861790521,0.020870573723581042
0.01,0.6865,0.24100000000000002,0.010428932168578334,0.020857864337156667
0.01,0.6865,0.2575,0.01042549890607165,0.0208509978121433
0.01,0.6865,0.274,0.01042465038735752,0.02084930077471504
0.01,0.6865,0.29050000000000004,0.010426074498156952,0.020852148996313904
0.01,0.6865,0.30700000000000005,0.01042948446501889,0.02085896893003778
0.01,0.6865,0.3235,0.010434618817498287,0.020869237634996575
0.01,0.6865,0.34,0.010441240746992257,0.020882481493984514
0.01,0.6865,0.35650000000000004,0.010449137035829583,0.020898274071659166
0.01,0.6865,0.373,0.010458116699729809,0.020916233399459618
0.01,0.6865,0.3895,0.010468009457767371,0.020936018915534742
0.01,0.6865,0.406,0.010478664118226339,0.020957328236452678
0.01,0.6865,0.42250000000000004,0.010489946946676282,0.020979893893352565
0.01,0.6865,0.43900000000000006,0.0105017400643448,0.0210034801286896
0.01,0.6865,0.4555,0.010513939910235857,0.021027879820471714
0.01,0.6865,0.47200000000000003,0.010526455788879601,0.021052911577759202
0.01,0.6865,0.48850000000000005,0.010539208516739297,0.021078417033478593
0.01,0.6865,0.505,0.010552129173704707,0.021104258347409414
0.01,0.6865,0.5215000000000001,0.010565157961206554,0.021130315922413108
0.01,0.6865,0.538,0.010578243165084138,0.021156486330168277
0.01,0.6865,0.5545,0.01059134021899398,0.02118268043798796
0.01,0.6865,0.5710000000000001,0.010604410862663805,0.02120882172532761
0.01,0.6865,0.5875,0.01061742238840961,0.02123484477681922
0.01,0.6865,0.6040000000000001,0.01063034696895752,0.02126069393791504
0.01,0.6865,0.6205,0.010643161059486626,0.02128632211897325
0.01,0.6865,0.637,0.010655844867024068,0.021311689734048136
0.01,0.6865,0.6535000000000001,0.010668381880549535,0.02133676376109907
0.01,0.6865,0.67,0.010680758455623869,0.021361516911247738
0.01,0.6865,0.6865,0.01069296344776556,0.02138592689553112
0.01,0.6865,0.7030000000000001,0.010704987889283094,0.02140997577856619
0.01,0.6865,0.7195,0.010716824704753271,0.021433649409506542
0.01,0.6865,0.736,0.010728468460752358,0.021456936921504716
0.01,0.6865,0.7525000000000001,0.010739915145959214,0.02147983029191843
0.01,0.6865,0.769,0.010751161978052108,0.021502323956104217
0.01,0.6865,0.7855000000000001,0.01076220723430772,0.02152441446861544
0.01,0.6865,0.802,0.010773050103084785,0.02154610020616957
0.01,0.6865,0.8185,0.010783690553694453,0.021567381107388907
0.01,0.6865,0.8350000000000001,0.010794129222484558,0.021588258444969116
0.01,0.6865,0.8515,0.010804367313171085,0.02160873462634217
0.01,0.6865,0.8680000000000001,0.010814406509699857,0.021628813019399715
0.01,0.6865,0.8845000000000001,0.010824248900137029,0.021648497800274058
0.01,0.6865,0.901,0.01083389691022244,0.02166779382044488
0.01,0.6865,0.9175000000000001,0.01084335324544338,0.02168670649088676
0.01,0.6865,0.934,0.010852620840552525,0.02170524168110505
0.01,0.6865,0.9505,0.01086170281566103,0.02172340563132206
0.01,0.6865,0.9670000000000001,0.010870602438069893,0.021741204876139786
0.01,0.6865,0.9835,0.010879323089146369,0.021758646178292738
0.01,0.6865,1.0,0.010887868235646787,0.021775736471293574
0.01,0.7030000000000001,0.01,0.010945170239197461,0.021890340478394922
0.01,0.7030000000000001,0.026500000000000003,0.010832783537466481,0.021665567074932963
0.01,0.7030000000000001,0.043000000000000003,0.01075214812466651,0.02150429624933302
0.01,0.7030000000000001,0.059500000000000004,0.010683264200325506,0.02136652840065101
0.01,0.7030000000000001,0.076,0.010623354170326348,0.021246708340652697
0.01,0.7030000000000001,0.0925,0.010571473273132105,0.02114294654626421
0.01,0.7030000000000001,0.109,0.010527040686682981,0.021054081373365962
0.01,0.7030000000000001,0.1255,0.010489546706399656,0.020979093412799313
0.01,0.7030000000000001,0.14200000000000002,0.010458482296286205,0.02091696459257241
0.01,0.7030000000000001,0.15850000000000003,0.010433327230035113,0.020866654460070227
0.01,0.7030000000000001,0.17500000000000002,0.010413555650163497,0.020827111300326995
0.01,0.7030000000000001,0.1915,0.010398646090070659,0.020797292180141317
0.01,0.7030000000000001,0.20800000000000002,0.010388091368374538,0.020776182736749076
0.01,0.7030000000000001,0.22450000000000003,0.010381406736103474,0.02076281347220695
0.01,0.7030000000000001,0.24100000000000002,0.010378135849953844,0.020756271699907687
0.01,0.7030000000000001,0.2575,0.010377854651316125,0.02075570930263225
0.01,0.7030000000000001,0.274,0.010380173437321196,0.020760346874642392
0.01,0.7030000000000001,0.29050000000000004,0.010384737474579133,0.020769474949158265
0.01,0.7030000000000001,0.30700000000000005,0.010391226501618283,0.020782453003236567
0.01,0.7030000000000001,0.3235,0.010399353429129265,0.02079870685825853
0.01,0.7030000000000001,0.34,0.010408862497898392,0.020817724995796785
0.01,0.7030000000000001,0.35650000000000004,0.010419527103295108,0.020839054206590216
0.01,0.7030000000000001,0.373,0.010431147447970971,0.020862294895941942
0.01,0.7030000000000001,0.3895,0.01044354814341843,0.02088709628683686
0.01,0.7030000000000001,0.406,0.010456575847044229,0.020913151694088458
0.01,0.7030000000000001,0.42250000000000004,0.010470096994113103,0.020940193988226205
0.01,0.7030000000000001,0.43900000000000006,0.010483995662739698,0.020967991325479395
0.01,0.7030000000000001,0.4555,0.010498171594016116,0.020996343188032233
0.01,0.7030000000000001,0.47200000000000003,0.010512538377537014,0.021025076755074028
0.01,0.7030000000000001,0.48850000000000005,0.01052702180415255,0.0210540436083051
0.01,0.7030000000000001,0.505,0.010541558381939943,0.021083116763879885
0.01,0.7030000000000001,0.5215000000000001,0.010556094007561797,0.021112188015123594
0.01,0.7030000000000001,0.538,0.010570582782896607,0.021141165565793214
0.01,0.7030000000000001,0.5545,0.010584985965538186,0.02116997193107637
0.01,0.7030000000000001,0.5710000000000001,0.010599271041370815,0.02119854208274163
0.01,0.7030000000000001,0.5875,0.010613410907457582,0.021226821814915163
0.01,0.7030000000000001,0.6040000000000001,0.010627383153935542,0.021254766307871084
0.01,0.7030000000000001,0.6205,0.010641169434267692,0.021282338868535384
0.01,0.7030000000000001,0.637,0.010654754913972922,0.021309509827945845
0.01,0.7030000000000001,0.6535000000000001,0.010668127788807802,0.021336255577615603
0.01,0.7030000000000001,0.67,0.01068127886420647,0.02136255772841294
0.01,0.7030000000000001,0.6865,0.010694201188625048,0.021388402377250097
0.01,0.7030000000000001,0.7030000000000001,0.010706889734193741,0.021413779468387482
0.01,0.7030000000000001,0.7195,0.010719341118854918,0.021438682237709835
0.01,0.7030000000000001,0.736,0.010731553364777643,0.021463106729555287
0.01,0.7030000000000001,0.7525000000000001,0.010743525688497565,0.02148705137699513
0.01,0.7030000000000001,0.769,0.010755258318759904,0.021510516637519808
0.01,0.7030000000000001,0.7855000000000001,0.010766752338516213,0.021533504677032425
0.01,0.7030000000000001,0.802,0.010778009547997963,0.021556019095995926
0.01,0.7030000000000001,0.8185,0.010789032346138663,0.021578064692277327
0.01,0.7030000000000001,0.8350000000000001,0.0107998236280016,0.0215996472560032
0.01,0.7030000000000001,0.8515,0.010810386696112152,0.021620773392224304
0.01,0.7030000000000001,0.8680000000000001,0.010820725183919574,0.021641450367839148
0.01,0.7030000000000001,0.8845000000000001,0.010830842989795558,0.021661685979591117
0.01,0.7030000000000001,0.901,0.010840744220201806,0.02168148844040361
0.01,0.7030000000000001,0.9175000000000001,0.010850433140838087,0.021700866281676175
0.01,0.7030000000000001,0.934,0.010859914134720434,0.02171982826944087
0.01,0.7030000000000001,0.9505,0.010869191666289411,0.021738383332578822
0.01,0.7030000000000001,0.9670000000000001,0.010878270250747734,0.021756540501495468
0.01,0.7030000000000001,0.9835,0.010887154427955974,0.021774308855911948
0.01,0.7030000000000001,1.0,0.010895848740268957,0.021791697480537914
0.01,0.7195,0.01,0.010903544061499843,0.021807088122999686
0.01,0.7195,0.026500000000000003,0.010777227517390528,0.021554455034781057
0.01,0.7195,0.043000000000000003,0.010689203725067657,0.021378407450135313
0.01,0.7195,0.059500000000000004,0.01061541850312288,0.02123083700624576
0.01,0.7195,0.076,0.010552408599024534,0.021104817198049068
0.01,0.7195,0.0925,0.010498917530583043,0.020997835061166086
0.01,0.7195,0.109,0.010454132325372767,0.020908264650745533
0.01,0.7195,0.1255,0.010417336225968948,0.020834672451937895
0.01,0.7195,0.14200000000000002,0.010387828187697663,0.020775656375395326
0.01,0.7195,0.15850000000000003,0.010364911238592319,0.020729822477184637
0.01,0.7195,0.17500000000000002,0.01034790012296596,0.02069580024593192
0.01,0.7195,0.1915,0.010336132924407123,0.020672265848814247
0.01,0.7195,0.20800000000000002,0.010328981529186827,0.020657963058373655
0.01,0.7195,0.22450000000000003,0.010325859360031383,0.020651718720062766
0.01,0.7195,0.24100000000000002,0.010326226189256306,0.020652452378512612
0.01,0.7195,0.2575,0.010329590374745528,0.020659180749491055
0.01,0.7195,0.274,0.010335509036077939,0.020671018072155878
0.01,0.7195,0.29050000000000004,0.010343586700361384,0.020687173400722767
0.01,0.7195,0.30700000000000005,0.010353472889918341,0.020706945779836682
0.01,0.7195,0.3235,0.010364859041748031,0.020729718083496062
0.01,0.7195,0.34,0.010377475063671253,0.020754950127342506
0.01,0.7195,0.35650000000000004,0.010391085755085832,0.020782171510171664
0.01,0.7195,0.373,0.010405487255076529,0.020810974510153058
0.01,0.7195,0.3895,0.010420503628331577,0.020841007256663154
0.01,0.7195,0.406,0.010435983658800134,0.020871967317600267
0.01,0.7195,0.42250000000000004,0.010451797890699012,0.020903595781398023
0.01,0.7195,0.43900000000000006,0.010467835934574395,0.02093567186914879
0.01,0.7195,0.4555,0.010484004040733404,0.02096800808146681
0.01,0.7195,0.47200000000000003,0.010500222932110923,0.021000445864221846
0.01,0.7195,0.48850000000000005,0.010516425882194829,0.021032851764389657
0.01,0.7195,0.505,0.01053255701981972,0.02106511403963944
0.01,0.7195,0.5215000000000001,0.010548569840967869,0.021097139681935738
0.01,0.7195,0.538,0.010564425907278643,0.021128851814557287
0.01,0.7195,0.5545,0.010580093711361175,0.02116018742272235
0.01,0.7195,0.5710000000000001,0.01059554769021343,0.02119109538042686
0.01,0.7195,0.5875,0.010610767369212341,0.021221534738424683
0.01,0.7195,0.6040000000000001,0.0106257366208429,0.0212514732416858
0.01,0.7195,0.6205,0.010640443023733957,0.021280886047467914
0.01,0.7195,0.637,0.010654877309211332,0.021309754618422664
0.01,0.7195,0.6535000000000001,0.010669032883983588,0.021338065767967176
0.01,0.7195,0.67,0.010682905418889667,0.021365810837779334
0.01,0.7195,0.6865,0.01069649249493555,0.0213929849898711
0.01,0.7195,0.7030000000000001,0.010709793298894994,0.02141958659778999
0.01,0.7195,0.7195,0.010722808361778833,0.021445616723557666
0.01,0.7195,0.736,0.010735539334305558,0.021471078668611115
0.01,0.7195,0.7525000000000001,0.010747988794342354,0.021495977588684708
0.01,0.7195,0.769,0.010760160081907772,0.021520320163815543
0.01,0.7195,0.7855000000000001,0.010772057157940025,0.02154411431588005
0.01,0.7195,0.802,0.010783684483556948,0.021567368967113896
0.01,0.7195,0.8185,0.010795046916960975,0.02159009383392195
0.01,0.7195,0.8350000000000001,0.010806149625556847,0.021612299251113694
0.01,0.7195,0.8515,0.010816998011147038,0.021633996022294075
0.01,0.7195,0.8680000000000001,0.010827597646426749,0.021655195292853497
0.01,0.7195,0.8845000000000001,0.010837954221133629,0.021675908442267258
0.01,0.7195,0.901,0.010848073496591143,0.021696146993182286
0.01,0.7195,0.9175000000000001,0.010857961267390621,0.021715922534781242
0.01,0.7195,0.934,0.010867623329270043,0.021735246658540087
0.01,0.7195,0.9505,0.010877065452270043,0.021754130904540085
0.01,0.7195,0.9670000000000001,0.010886293358460183,0.021772586716920367
0.01,0.7195,0.9835,0.010895312703562778,0.021790625407125556
0.01,0.7195,1.0,0.010904129061923989,0.021808258123847978
0.01,0.736,0.01,0.010857083595675927,0.021714167191351854
0.01,0.736,0.026500000000000003,0.010714345271488195,0.02142869054297639
0.01,0.736,0.043000000000000003,0.010618121084863598,0.021236242169727196
0.01,0.736,0.059500000000000004,0.010539249017650342,0.021078498035300684
0.01,0.736,0.076,0.010473355334717438,0.020946710669434876
0.01,0.736,0.0925,0.010418751944689407,0.020837503889378814
0.01,0.736,0.109,0.010374303739065494,0.02074860747813099
0.01,0.736,0.1255,0.010339013386683351,0.020678026773366703
0.01,0.736,0.14200000000000002,0.010311928008443069,0.020623856016886138
0.01,0.736,0.15850000000000003,0.010292126816644046,0.020584253633288092
0.01,0.736,0.17500000000000002,0.010278729834305349,0.020557459668610698
0.01,0.736,0.1915,0.010270909746015012,0.020541819492030024
0.01,0.736,0.20800000000000002,0.010267901305287869,0.020535802610575738
0.01,0.736,0.22450000000000003,0.010269006960325424,0.020538013920650848
0.01,0.736,0.24100000000000002,0.010273598893837922,0.020547197787675844
0.01,0.736,0.2575,0.010281118180657576,0.020562236361315153
0.01,0.736,0.274,0.010291071857817649,0.020582143715635298
0.01,0.736,0.29050000000000004,0.010303028624870677,0.020606057249741353
0.01,0.736,0.30700000000000005,0.010316613758475443,0.020633227516950885
0.01,0.736,0.3235,0.010331503684813044,0.020663007369626087
0.01,0.736,0.34,0.010347420527902709,0.020694841055805418
0.01,0.736,0.35650000000000004,0.010364126848781454,0.02072825369756291
0.01,0.736,0.373,0.010381420710396163,0.020762841420792325
0.01,0.736,0.3895,0.010399131143528745,0.02079826228705749
0.01,0.736,0.406,0.010417114046612599,0.020834228093225198
0.01,0.736,0.42250000000000004,0.010435248523128446,0.020870497046256892
0.01,0.736,0.43900000000000006,0.010453433641412596,0.020906867282825193
0.01,0.736,0.4555,0.0104715855901434,0.0209431711802868
0.01,0.736,0.47200000000000003,0.01048963519661007,0.02097927039322014
0.01,0.736,0.48850000000000005,0.010507525772363515,0.02101505154472703
0.01,0.736,0.505,0.01052521125061014,0.02105042250122028
0.01,0.736,0.5215000000000001,0.010542654581286514,0.021085309162573028
0.01,0.736,0.538,0.010559826351885874,0.02111965270377175
0.01,0.736,0.5545,0.010576703605041187,0.021153407210082374
0.01,0.736,0.5710000000000001,0.010593268826642483,0.021186537653284966
0.01,0.736,0.5875,0.010609509081357348,0.021219018162714695
0.01,0.736,0.6040000000000001,0.010625415275033374,0.021250830550066747
0.01,0.736,0.6205,0.010640981526147342,0.021281963052294683
0.01,0.736,0.637,0.010656204630770652,0.021312409261541303
0.01,0.736,0.6535000000000001,0.010671083607563381,0.021342167215126762
0.01,0.736,0.67,0.010685619311246385,0.02137123862249277
0.01,0.736,0.6865,0.010699814104532312,0.021399628209064624
0.01,0.736,0.7030000000000001,0.010713671579990695,0.02142734315998139
0.01,0.736,0.7195,0.010727196324481374,0.021454392648962747
0.01,0.736,0.736,0.010740393719917939,0.021480787439835877
0.01,0.736,0.7525000000000001,0.010753269774948412,0.021506539549896824
0.01,0.736,0.769,0.010765830983031764,0.02153166196606353
0.01,0.736,0.7855000000000001,0.010778084202947952,0.021556168405895904
0.01,0.736,0.802,0.010790036558442063,0.021580073116884126
0.01,0.736,0.8185,0.010801695354137648,0.021603390708275296
0.01,0.736,0.8350000000000001,0.010813068005308898,0.021626136010617796
0.01,0.736,0.8515,0.010824161979411539,0.021648323958823077
0.01,0.736,0.8680000000000001,0.01083498474766388,0.02166996949532776
0.01,0.736,0.8845000000000001,0.010845543745095776,0.021691087490191552
0.01,0.736,0.901,0.010855846337855612,0.021711692675711224
0.01,0.736,0.9175000000000001,0.010865899796638828,0.021731799593277656
0.01,0.736,0.934,0.010875711275301046,0.02175142255060209
0.01,0.736,0.9505,0.01088528779388774,0.02177057558777548
0.01,0.736,0.9670000000000001,0.010894636225369661,0.021789272450739323
0.01,0.736,0.9835,0.010903763285526826,0.021807526571053653
0.01,0.736,1.0,0.010912675525463263,0.021825351050926527
0.01,0.7525000000000001,0.01,0.010805193142568467,0.021610386285136934
0.01,0.7525000000000001,0.026500000000000003,0.01064296455222743,0.02128592910445486
0.01,0.7525000000000001,0.043000000000000003,0.010537653770455693,0.021075307540911387
0.01,0.7525000000000001,0.059500000000000004,0.010453612486118334,0.020907224972236668
0.01,0.7525000000000001,0.076,0.010385244337597084,0.020770488675194168
0.01,0.7525000000000001,0.0925,0.010330261507763974,0.020660523015527947
0.01,0.7525000000000001,0.109,0.010287084166908484,0.020574168333816967
0.01,0.7525000000000001,0.1255,0.010254338806374002,0.020508677612748005
0.01,0.7525000000000001,0.14200000000000002,0.010230747134919935,0.02046149426983987
0.01,0.7525000000000001,0.15850000000000003,0.010215110308231589,0.020430220616463178
0.01,0.7525000000000001,0.17500000000000002,0.010206316051555694,0.020412632103111387
0.01,0.7525000000000001,0.1915,0.010203347846010851,0.020406695692021703
0.01,0.7525000000000001,0.20800000000000002,0.010205290371395892,0.020410580742791784
0.01,0.7525000000000001,0.22450000000000003,0.010211330326135745,0.02042266065227149
0.01,0.7525000000000001,0.24100000000000002,0.010220753353638723,0.020441506707277447
0.01,0.7525000000000001,0.2575,0.010232938200413858,0.020465876400827716
0.01,0.7525000000000001,0.274,0.010247349175893311,0.020494698351786623
0.01,0.7525000000000001,0.29050000000000004,0.010263527779523754,0.02052705555904751
0.01,0.7525000000000001,0.30700000000000005,0.010281084132602451,0.020562168265204902
0.01,0.7525000000000001,0.3235,0.01029968864959218,0.02059937729918436
0.01,0.7525000000000001,0.34,0.010319064221474685,0.02063812844294937
0.01,0.7525000000000001,0.35650000000000004,0.01033897906252033,0.02067795812504066
0.01,0.7525000000000001,0.373,0.010359240285961873,0.020718480571923745
0.01,0.7525000000000001,0.3895,0.01037968821625941,0.02075937643251882
0.01,0.7525000000000001,0.406,0.010400191409059883,0.020800382818119766
0.01,0.7525000000000001,0.42250000000000004,0.010420642328546519,0.020841284657093038
0.01,0.7525000000000001,0.43900000000000006,0.010440953621196142,0.020881907242392285
0.01,0.7525000000000001,0.4555,0.01046105492122112,0.02092210984244224
0.01,0.7525000000000001,0.47200000000000003,0.010480890123893383,0.020961780247786766
0.01,0.7525000000000001,0.48850000000000005,0.010500415066482867,0.021000830132965734
0.01,0.7525000000000001,0.505,0.0105195955615318,0.0210391911230636
0.01,0.7525000000000001,0.5215000000000001,0.010538405732893642,0.021076811465787285
0.01,0.7525000000000001,0.538,0.010556826610641074,0.02111365322128215
0.01,0.7525000000000001,0.5545,0.010574844946525344,0.021149689893050688
0.01,0.7525000000000001,0.5710000000000001,0.010592452216778507,0.021184904433557014
0.01,0.7525000000000001,0.5875,0.01060964378364952,0.02121928756729904
0.01,0.7525000000000001,0.6040000000000001,0.010626418191238161,0.021252836382476322
0.01,0.7525000000000001,0.6205,0.010642776574753448,0.021285553149506895
0.01,0.7525000000000001,0.637,0.010658722165471705,0.02131744433094341
0.01,0.7525000000000001,0.6535000000000001,0.010674259876392934,0.021348519752785868
0.01,0.7525000000000001,0.67,0.010689395955852441,0.021378791911704883
0.01,0.7525000000000001,0.6865,0.01070413769836673,0.02140827539673346
0.01,0.7525000000000001,0.7030000000000001,0.010718493203671756,0.02143698640734351
0.01,0.7525000000000001,0.7195,0.010732471176262878,0.021464942352525756
0.01,0.7525000000000001,0.736,0.010746080759044202,0.021492161518088405
0.01,0.7525000000000001,0.7525000000000001,0.010759331395632059,0.021518662791264118
0.01,0.7525000000000001,0.769,0.010772232716749595,0.02154446543349919
0.01,0.7525000000000001,0.7855000000000001,0.010784794446864707,0.021569588893729414
0.01,0.7525000000000001,0.802,0.010797026327823644,0.02159405265564729
0.01,0.7525000000000001,0.8185,0.010808938056746679,0.021617876113493358
0.01,0.7525000000000001,0.8350000000000001,0.010820539235890072,0.021641078471780144
0.01,0.7525000000000001,0.8515,0.01083183933252753,0.02166367866505506
0.01,0.7525000000000001,0.8680000000000001,0.010842847647226837,0.021685695294453675
0.01,0.7525000000000001,0.8845000000000001,0.010853573289123881,0.021707146578247762
0.01,0.7525000000000001,0.901,0.01086402515706961,0.02172805031413922
0.01,0.7525000000000001,0.9175000000000001,0.010874211925615253,0.021748423851230506
0.01,0.7525000000000001,0.934,0.010884142035086128,0.021768284070172256
0.01,0.7525000000000001,0.9505,0.010893823684964523,0.021787647369929046
0.01,0.7525000000000001,0.9670000000000001,0.010903264830069296,0.02180652966013859
0.01,0.7525000000000001,0.9835,0.010912473178995182,0.021824946357990364
0.01,0.7525000000000001,1.0,0.010921456194410966,0.021842912388821932
0.01,0.769,0.01,0.010747255387988066,0.021494510775976132
0.01,0.769,0.026500000000000003,0.010561741610539984,0.02112348322107997
0.01,0.769,0.043000000000000003,0.010446395291387777,0.020892790582775555
0.01,0.769,0.059500000000000004,0.010357268437897504,0.020714536875795008
0.01,0.769,0.076,0.010287105736381443,0.020574211472762886
0.01,0.769,0.0925,0.010232784587163899,0.020465569174327798
0.01,0.769,0.109,0.010192115564276018,0.020384231128552036
0.01,0.769,0.1255,0.010163227477570437,0.020326454955140873
0.01,0.769,0.14200000000000002,0.010144429312181617,0.020288858624363235
0.01,0.769,0.15850000000000003,0.010134185011488911,0.020268370022977822
0.01,0.769,0.17500000000000002,0.01013111345628343,0.02026222691256686
0.01,0.769,0.1915,0.01013398974399154,0.02026797948798308
0.01,0.769,0.20800000000000002,0.010141741975223183,0.020283483950446365
0.01,0.769,0.22450000000000003,0.010153443321907813,0.020306886643815625
0.01,0.769,0.24100000000000002,0.01016830070205002,0.02033660140410004
0.01,0.769,0.2575,0.010185641565075369,0.020371283130150738
0.01,0.769,0.274,0.01020490003034538,0.02040980006069076
0.01,0.769,0.29050000000000004,0.010225603267272258,0.020451206534544516
0.01,0.769,0.30700000000000005,0.010247358685007769,0.020494717370015538
0.01,0.769,0.3235,0.010269842249050939,0.020539684498101878
0.01,0.769,0.34,0.010292788062886062,0.020585576125772123
0.01,0.769,0.35650000000000004,0.010315979233036968,0.020631958466073935
0.01,0.769,0.373,0.010339239961732144,0.020678479923464287
0.01,0.769,0.3895,0.010362428769855181,0.020724857539710363
0.01,0.769,0.406,0.010385432733303574,0.020770865466607148
0.01,0.769,0.42250000000000004,0.010408162610899526,0.02081632522179905
0.01,0.769,0.43900000000000006,0.010430548745595026,0.020861097491190052
0.01,0.769,0.4555,0.010452537629297688,0.020905075258595376
0.01,0.769,0.47200000000000003,0.010474089032596695,0.02094817806519339
0.01,0.769,0.48850000000000005,0.010495173612370599,0.020990347224741197
0.01,0.769,0.505,0.010515770921665816,0.02103154184333163
0.01,0.769,0.5215000000000001,0.010535867757005437,0.021071735514010873
0.01,0.769,0.538,0.010555456787893018,0.021110913575786035
0.01,0.769,0.5545,0.010574535421797673,0.021149070843595345
0.01,0.769,0.5710000000000001,0.010593104865325033,0.021186209730650066
0.01,0.769,0.5875,0.010611169348630042,0.021222338697260083
0.01,0.769,0.6040000000000001,0.010628735485507657,0.021257470971015314
0.01,0.769,0.6205,0.010645811746203219,0.021291623492406438
0.01,0.769,0.637,0.010662408023774252,0.021324816047548503
0.01,0.769,0.6535000000000001,0.010678535278122988,0.021357070556245975
0.01,0.769,0.67,0.010694205244417724,0.021388410488835448
0.01,0.769,0.6865,0.010709430194934127,0.021418860389868254
0.01,0.769,0.7030000000000001,0.010724222745167501,0.021448445490335002
0.01,0.769,0.7195,0.010738595696642579,0.021477191393285158
0.01,0.769,0.736,0.010752561910083648,0.021505123820167296
0.01,0.769,0.7525000000000001,0.01076613420376062,0.02153226840752124
0.01,0.769,0.769,0.010779325272608123,0.021558650545216246
0.01,0.769,0.7855000000000001,0.010792147624548092,0.021584295249096185
0.01,0.769,0.802,0.01080461353098667,0.02160922706197334
0.01,0.769,0.8185,0.010816734988986158,0.021633469977972317
0.01,0.769,0.8350000000000001,0.0108285236930537,0.0216570473861074
0.01,0.769,0.8515,0.010839991014824123,0.021679982029648246
0.01,0.769,0.8680000000000001,0.010851147989165094,0.021702295978330188
0.01,0.769,0.8845000000000001,0.010862005305559872,0.021724010611119744
0.01,0.769,0.901,0.010872573303747848,0.021745146607495696
0.01,0.769,0.9175000000000001,0.010882861972811032,0.021765723945622064
0.01,0.769,0.934,0.010892880953016765,0.02178576190603353
0.01,0.769,0.9505,0.01090263953985496,0.02180527907970992
0.01,0.769,0.9670000000000001,0.010912146689804454,0.02182429337960891
0.01,0.769,0.9835,0.01092141102743325,0.0218428220548665
0.01,0.769,1.0,0.010930440853503047,0.021860881707006095
0.01,0.7855000000000001,0.01,0.010682674996869377,0.021365349993738753
0.01,0.7855000000000001,0.026500000000000003,0.010469170163726626,0.020938340327453252
0.01,0.7855000000000001,0.043000000000000003,0.010342801253554006,0.020685602507108013
0.01,0.7855000000000001,0.059500000000000004,0.01024892656877799,0.02049785313755598
0.01,0.7855000000000001,0.076,0.010178019243014893,0.020356038486029786
0.01,0.7855000000000001,0.0925,0.010125795428530612,0.020251590857061224
0.01,0.7855000000000001,0.109,0.010089238410631704,0.02017847682126341
0.01,0.7855000000000001,0.1255,0.010065829783006434,0.020131659566012868
0.01,0.7855000000000001,0.14200000000000002,0.010053367425139844,0.020106734850279688
0.01,0.7855000000000001,0.15850000000000003,0.010049918891415254,0.020099837782830508
0.01,0.7855000000000001,0.17500000000000002,0.010053804125366309,0.020107608250732618
0.01,0.7855000000000001,0.1915,0.010063580250198906,0.02012716050039781
0.01,0.7855000000000001,0.20800000000000002,0.01007802276214123,0.02015604552428246
0.01,0.7855000000000001,0.22450000000000003,0.010096103534753539,0.020192207069507077
0.01,0.7855000000000001,0.24100000000000002,0.010116967383284261,0.020233934766568522
0.01,0.7855000000000001,0.2575,0.010139908818242773,0.020279817636485547
0.01,0.7855000000000001,0.274,0.010164350133633522,0.020328700267267043
0.01,0.7855000000000001,0.29050000000000004,0.010189821495751724,0.02037964299150345
0.01,0.7855000000000001,0.30700000000000005,0.010215943327228302,0.020431886654456603
0.01,0.7855000000000001,0.3235,0.010242411028297892,0.020484822056595783
0.01,0.7855000000000001,0.34,0.010268981921924934,0.020537963843849868
0.01,0.7855000000000001,0.35650000000000004,0.010295464225343534,0.02059092845068707
0.01,0.7855000000000001,0.373,0.010321707814384299,0.020643415628768598
0.01,0.7855000000000001,0.3895,0.010347596541033639,0.020695193082067277
0.01,0.7855000000000001,0.406,0.010373041876206796,0.02074608375241359
0.01,0.7855000000000001,0.42250000000000004,0.010397977670468631,0.020795955340937262
0.01,0.7855000000000001,0.43900000000000006,0.010422355849825085,0.02084471169965017
0.01,0.7855000000000001,0.4555,0.010446142888627184,0.02089228577725437
0.01,0.7855000000000001,0.47200000000000003,0.010469316925203347,0.020938633850406695
0.01,0.7855000000000001,0.48850000000000005,0.01049186540711514,0.02098373081423028
0.01,0.7855000000000001,0.505,0.010513783171670154,0.02102756634334031
0.01,0.7855000000000001,0.5215000000000001,0.010535070883386857,0.021070141766773715
0.01,0.7855000000000001,0.538,0.010555733763794333,0.021111467527588666
0.01,0.7855000000000001,0.5545,0.010575780560328674,0.021151561120657348
0.01,0.7855000000000001,0.5710000000000001,0.010595222710709534,0.02119044542141907
0.01,0.7855000000000001,0.5875,0.010614073666970918,0.021228147333941835
0.01,0.7855000000000001,0.6040000000000001,0.010632348349864373,0.021264696699728747
0.01,0.7855000000000001,0.6205,0.010650062709691177,0.021300125419382355
0.01,0.7855000000000001,0.637,0.010667233373973038,0.021334466747946076
0.01,0.7855000000000001,0.6535000000000001,0.010683877365938779,0.021367754731877558
0.01,0.7855000000000001,0.67,0.010700011880771462,0.021400023761542923
0.01,0.7855000000000001,0.6865,0.010715654108906115,0.02143130821781223
0.01,0.7855000000000001,0.7030000000000001,0.010730821097623166,0.021461642195246333
0.01,0.7855000000000001,0.7195,0.010745529643806033,0.021491059287612066
0.01,0.7855000000000001,0.736,0.010759796212020969,0.021519592424041938
0.01,0.7855000000000001,0.7525000000000001,0.010773636873092978,0.021547273746185956
0.01,0.7855000000000001,0.769,0.010787067259303432,0.021574134518606864
0.01,0.7855000000000001,0.7855000000000001,0.010800102532985299,0.021600205065970598
0.01,0.7855000000000001,0.802,0.01081275736589235,0.0216255147317847
0.01,0.7855000000000001,0.8185,0.010825045927207589,0.021650091854415177
0.01,0.7855000000000001,0.8350000000000001,0.010836981878399172,0.021673963756798344
0.01,0.7855000000000001,0.8515,0.010848578373560734,0.021697156747121468
0.01,0.7855000000000001,0.8680000000000001,0.010859848063977513,0.021719696127955025
0.01,0.7855000000000001,0.8845000000000001,0.010870803106012286,0.02174160621202457
0.01,0.7855000000000001,0.901,0.010881455171538797,0.021762910343077594
0.01,0.7855000000000001,0.9175000000000001,0.010891815460249756,0.02178363092049951
0.01,0.7855000000000001,0.934,0.010901894713342592,0.021803789426685184
0.01,0.7855000000000001,0.9505,0.010911703228198094,0.021823406456396188
0.01,0.7855000000000001,0.9670000000000001,0.01092125087365148,0.02184250174730296
0.01,0.7855000000000001,0.9835,0.010930547105645989,0.021861094211291978
0.01,0.7855000000000001,1.0,0.01093960098301669,0.02187920196603338
0.01,0.802,0.01,0.010610956357784423,0.021221912715568846
0.01,0.802,0.026500000000000003,0.010363625204544136,0.020727250409088273
0.01,0.802,0.043000000000000003,0.010225252878352709,0.020450505756705418
0.01,0.802,0.059500000000000004,0.010127341160115417,0.020254682320230834
0.01,0.802,0.076,0.010057230749142658,0.020114461498285316
0.01,0.802,0.0925,0.01000902848354958,0.02001805696709916
0.01,0.802,0.109,0.009978610495000581,0.019957220990001162
0.01,0.802,0.1255,0.009962635463465437,0.019925270926930874
0.01,0.802,0.14200000000000002,0.009958287812192865,0.01991657562438573
0.01,0.802,0.15850000000000003,0.009963188084359397,0.019926376168718795
0.01,0.802,0.17500000000000002,0.009975341594014222,0.019950683188028444
0.01,0.802,0.1915,0.009993093868699125,0.01998618773739825
0.01,0.802,0.20800000000000002,0.010015086851682713,0.020030173703365427
0.01,0.802,0.22450000000000003,0.010040216332422143,0.020080432664844286
0.01,0.802,0.24100000000000002,0.010067592145673014,0.020135184291346028
0.01,0.802,0.2575,0.010096502297213846,0.02019300459442769
0.01,0.802,0.274,0.010126381562873106,0.020252763125746212
0.01,0.802,0.29050000000000004,0.01015678461422094,0.02031356922844188
0.01,0.802,0.30700000000000005,0.010187363407424143,0.020374726814848285
0.01,0.802,0.3235,0.010217848403105839,0.020435696806211677
0.01,0.802,0.34,0.010248033120097711,0.020496066240195423
0.01,0.802,0.35650000000000004,0.010277761525235176,0.020555523050470353
0.01,0.802,0.373,0.010306917796454335,0.02061383559290867
0.01,0.802,0.3895,0.010335418048254844,0.020670836096509687
0.01,0.802,0.406,0.01036320366544343,0.02072640733088686
0.01,0.802,0.42250000000000004,0.010390235946388252,0.020780471892776504
0.01,0.802,0.43900000000000006,0.01041649180746211,0.02083298361492422
0.01,0.802,0.4555,0.010441960344360473,0.020883920688720945
0.01,0.802,0.47200000000000003,0.01046664008364371,0.02093328016728742
0.01,0.802,0.48850000000000005,0.01049053678922582,0.02098107357845164
0.01,0.802,0.505,0.01051366171450054,0.02102732342900108
0.01,0.802,0.5215000000000001,0.010536030212026098,0.021072060424052196
0.01,0.802,0.538,0.010557660629919027,0.021115321259838053
0.01,0.802,0.5545,0.010578573438065456,0.021157146876130913
0.01,0.802,0.5710000000000001,0.010598790538474128,0.021197581076948257
0.01,0.802,0.5875,0.01061833472312052,0.02123666944624104
0.01,0.802,0.6040000000000001,0.01063722924990636,0.02127445849981272
0.01,0.802,0.6205,0.010655497513131076,0.02131099502626215
0.01,0.802,0.637,0.010673162789554082,0.021346325579108164
0.01,0.802,0.6535000000000001,0.010690248044834587,0.021380496089669174
0.01,0.802,0.67,0.010706775788172708,0.021413551576345415
0.01,0.802,0.6865,0.010722767965306813,0.021445535930613626
0.01,0.802,0.7030000000000001,0.010738245882012262,0.021476491764024525
0.01,0.802,0.7195,0.010753230151755715,0.02150646030351143
0.01,0.802,0.736,0.01076774066241357,0.02153548132482714
0.01,0.802,0.7525000000000001,0.010781796557957024,0.021563593115914048
0.01,0.802,0.769,0.010795416231824053,0.021590832463648107
0.01,0.802,0.7855000000000001,0.010808617329325487,0.021617234658650973
0.01,0.802,0.802,0.010821416756977332,0.021642833513954664
0.01,0.802,0.8185,0.010833830697050987,0.021667661394101975
0.01,0.802,0.8350000000000001,0.010845874625999268,0.021691749251998536
0.01,0.802,0.8515,0.010857563335655683,0.021715126671311365
0.01,0.802,0.8680000000000001,0.010868910956364258,0.021737821912728515
0.01,0.802,0.8845000000000001,0.010879930981343615,0.02175986196268723
0.01,0.802,0.901,0.010890636291759364,0.021781272583518727
0.01,0.802,0.9175000000000001,0.01090103918207376,0.02180207836414752
0.01,0.802,0.934,0.01091115138534957,0.02182230277069914
0.01,0.802,0.9505,0.01092098409826094,0.02184196819652188
0.01,0.802,0.9670000000000001,0.010930548005606232,0.021861096011212465
0.01,0.802,0.9835,0.010939853304205443,0.021879706608410886
0.01,0.802,1.0,0.010948909726052542,0.021897819452105085
0.01,0.8185,0.01,0.010531833387334244,0.021063666774668487
0.01,0.8185,0.026500000000000003,0.01024347117700614,0.02048694235401228
0.01,0.8185,0.043000000000000003,0.010092192677183327,0.020184385354366653
0.01,0.8185,0.059500000000000004,0.009991480038462845,0.01998296007692569
0.01,0.8185,0.076,0.009924336716933121,0.019848673433866242
0.01,0.8185,0.0925,0.009882656952371385,0.01976531390474277
0.01,0.8185,0.109,0.009860863581819694,0.019721727163639388
0.01,0.8185,0.1255,0.009854599851686909,0.019709199703373818
0.01,0.8185,0.14200000000000002,0.009860344019695594,0.01972068803939119
0.01,0.8185,0.15850000000000003,0.00987524055628189,0.01975048111256378
0.01,0.8185,0.17500000000000002,0.009896989174201891,0.019793978348403782
0.01,0.8185,0.1915,0.009923753335071962,0.019847506670143924
0.01,0.8185,0.20800000000000002,0.0099540799552945,0.019908159910589
0.01,0.8185,0.22450000000000003,0.009986829197932923,0.019973658395865845
0.01,0.8185,0.24100000000000002,0.010021114312155207,0.020042228624310415
0.01,0.8185,0.2575,0.010056251147621754,0.020112502295243508
0.01,0.8185,0.274,0.010091716525806474,0.020183433051612947
0.01,0.8185,0.29050000000000004,0.010127114385544058,0.020254228771088116
0.01,0.8185,0.30700000000000005,0.010162148540482684,0.020324297080965368
0.01,0.8185,0.3235,0.010196600931043591,0.020393201862087183
0.01,0.8185,0.34,0.010230314366014476,0.020460628732028953
0.01,0.8185,0.35650000000000004,0.01026317888771716,0.02052635777543432
0.01,0.8185,0.373,0.010295121035923354,0.020590242071846707
0.01,0.8185,0.3895,0.010326095415642845,0.02065219083128569
0.01,0.8185,0.406,0.010356078087851878,0.020712156175703756
0.01,0.8185,0.42250000000000004,0.010385061397777715,0.02077012279555543
0.01,0.8185,0.43900000000000006,0.01041304993456179,0.02082609986912358
0.01,0.8185,0.4555,0.010440057379896131,0.020880114759792262
0.01,0.8185,0.47200000000000003,0.010466104054639477,0.020932208109278955
0.01,0.8185,0.48850000000000005,0.010491215013075934,0.02098243002615187
0.01,0.8185,0.505,0.010515418566741028,0.021030837133482055
0.01,0.8185,0.5215000000000001,0.010538745145134072,0.021077490290268144
0.01,0.8185,0.538,0.010561226420519364,0.021122452841038728
0.01,0.8185,0.5545,0.010582894639727945,0.02116578927945589
0.01,0.8185,0.5710000000000001,0.010603782118089315,0.02120756423617863
0.01,0.8185,0.5875,0.010623920860240669,0.021247841720481338
0.01,0.8185,0.6040000000000001,0.010643342280135026,0.021286684560270053
0.01,0.8185,0.6205,0.010662076998443903,0.021324153996887807
0.01,0.8185,0.637,0.01068015470021275,0.0213603094004255
0.01,0.8185,0.6535000000000001,0.010697604039261096,0.02139520807852219
0.01,0.8185,0.67,0.010714452578729577,0.021428905157459155
0.01,0.8185,0.6865,0.010730726759355965,0.02146145351871193
0.01,0.8185,0.7030000000000001,0.010746451888963133,0.021492903777926266
0.01,0.8185,0.7195,0.010761652147909957,0.021523304295819914
0.01,0.8185,0.736,0.010776350606484459,0.021552701212968917
0.01,0.8185,0.7525000000000001,0.010790569251035423,0.021581138502070846
0.01,0.8185,0.769,0.01080432901631959,0.02160865803263918
0.01,0.8185,0.7855000000000001,0.010817649822156284,0.02163529964431257
0.01,0.8185,0.802,0.010830550612838838,0.021661101225677677
0.01,0.8185,0.8185,0.010843049398162887,0.021686098796325774
0.01,0.8185,0.8350000000000001,0.010855163295144023,0.021710326590288046
0.01,0.8185,0.8515,0.010866908569743665,0.02173381713948733
0.01,0.8185,0.8680000000000001,0.010878300678130223,0.021756601356260445
0.01,0.8185,0.8845000000000001,0.010889354307038331,0.021778708614076662
0.01,0.8185,0.901,0.010900083412982384,0.021800166825964768
0.01,0.8185,0.9175000000000001,0.010910501260125431,0.021821002520250862
0.01,0.8185,0.934,0.0109206204566815,0.021841240913363
0.01,0.8185,0.9505,0.010930452989755951,0.021860905979511902
0.01,0.8185,0.9670000000000001,0.010940010258612949,0.021880020517225898
0.01,0.8185,0.9835,0.010949303106319511,0.021898606212639022
0.01,0.8185,1.0,0.010958341849827993,0.021916683699655985
0.01,0.8350000000000001,0.01,0.010445474082378822,0.020890948164757644
0.01,0.8350000000000001,0.026500000000000003,0.01010728208683777,0.02021456417367554
0.01,0.8350000000000001,0.043000000000000003,0.00994237918707052,0.01988475837414104
0.01,0.8350000000000001,0.059500000000000004,0.009840805324744703,0.019681610649489405
0.01,0.8350000000000001,0.076,0.009779559730214184,0.01955911946042837
0.01,0.8350000000000001,0.0925,0.009747535383767651,0.019495070767535302
0.01,0.8350000000000001,0.109,0.009737297482749286,0.01947459496549857
0.01,0.8350000000000001,0.1255,0.00974328562681605,0.0194865712536321
0.01,0.8350000000000001,0.14200000000000002,0.009761210529175144,0.019522421058350288
0.01,0.8350000000000001,0.15850000000000003,0.009787750220568195,0.01957550044113639
0.01,0.8350000000000001,0.17500000000000002,0.009820344037009076,0.019640688074018153
0.01,0.8350000000000001,0.1915,0.009857032599494314,0.019714065198988627
0.01,0.8350000000000001,0.20800000000000002,0.009896328711881862,0.019792657423763724
0.01,0.8350000000000001,0.22450000000000003,0.009937113158562608,0.019874226317125217
0.01,0.8350000000000001,0.24100000000000002,0.00997855144877548,0.01995710289755096
0.01,0.8350000000000001,0.2575,0.010020028047810993,0.020040056095621987
0.01,0.8350000000000001,0.274,0.010061094927972343,0.020122189855944685
0.01,0.8350000000000001,0.29050000000000004,0.010101431629809764,0.02020286325961953
0.01,0.8350000000000001,0.30700000000000005,0.010140814437287395,0.02028162887457479
0.01,0.8350000000000001,0.3235,0.01017909268799243,0.02035818537598486
0.01,0.8350000000000001,0.34,0.010216170623275693,0.020432341246551387
0.01,0.8350000000000001,0.35650000000000004,0.010251993514790515,0.02050398702958103
0.01,0.8350000000000001,0.373,0.010286537079017914,0.020573074158035828
0.01,0.8350000000000001,0.3895,0.010319799413229856,0.020639598826459712
0.01,0.8350000000000001,0.406,0.010351794861980797,0.020703589723961593
0.01,0.8350000000000001,0.42250000000000004,0.010382549360379937,0.020765098720759875
0.01,0.8350000000000001,0.43900000000000006,0.010412096906580924,0.020824193813161848
0.01,0.8350000000000001,0.4555,0.010440476897569911,0.020880953795139823
0.01,0.8350000000000001,0.47200000000000003,0.01046773212497276,0.02093546424994552
0.01,0.8350000000000001,0.48850000000000005,0.010493907275400246,0.020987814550800492
0.01,0.8350000000000001,0.505,0.010519047816413404,0.021038095632826808
0.01,0.8350000000000001,0.5215000000000001,0.010543199177061226,0.021086398354122453
0.01,0.8350000000000001,0.538,0.010566406153229095,0.02113281230645819
0.01,0.8350000000000001,0.5545,0.010588712484317782,0.021177424968635564
0.01,0.8350000000000001,0.5710000000000001,0.010610160560180094,0.021220321120360187
0.01,0.8350000000000001,0.5875,0.010630791226804069,0.021261582453608138
0.01,0.8350000000000001,0.6040000000000001,0.010650643666500906,0.021301287333001812
0.01,0.8350000000000001,0.6205,0.010669755333987571,0.021339510667975143
0.01,0.8350000000000001,0.637,0.010688161934055133,0.021376323868110267
0.01,0.8350000000000001,0.6535000000000001,0.010705897429850546,0.021411794859701093
0.01,0.8350000000000001,0.67,0.010722994073319095,0.02144598814663819
0.01,0.8350000000000001,0.6865,0.010739482451383977,0.021478964902767954
0.01,0.8350000000000001,0.7030000000000001,0.010755391542928703,0.021510783085857407
0.01,0.8350000000000001,0.7195,0.010770748782828878,0.021541497565657756
0.01,0.8350000000000001,0.736,0.010785580130216004,0.021571160260432008
0.01,0.8350000000000001,0.7525000000000001,0.010799910138821346,0.021599820277642692
0.01,0.8350000000000001,0.769,0.01081376202784287,0.02162752405568574
0.01,0.8350000000000001,0.7855000000000001,0.01082715775213331,0.02165431550426662
0.01,0.8350000000000001,0.802,0.010840118070915382,0.021680236141830764
0.01,0.8350000000000001,0.8185,0.010852662614366518,0.021705325228733037
0.01,0.8350000000000001,0.8350000000000001,0.01086480994774283,0.02172961989548566
0.01,0.8350000000000001,0.8515,0.010876577632720808,0.021753155265441616
0.01,0.8350000000000001,0.8680000000000001,0.010887982285847225,0.02177596457169445
0.01,0.8350000000000001,0.8845000000000001,0.010899039634031693,0.021798079268063385
0.01,0.8350000000000001,0.901,0.0109097645670418,0.0218195291340836
0.01,0.8350000000000001,0.9175000000000001,0.010920171187095613,0.021840342374191225
0.01,0.8350000000000001,0.934,0.010930272855582976,0.02186054571116595
0.01,0.8350000000000001,0.9505,0.010940082237039362,0.021880164474078725
0.01,0.8350000000000001,0.9670000000000001,0.010949611340462184,0.02189922268092437
0.01,0.8350000000000001,0.9835,0.010958871558118068,0.021917743116236135
0.01,0.8350000000000001,1.0,0.010967873701932406,0.02193574740386481
0.01,0.8515,0.01,0.010352782975004703,0.020705565950009407
0.01,0.8515,0.026500000000000003,0.009954244442828395,0.01990848888565679
0.01,0.8515,0.043000000000000003,0.009775325917676618,0.019550651835353237
0.01,0.8515,0.059500000000000004,0.009675709665855852,0.019351419331711705
0.01,0.8515,0.076,0.009624134605523046,0.019248269211046092
0.01,0.8515,0.0925,0.009605506318156617,0.019211012636313234
0.01,0.8515,0.109,0.009610099715422694,0.019220199430845387
0.01,0.8515,0.1255,0.00963100337765827,0.01926200675531654
0.01,0.8515,0.14200000000000002,0.009663159631569695,0.01932631926313939
0.01,0.8515,0.15850000000000003,0.009702847161388398,0.019405694322776796
0.01,0.8515,0.17500000000000002,0.009747336117013049,0.019494672234026098
0.01,0.8515,0.1915,0.009794636667861347,0.019589273335722693
0.01,0.8515,0.20800000000000002,0.009843310470153795,0.01968662094030759
0.01,0.8515,0.22450000000000003,0.009892328671838467,0.019784657343676935
0.01,0.8515,0.24100000000000002,0.009940965282363644,0.01988193056472729
0.01,0.8515,0.2575,0.00998871745320725,0.0199774349064145
0.01,0.8515,0.274,0.010035246113392222,0.020070492226784444
0.01,0.8515,0.29050000000000004,0.010080331896893406,0.020160663793786813
0.01,0.8515,0.30700000000000005,0.010123842494215466,0.020247684988430933
0.01,0.8515,0.3235,0.01016570850478186,0.02033141700956372
0.01,0.8515,0.34,0.010205905598791877,0.020411811197583753
0.01,0.8515,0.35650000000000004,0.010244441355722592,0.020488882711445184
0.01,0.8515,0.373,0.010281345567236106,0.020562691134472212
0.01,0.8515,0.3895,0.010316663106646626,0.02063332621329325
0.01,0.8515,0.406,0.010350448700341245,0.02070089740068249
0.01,0.8515,0.42250000000000004,0.010382763109392379,0.020765526218784757
0.01,0.8515,0.43900000000000006,0.010413670357043098,0.020827340714086196
0.01,0.8515,0.4555,0.010443235732032402,0.020886471464064804
0.01,0.8515,0.47200000000000003,0.010471524367271058,0.020943048734542117
0.01,0.8515,0.48850000000000005,0.010498600244811859,0.020997200489623717
0.01,0.8515,0.505,0.01052452551609559,0.02104905103219118
0.01,0.8515,0.5215000000000001,0.010549360054818512,0.021098720109637023
0.01,0.8515,0.538,0.010573161180622102,0.021146322361244203
0.01,0.8515,0.5545,0.010595983507580651,0.021191967015161302
0.01,0.8515,0.5710000000000001,0.010617878883017103,0.021235757766034206
0.01,0.8515,0.5875,0.010638896390952347,0.021277792781904694
0.01,0.8515,0.6040000000000001,0.010659082401060598,0.021318164802121196
0.01,0.8515,0.6205,0.010678480648796757,0.021356961297593513
0.01,0.8515,0.637,0.010697132336195613,0.021394264672391226
0.01,0.8515,0.6535000000000001,0.010715076245433941,0.021430152490867882
0.01,0.8515,0.67,0.010732348859492945,0.02146469771898589
0.01,0.8515,0.6865,0.010748984485701303,0.021497968971402607
0.01,0.8515,0.7030000000000001,0.010765015379158674,0.02153003075831735
0.01,0.8515,0.7195,0.010780471863952729,0.021560943727905457
0.01,0.8515,0.736,0.010795382450664451,0.021590764901328902
0.01,0.8515,0.7525000000000001,0.010809773949241952,0.021619547898483905
0.01,0.8515,0.769,0.010823671576604745,0.02164734315320949
0.01,0.8515,0.7855000000000001,0.01083709905866592,0.02167419811733184
0.01,0.8515,0.802,0.010850078726625077,0.021700157453250154
0.01,0.8515,0.8185,0.010862631607543999,0.021725263215087998
0.01,0.8515,0.8350000000000001,0.010874777509321757,0.021749555018643514
0.01,0.8515,0.8515,0.01088653510022155,0.0217730702004431
0.01,0.8515,0.8680000000000001,0.010897921983184641,0.021795843966369282
0.01,0.8515,0.8845000000000001,0.010908954765188581,0.021817909530377162
0.01,0.8515,0.901,0.010919649121907285,0.02183929824381457
0.01,0.8515,0.9175000000000001,0.010930019857936308,0.021860039715872616
0.01,0.8515,0.934,0.010940080962881004,0.021880161925762007
0.01,0.8515,0.9505,0.01094984566354714,0.02189969132709428
0.01,0.8515,0.9670000000000001,0.010959326472512567,0.021918652945025135
0.01,0.8515,0.9835,0.010968535233313861,0.021937070466627722
0.01,0.8515,1.0,0.010977483162489268,0.021954966324978537
0.01,0.8680000000000001,0.01,0.010255812109449963,0.020511624218899925
0.01,0.8680000000000001,0.026500000000000003,0.009784835125270655,0.01956967025054131
0.01,0.8680000000000001,0.043000000000000003,0.009592000472710823,0.019184000945421647
0.01,0.8680000000000001,0.059500000000000004,0.00949814412491977,0.01899628824983954
0.01,0.8680000000000001,0.076,0.009460805042074916,0.01892161008414983
0.01,0.8680000000000001,0.0925,0.009459748487833174,0.018919496975666347
0.01,0.8680000000000001,0.109,0.009482559496565698,0.018965118993131396
0.01,0.8680000000000001,0.1255,0.009520920357126806,0.019041840714253612
0.01,0.8680000000000001,0.14200000000000002,0.009569096220639705,0.01913819244127941
0.01,0.8680000000000001,0.15850000000000003,0.009623105508722514,0.019246211017445027
0.01,0.8680000000000001,0.17500000000000002,0.009680189651811052,0.019360379303622104
0.01,0.8680000000000001,0.1915,0.009738451092586153,0.019476902185172305
0.01,0.8680000000000001,0.20800000000000002,0.009796599876106867,0.019593199752213734
0.01,0.8680000000000001,0.22450000000000003,0.00985377466986435,0.0197075493397287
0.01,0.8680000000000001,0.24100000000000002,0.009909415975509784,0.019818831951019567
0.01,0.8680000000000001,0.2575,0.00996317621883639,0.01992635243767278
0.01,0.8680000000000001,0.274,0.010014855958503164,0.020029711917006327
0.01,0.8680000000000001,0.29050000000000004,0.010064358609674114,0.020128717219348228
0.01,0.8680000000000001,0.30700000000000005,0.010111658303259531,0.020223316606519062
0.01,0.8680000000000001,0.3235,0.010156777075041312,0.020313554150082624
0.01,0.8680000000000001,0.34,0.010199768691218683,0.020399537382437365
0.01,0.8680000000000001,0.35650000000000004,0.01024070720220096,0.02048141440440192
0.01,0.8680000000000001,0.373,0.01027967887053974,0.02055935774107948
0.01,0.8680000000000001,0.3895,0.01031677651014452,0.02063355302028904
0.01,0.8680000000000001,0.406,0.010352095550275277,0.020704191100550554
0.01,0.8680000000000001,0.42250000000000004,0.010385731333818276,0.02077146266763655
0.01,0.8680000000000001,0.43900000000000006,0.010417777298333387,0.020835554596666774
0.01,0.8680000000000001,0.4555,0.010448323787434806,0.02089664757486961
0.01,0.8680000000000001,0.47200000000000003,0.010477457310882664,0.02095491462176533
0.01,0.8680000000000001,0.48850000000000005,0.010505260122405926,0.021010520244811853
0.01,0.8680000000000001,0.505,0.010531810020786918,0.021063620041573836
0.01,0.8680000000000001,0.5215000000000001,0.010557180306012822,0.021114360612025644
0.01,0.8680000000000001,0.538,0.01058143984124687,0.02116287968249374
0.01,0.8680000000000001,0.5545,0.010604653185228678,0.021209306370457356
0.01,0.8680000000000001,0.5710000000000001,0.010626880769624496,0.021253761539248992
0.01,0.8680000000000001,0.5875,0.01064817910314406,0.02129635820628812
0.01,0.8680000000000001,0.6040000000000001,0.010668600989566252,0.021337201979132504
0.01,0.8680000000000001,0.6205,0.010688195750579112,0.021376391501158224
0.01,0.8680000000000001,0.637,0.01070700944720271,0.02141401889440542
0.01,0.8680000000000001,0.6535000000000001,0.010725085095592954,0.02145017019118591
0.01,0.8680000000000001,0.67,0.010742462874448949,0.021484925748897897
0.01,0.8680000000000001,0.6865,0.010759180322350478,0.021518360644700956
0.01,0.8680000000000001,0.7030000000000001,0.010775272524082613,0.021550545048165226
0.01,0.8680000000000001,0.7195,0.010790772285539957,0.021581544571079914
0.01,0.8680000000000001,0.736,0.0108057102972111,0.0216114205944222
0.01,0.8680000000000001,0.7525000000000001,0.010820115286439535,0.02164023057287907
0.01,0.8680000000000001,0.769,0.010834014158894274,0.021668028317788548
0.01,0.8680000000000001,0.7855000000000001,0.01084743212972352,0.02169486425944704
0.01,0.8680000000000001,0.802,0.010860392844989722,0.021720785689979445
0.01,0.8680000000000001,0.8185,0.010872918493956578,0.021745836987913155
0.01,0.8680000000000001,0.8350000000000001,0.010885029912862035,0.02177005982572407
0.01,0.8680000000000001,0.8515,0.0108967466807573,0.0217934933615146
0.01,0.8680000000000001,0.8680000000000001,0.010908087207981611,0.021816174415963223
0.01,0.8680000000000001,0.8845000000000001,0.010919068817851443,0.021838137635702887
0.01,0.8680000000000001,0.901,0.010929707822060195,0.02185941564412039
0.01,0.8680000000000001,0.9175000000000001,0.010940019590295154,0.021880039180590307
0.01,0.8680000000000001,0.934,0.0109500186145299,0.0219000372290598
0.01,0.8680000000000001,0.9505,0.010959718568405294,0.021919437136810587
0.01,0.8680000000000001,0.9670000000000001,0.010969132362103418,0.021938264724206836
0.01,0.8680000000000001,0.9835,0.010978272193078436,0.021956544386156872
0.01,0.8680000000000001,1.0,0.010987149592979575,0.02197429918595915
0.01,0.8845000000000001,0.01,0.010158250370621173,0.020316500741242347
0.01,0.8845000000000001,0.026500000000000003,0.009601860940714205,0.01920372188142841
0.01,0.8845000000000001,0.043000000000000003,0.009395838074506111,0.018791676149012223
0.01,0.8845000000000001,0.059500000000000004,0.009312431649664712,0.018624863299329424
0.01,0.8845000000000001,0.076,0.009294383308528721,0.018588766617057443
0.01,0.8845000000000001,0.0925,0.009315104129811616,0.01863020825962323
0.01,0.8845000000000001,0.109,0.00935921738211433,0.01871843476422866
0.01,0.8845000000000001,0.1255,0.009417091216590238,0.018834182433180476
0.01,0.8845000000000001,0.14200000000000002,0.009482518416034537,0.018965036832069074
0.01,0.8845000000000001,0.15850000000000003,0.009551469044033362,0.019102938088066724
0.01,0.8845000000000001,0.17500000000000002,0.009621336488508813,0.019242672977017625
0.01,0.8845000000000001,0.1915,0.009690456307432508,0.019380912614865017
0.01,0.8845000000000001,0.20800000000000002,0.00975779115428656,0.01951558230857312
0.01,0.8845000000000001,0.22450000000000003,0.0098227216707805,0.019645443341561
0.01,0.8845000000000001,0.24100000000000002,0.00988490660141457,0.01976981320282914
0.01,0.8845000000000001,0.2575,0.009944188724471462,0.019888377448942923
0.01,0.8845000000000001,0.274,0.010000531368857852,0.020001062737715705
0.01,0.8845000000000001,0.29050000000000004,0.01005397548223127,0.02010795096446254
0.01,0.8845000000000001,0.30700000000000005,0.01010461058234226,0.02020922116468452
0.01,0.8845000000000001,0.3235,0.010152555130293485,0.02030511026058697
0.01,0.8845000000000001,0.34,0.010197943322803877,0.020395886645607753
0.01,0.8845000000000001,0.35650000000000004,0.010240916270940238,0.020481832541880476
0.01,0.8845000000000001,0.373,0.010281616182334318,0.020563232364668636
0.01,0.8845000000000001,0.3895,0.010320182601512176,0.02064036520302435
0.01,0.8845000000000001,0.406,0.010356750059234974,0.02071350011846995
0.01,0.8845000000000001,0.42250000000000004,0.010391446683619628,0.020782893367239257
0.01,0.8845000000000001,0.43900000000000006,0.010424393463981073,0.020848786927962146
0.01,0.8845000000000001,0.4555,0.010455703953383353,0.020911407906766707
0.01,0.8845000000000001,0.47200000000000003,0.010485484261688322,0.020970968523376644
0.01,0.8845000000000001,0.48850000000000005,0.0105138332362996,0.0210276664725992
0.01,0.8845000000000001,0.505,0.010540842759741596,0.021081685519483192
0.01,0.8845000000000001,0.5215000000000001,0.01056659811520166,0.02113319623040332
0.01,0.8845000000000001,0.538,0.01059117838674852,0.02118235677349704
0.01,0.8845000000000001,0.5545,0.010614656871696498,0.021229313743392996
0.01,0.8845000000000001,0.5710000000000001,0.010637101490291515,0.02127420298058303
0.01,0.8845000000000001,0.5875,0.010658575183052422,0.021317150366104844
0.01,0.8845000000000001,0.6040000000000001,0.010679136289869877,0.021358272579739754
0.01,0.8845000000000001,0.6205,0.010698838907507089,0.021397677815014178
0.01,0.8845000000000001,0.637,0.010717733223864963,0.021435466447729926
0.01,0.8845000000000001,0.6535000000000001,0.010735865828558297,0.021471731657116595
0.01,0.8845000000000001,0.67,0.010753280000162034,0.021506560000324068
0.01,0.8845000000000001,0.6865,0.010770015970943934,0.021540031941887867
0.01,0.8845000000000001,0.7030000000000001,0.010786111170231203,0.021572222340462407
0.01,0.8845000000000001,0.7195,0.010801600447721119,0.021603200895442237
0.01,0.8845000000000001,0.736,0.010816516278095618,0.021633032556191235
0.01,0.8845000000000001,0.7525000000000001,0.01083088894839161,0.02166177789678322
0.01,0.8845000000000001,0.769,0.010844746729410515,0.02168949345882103
0.01,0.8845000000000001,0.7855000000000001,0.010858116032541956,0.021716232065083912
0.01,0.8845000000000001,0.802,0.010871021553204543,0.021742043106409085
0.01,0.8845000000000001,0.8185,0.010883486402062405,0.02176697280412481
0.01,0.8845000000000001,0.8350000000000001,0.0108955322250974,0.0217910644501948
0.01,0.8845000000000001,0.8515,0.010907179313521316,0.021814358627042632
0.01,0.8845000000000001,0.8680000000000001,0.010918446704413613,0.021836893408827225
0.01,0.8845000000000001,0.8845000000000001,0.010929352272971255,0.02185870454594251
0.01,0.8845000000000001,0.901,0.010939912817050335,0.02187982563410067
0.01,0.8845000000000001,0.9175000000000001,0.010950144134741052,0.021900288269482104
0.01,0.8845000000000001,0.934,0.010960061095584336,0.02192012219116867
0.01,0.8845000000000001,0.9505,0.010969677706019337,0.021939355412038675
0.01,0.8845000000000001,0.9670000000000001,0.01097900716951595,0.0219580143390319
0.01,0.8845000000000001,0.9835,0.010988061941945917,0.021976123883891835
0.01,0.8845000000000001,1.0,0.010996853782542159,0.021993707565084317
0.01,0.901,0.01,0.01006587347750991,0.02013174695501982
0.01,0.901,0.026500000000000003,0.00941185824936897,0.01882371649873794
0.01,0.901,0.043000000000000003,0.00919401982385812,0.01838803964771624
0.01,0.901,0.059500000000000004,0.009126152656883955,0.01825230531376791
0.01,0.901,0.076,0.009132238836725287,0.018264477673450574
0.01,0.901,0.0925,0.009178266604963365,0.01835653320992673
0.01,0.901,0.109,0.009245862319527719,0.018491724639055438
0.01,0.901,0.1255,0.009324353365635042,0.018648706731270084
0.01,0.901,0.14200000000000002,0.00940737116309535,0.0188147423261907
0.01,0.901,0.15850000000000003,0.009491098534640257,0.018982197069280515
0.01,0.901,0.17500000000000002,0.009573275536546908,0.019146551073093817
0.01,0.901,0.1915,0.009652606921062084,0.019305213842124167
0.01,0.901,0.20800000000000002,0.009728398935613364,0.019456797871226728
0.01,0.901,0.22450000000000003,0.009800332779401996,0.019600665558803992
0.01,0.901,0.24100000000000002,0.009868321659931133,0.019736643319862267
0.01,0.901,0.2575,0.009932419916842182,0.019864839833684363
0.01,0.901,0.274,0.009992765007693341,0.019985530015386683
0.01,0.901,0.29050000000000004,0.010049540449675567,0.020099080899351134
0.01,0.901,0.30700000000000005,0.010102952233110078,0.020205904466220156
0.01,0.901,0.3235,0.010153213948008227,0.020306427896016454
0.01,0.901,0.34,0.010200537568327237,0.020401075136654474
0.01,0.901,0.35650000000000004,0.010245127915798987,0.020490255831597973
0.01,0.901,0.373,0.010287179513784368,0.020574359027568736
0.01,0.901,0.3895,0.010326874985902696,0.020653749971805392
0.01,0.901,0.406,0.010364384443000986,0.02072876888600197
0.01,0.901,0.42250000000000004,0.010399865491573571,0.020799730983147142
0.01,0.901,0.43900000000000006,0.010433463621417149,0.020866927242834298
0.01,0.901,0.4555,0.010465312813205431,0.020930625626410862
0.01,0.901,0.47200000000000003,0.010495536261728756,0.020991072523457513
0.01,0.901,0.48850000000000005,0.010524247147219046,0.021048494294438093
0.01,0.901,0.505,0.010551549411873778,0.021103098823747557
0.01,0.901,0.5215000000000001,0.010577538514970028,0.021155077029940055
0.01,0.901,0.538,0.010602302150895818,0.021204604301791635
0.01,0.901,0.5545,0.0106259209216679,0.0212518418433358
0.01,0.901,0.5710000000000001,0.010648468960166881,0.021296937920333762
0.01,0.901,0.5875,0.010670014503399914,0.021340029006799828
0.01,0.901,0.6040000000000001,0.010690620416950812,0.021381240833901624
0.01,0.901,0.6205,0.01071034467292952,0.02142068934585904
0.01,0.901,0.637,0.010729240784398497,0.021458481568796994
0.01,0.901,0.6535000000000001,0.010747358199445094,0.02149471639889019
0.01,0.901,0.67,0.010764742658261071,0.021529485316522143
0.01,0.901,0.6865,0.01078143651644732,0.02156287303289464
0.01,0.901,0.7030000000000001,0.010797479037610433,0.021594958075220865
0.01,0.901,0.7195,0.010812906658216333,0.021625813316432665
0.01,0.901,0.736,0.010827753227320743,0.021655506454641486
0.01,0.901,0.7525000000000001,0.010842050223666957,0.021684100447333914
0.01,0.901,0.769,0.01085582695238687,0.02171165390477374
0.01,0.901,0.7855000000000001,0.010869110723366635,0.02173822144673327
0.01,0.901,0.802,0.010881927013040039,0.021763854026080078
0.01,0.901,0.8185,0.01089429961132744,0.02178859922265488
0.01,0.901,0.8350000000000001,0.01090625075519609,0.02181250151039218
0.01,0.901,0.8515,0.010917801250120525,0.02183560250024105
0.01,0.901,0.8680000000000001,0.01092897058070997,0.02185794116141994
0.01,0.901,0.8845000000000001,0.010939777011522033,0.021879554023044066
0.01,0.901,0.901,0.01095023767903273,0.02190047535806546
0.01,0.901,0.9175000000000001,0.010960368675644443,0.021920737351288886
0.01,0.901,0.934,0.01097018512646049,0.02194037025292098
0.01,0.901,0.9505,0.010979701259550122,0.021959402519100245
0.01,0.901,0.9670000000000001,0.010988930470315008,0.021977860940630017
0.01,0.901,0.9835,0.010997885380496801,0.021995770760993603
0.01,0.901,1.0,0.011006577892342719,0.022013155784685438
0.01,0.9175000000000001,0.01,0.009986699826928036,0.019973399653856073
0.01,0.9175000000000001,0.026500000000000003,0.009226586944165994,0.018453173888331988
0.01,0.9175000000000001,0.043000000000000003,0.008998712978729397,0.017997425957458794
0.01,0.9175000000000001,0.059500000000000004,0.008950794411314883,0.017901588822629766
0.01,0.9175000000000001,0.076,0.008984462780161191,0.017968925560322382
0.01,0.9175000000000001,0.0925,0.009057653736602393,0.018115307473204785
0.01,0.9175000000000001,0.109,0.009149271830080975,0.01829854366016195
0.01,0.9175000000000001,0.1255,0.009248033421065824,0.018496066842131648
0.01,0.9175000000000001,0.14200000000000002,0.009347771002903963,0.018695542005807926
0.01,0.9175000000000001,0.15850000000000003,0.00944513654837107,0.01889027309674214
0.01,0.9175000000000001,0.17500000000000002,0.009538382556310562,0.019076765112621123
0.01,0.9175000000000001,0.1915,0.009626683327824402,0.019253366655648804
0.01,0.9175000000000001,0.20800000000000002,0.009709745416091237,0.019419490832182473
0.01,0.9175000000000001,0.22450000000000003,0.009787579542785252,0.019575159085570504
0.01,0.9175000000000001,0.24100000000000002,0.009860365354644738,0.019720730709289477
0.01,0.9175000000000001,0.2575,0.009928370720899976,0.01985674144179995
0.01,0.9175000000000001,0.274,0.009991903592975386,0.01998380718595077
0.01,0.9175000000000001,0.29050000000000004,0.010051283536881773,0.020102567073763546
0.01,0.9175000000000001,0.30700000000000005,0.010106825246340233,0.020213650492680466
0.01,0.9175000000000001,0.3235,0.010158829380948364,0.02031765876189673
0.01,0.9175000000000001,0.34,0.010207577879305589,0.020415155758611178
0.01,0.9175000000000001,0.35650000000000004,0.010253331987252859,0.020506663974505717
0.01,0.9175000000000001,0.373,0.0102963319079585,0.020592663815917
0.01,0.9175000000000001,0.3895,0.010336797392783018,0.020673594785566036
0.01,0.9175000000000001,0.406,0.010374928848964394,0.020749857697928788
0.01,0.9175000000000001,0.42250000000000004,0.010410908701513328,0.020821817403026657
0.01,0.9175000000000001,0.43900000000000006,0.010444902848753894,0.02088980569750779
0.01,0.9175000000000001,0.4555,0.010477062115283384,0.020954124230566768
0.01,0.9175000000000001,0.47200000000000003,0.010507523646936363,0.021015047293872727
0.01,0.9175000000000001,0.48850000000000005,0.010536412217946831,0.021072824435893662
0.01,0.9175000000000001,0.505,0.01056384143662483,0.02112768287324966
0.01,0.9175000000000001,0.5215000000000001,0.010589914845476271,0.021179829690952542
0.01,0.9175000000000001,0.538,0.010614726917798235,0.02122945383559647
0.01,0.9175000000000001,0.5545,0.010638363955897115,0.02127672791179423
0.01,0.9175000000000001,0.5710000000000001,0.010660904897970998,0.021321809795941997
0.01,0.9175000000000001,0.5875,0.010682422041294255,0.02136484408258851
0.01,0.9175000000000001,0.6040000000000001,0.010702981689557491,0.021405963379114983
0.01,0.9175000000000001,0.6205,0.010722644731880577,0.021445289463761154
0.01,0.9175000000000001,0.637,0.010741467160619179,0.021482934321238358
0.01,0.9175000000000001,0.6535000000000001,0.01075950053450439,0.02151900106900878
0.01,0.9175000000000001,0.67,0.010776792393062515,0.02155358478612503
0.01,0.9175000000000001,0.6865,0.010793386627704224,0.021586773255408448
0.01,0.9175000000000001,0.7030000000000001,0.010809323814251072,0.021618647628502144
0.01,0.9175000000000001,0.7195,0.010824641511249861,0.021649283022499723
0.01,0.9175000000000001,0.736,0.010839374527807278,0.021678749055614555
0.01,0.9175000000000001,0.7525000000000001,0.010853555164386137,0.021707110328772275
0.01,0.9175000000000001,0.769,0.01086721342951627,0.02173442685903254
0.01,0.9175000000000001,0.7855000000000001,0.010880377235073506,0.021760754470147012
0.01,0.9175000000000001,0.802,0.010893072572478082,0.021786145144956165
0.01,0.9175000000000001,0.8185,0.010905323671850427,0.021810647343700855
0.01,0.9175000000000001,0.8350000000000001,0.010917153145972561,0.021834306291945122
0.01,0.9175000000000001,0.8515,0.010928582120678747,0.021857164241357495
0.01,0.9175000000000001,0.8680000000000001,0.010939630353075866,0.021879260706151732
0.01,0.9175000000000001,0.8845000000000001,0.010950316338894076,0.02190063267778815
0.01,0.9175000000000001,0.901,0.010960657410069944,0.021921314820139887
0.01,0.9175000000000001,0.9175000000000001,0.010970669823562392,0.021941339647124785
0.01,0.9175000000000001,0.934,0.010980368842297854,0.021960737684595708
0.01,0.9175000000000001,0.9505,0.010989768809019832,0.021979537618039665
0.01,0.9175000000000001,0.9670000000000001,0.010998883213750848,0.021997766427501696
0.01,0.9175000000000001,0.9835,0.01100772475547822,0.02201544951095644
0.01,0.9175000000000001,1.0,0.011016305398652709,0.022032610797305417
0.01,0.934,0.01,0.00993046698804224,0.01986093397608448
0.01,0.934,0.026500000000000003,0.00906384628447302,0.01812769256894604
0.01,0.934,0.043000000000000003,0.008827549573923506,0.017655099147847013
0.01,0.934,0.059500000000000004,0.008801612160556157,0.017603224321112314
0.01,0.934,0.076,0.008863358267039424,0.017726716534078847
0.01,0.934,0.0925,0.008962779378000439,0.017925558756000878
0.01,0.934,0.109,0.009076613645934544,0.01815322729186909
0.01,0.934,0.1255,0.009193441850146478,0.018386883700292955
0.01,0.934,0.14200000000000002,0.00930760710916472,0.01861521421832944
0.01,0.934,0.15850000000000003,0.00941640541407303,0.01883281082814606
0.01,0.934,0.17500000000000002,0.009518687813454852,0.019037375626909703
0.01,0.934,0.1915,0.009614131299071193,0.019228262598142386
0.01,0.934,0.20800000000000002,0.009702846467821984,0.019405692935643967
0.01,0.934,0.22450000000000003,0.009785162237945219,0.019570324475890438
0.01,0.934,0.24100000000000002,0.009861506612234233,0.019723013224468466
0.01,0.934,0.2575,0.00993234075805287,0.01986468151610574
0.01,0.934,0.274,0.009998123167916392,0.019996246335832784
0.01,0.934,0.29050000000000004,0.010059290957950986,0.020118581915901972
0.01,0.934,0.30700000000000005,0.010116250957854088,0.020232501915708176
0.01,0.934,0.3235,0.01016937636225418,0.02033875272450836
0.01,0.934,0.34,0.010219006483602713,0.020438012967205425
0.01,0.934,0.35650000000000004,0.010265448168684903,0.020530896337369806
0.01,0.934,0.373,0.010308978038699216,0.02061795607739843
0.01,0.934,0.3895,0.010349845065899728,0.020699690131799457
0.01,0.934,0.406,0.010388273209770182,0.020776546419540364
0.01,0.934,0.42250000000000004,0.010424463960705123,0.020848927921410246
0.01,0.934,0.43900000000000006,0.01045859871354532,0.02091719742709064
0.01,0.934,0.4555,0.010490840937181454,0.020981681874362907
0.01,0.934,0.47200000000000003,0.010521338131668006,0.021042676263336012
0.01,0.934,0.48850000000000005,0.010550223578591169,0.021100447157182338
0.01,0.934,0.505,0.010577617897741557,0.021155235795483115
0.01,0.934,0.5215000000000001,0.010603630426609487,0.021207260853218973
0.01,0.934,0.538,0.010628360440316214,0.021256720880632428
0.01,0.934,0.5545,0.01065189822916686,0.02130379645833372
0.01,0.934,0.5710000000000001,0.010674326050137281,0.021348652100274562
0.01,0.934,0.5875,0.010695718967157552,0.021391437934315104
0.01,0.934,0.6040000000000001,0.010716145593619084,0.02143229118723817
0.01,0.934,0.6205,0.01073566874906494,0.02147133749812988
0.01,0.934,0.637,0.010754346040577865,0.02150869208115573
0.01,0.934,0.6535000000000001,0.010772230378175414,0.021544460756350827
0.01,0.934,0.67,0.01078937043231308,0.02157874086462616
0.01,0.934,0.6865,0.01080581104059433,0.02161162208118866
0.01,0.934,0.7030000000000001,0.010821593569850354,0.021643187139700707
0.01,0.934,0.7195,0.010836756239027478,0.021673512478054956
0.01,0.934,0.736,0.010851334407536342,0.021702668815072684
0.01,0.934,0.7525000000000001,0.01086536083318001,0.02173072166636002
0.01,0.934,0.769,0.010878865903248179,0.021757731806496358
0.01,0.934,0.7855000000000001,0.0108918778418651,0.0217837556837302
0.01,0.934,0.802,0.010904422896349863,0.021808845792699726
0.01,0.934,0.8185,0.010916525504965843,0.021833051009931687
0.01,0.934,0.8350000000000001,0.010928208448124968,0.021856416896249935
0.01,0.934,0.8515,0.010939492984921943,0.021878985969843886
0.01,0.934,0.8680000000000001,0.010950398976572517,0.021900797953145035
0.01,0.934,0.8845000000000001,0.010960944998179114,0.02192188999635823
0.01,0.934,0.901,0.010971148440093248,0.021942296880186497
0.01,0.934,0.9175000000000001,0.010981025599938932,0.021962051199877864
0.01,0.934,0.934,0.010990591766296414,0.02198118353259283
0.01,0.934,0.9505,0.010999861294878318,0.021999722589756635
0.01,0.934,0.9670000000000001,0.01100884767801014,0.02201769535602028
0.01,0.934,0.9835,0.011017563608010513,0.022035127216021026
0.01,0.934,1.0,0.011026021035159884,0.022052042070319768
0.01,0.9505,0.01,0.009907080152589775,0.01981416030517955
0.01,0.9505,0.026500000000000003,0.008946263204464396,0.017892526408928792
0.01,0.9505,0.043000000000000003,0.008702226092741674,0.017404452185483348
0.01,0.9505,0.059500000000000004,0.008696037203732515,0.01739207440746503
0.01,0.9505,0.076,0.008781949417927192,0.017563898835854384
0.01,0.9505,0.0925,0.008903026338431689,0.017806052676863377
0.01,0.9505,0.109,0.009034511657319735,0.01806902331463947
0.01,0.9505,0.1255,0.00916519521502975,0.0183303904300595
0.01,0.9505,0.14200000000000002,0.009290064266152986,0.01858012853230597
0.01,0.9505,0.15850000000000003,0.00940707830030054,0.01881415660060108
0.01,0.9505,0.17500000000000002,0.009515652693936708,0.019031305387873416
0.01,0.9505,0.1915,0.009615912229230453,0.019231824458460906
0.01,0.9505,0.20800000000000002,0.009708312569890607,0.019416625139781214
0.01,0.9505,0.22450000000000003,0.009793445373239519,0.019586890746479037
0.01,0.9505,0.24100000000000002,0.00987193799604644,0.01974387599209288
0.01,0.9505,0.2575,0.00994440301000448,0.01988880602000896
0.01,0.9505,0.274,0.010011414281072693,0.020022828562145385
0.01,0.9505,0.29050000000000004,0.010073497249319444,0.02014699449863889
0.01,0.9505,0.30700000000000005,0.010131126715526387,0.020262253431052774
0.01,0.9505,0.3235,0.010184728469109318,0.020369456938218636
0.01,0.9505,0.34,0.010234682742010644,0.020469365484021288
0.01,0.9505,0.35650000000000004,0.010281328386067554,0.020562656772135108
0.01,0.9505,0.373,0.010324967181829557,0.020649934363659115
0.01,0.9505,0.3895,0.01036586797340322,0.02073173594680644
0.01,0.9505,0.406,0.010404270484893079,0.020808540969786158
0.01,0.9505,0.42250000000000004,0.010440388763293068,0.020880777526586135
0.01,0.9505,0.43900000000000006,0.010474414241100726,0.02094882848220145
0.01,0.9505,0.4555,0.01050651843699438,0.02101303687398876
0.01,0.9505,0.47200000000000003,0.010536855324560545,0.02107371064912109
0.01,0.9505,0.48850000000000005,0.01056556340341959,0.02113112680683918
0.01,0.9505,0.505,0.010592767507157493,0.021185535014314985
0.01,0.9505,0.5215000000000001,0.01061858038066204,0.02123716076132408
0.01,0.9505,0.538,0.010643104056521671,0.021286208113043343
0.01,0.9505,0.5545,0.01066643105694066,0.02133286211388132
0.01,0.9505,0.5710000000000001,0.01068864544448952,0.02137729088897904
0.01,0.9505,0.5875,0.01070982374192337,0.02141964748384674
0.01,0.9505,0.6040000000000001,0.010730035738699054,0.021460071477398108
0.01,0.9505,0.6205,0.01074934519932524,0.02149869039865048
0.01,0.9505,0.637,0.010767810486629047,0.021535620973258094
0.01,0.9505,0.6535000000000001,0.010785485111208968,0.021570970222417937
0.01,0.9505,0.67,0.010802418216665211,0.021604836433330422
0.01,0.9505,0.6865,0.010818655009022793,0.021637310018045586
0.01,0.9505,0.7030000000000001,0.010834237137422525,0.02166847427484505
0.01,0.9505,0.7195,0.01084920303228541,0.02169840606457082
0.01,0.9505,0.736,0.010863588206270714,0.02172717641254143
0.01,0.9505,0.7525000000000001,0.010877425522596787,0.021754851045193573
0.01,0.9505,0.769,0.010890745434724531,0.021781490869449062
0.01,0.9505,0.7855000000000001,0.010903576200837147,0.021807152401674294
0.01,0.9505,0.802,0.010915944076091887,0.021831888152183773
0.01,0.9505,0.8185,0.010927873485278643,0.021855746970557286
0.01,0.9505,0.8350000000000001,0.01093938717809738,0.02187877435619476
0.01,0.9505,0.8515,0.010950506369072192,0.021901012738144383
0.01,0.9505,0.8680000000000001,0.010961250863818479,0.021922501727636958
0.01,0.9505,0.8845000000000001,0.010971639173156827,0.021943278346313655
0.01,0.9505,0.901,0.010981688616406889,0.021963377232813778
0.01,0.9505,0.9175000000000001,0.010991415415053198,0.021982830830106395
0.01,0.9505,0.934,0.011000834777760305,0.02200166955552061
0.01,0.9505,0.9505,0.01100996097769244,0.02201992195538488
0.01,0.9505,0.9670000000000001,0.01101880742288015,0.0220376148457603
0.01,0.9505,0.9835,0.01102738672040514,0.02205477344081028
0.01,0.9505,1.0,0.011035710734965795,0.02207142146993159
0.01,0.9670000000000001,0.01,0.00992409319225061,0.01984818638450122
0.01,0.9670000000000001,0.026500000000000003,0.008896761193677057,0.017793522387354113
0.01,0.9670000000000001,0.043000000000000003,0.008644307702815733,0.017288615405631466
0.01,0.9670000000000001,0.059500000000000004,0.00865030872263296,0.01730061744526592
0.01,0.9670000000000001,0.076,0.008751521110852891,0.017503042221705782
0.01,0.9670000000000001,0.0925,0.0088859529853106,0.0177719059706212
0.01,0.9670000000000001,0.109,0.009027921558311693,0.018055843116623387
0.01,0.9670000000000001,0.1255,0.009166485983893403,0.018332971967786806
0.01,0.9670000000000001,0.14200000000000002,0.009297155595622582,0.018594311191245164
0.01,0.9670000000000001,0.15850000000000003,0.009418383684465103,0.018836767368930207
0.01,0.9670000000000001,0.17500000000000002,0.009529985055773942,0.019059970111547885
0.01,0.9670000000000001,0.1915,0.00963238958484927,0.01926477916969854
0.01,0.9670000000000001,0.20800000000000002,0.009726280619735338,0.019452561239470676
0.01,0.9670000000000001,0.22450000000000003,0.00981241829726895,0.0196248365945379
0.01,0.9670000000000001,0.24100000000000002,0.009891554471036791,0.019783108942073583
0.01,0.9670000000000001,0.2575,0.009964393908803158,0.019928787817606316
0.01,0.9670000000000001,0.274,0.01003157902018867,0.02006315804037734
0.01,0.9670000000000001,0.29050000000000004,0.010093686442593598,0.020187372885187196
0.01,0.9670000000000001,0.30700000000000005,0.010151229402812382,0.020302458805624764
0.01,0.9670000000000001,0.3235,0.010204662665016984,0.020409325330033968
0.01,0.9670000000000001,0.34,0.010254388401719558,0.020508776803439117
0.01,0.9670000000000001,0.35650000000000004,0.010300762139364338,0.020601524278728675
0.01,0.9670000000000001,0.373,0.01034409836804155,0.0206881967360831
0.01,0.9670000000000001,0.3895,0.01038467563926514,0.02076935127853028
0.01,0.9670000000000001,0.406,0.010422741099617642,0.020845482199235283
0.01,0.9670000000000001,0.42250000000000004,0.010458514471092441,0.020917028942184883
0.01,0.9670000000000001,0.43900000000000006,0.01049219151891677,0.02098438303783354
0.01,0.9670000000000001,0.4555,0.010523947059421052,0.021047894118842104
0.01,0.9670000000000001,0.47200000000000003,0.010553937563007154,0.021107875126014308
0.01,0.9670000000000001,0.48850000000000005,0.010582303404730289,0.021164606809460577
0.01,0.9670000000000001,0.505,0.010609170810419451,0.021218341620838903
0.01,0.9670000000000001,0.5215000000000001,0.010634653540886949,0.021269307081773898
0.01,0.9670000000000001,0.538,0.010658854351318029,0.021317708702636058
0.01,0.9670000000000001,0.5545,0.01068186625787562,0.02136373251575124
0.01,0.9670000000000001,0.5710000000000001,0.010703773639035042,0.021407547278070083
0.01,0.9670000000000001,0.5875,0.010724653195091562,0.021449306390183123
0.01,0.9670000000000001,0.6040000000000001,0.010744574785859582,0.021489149571719164
0.01,0.9670000000000001,0.6205,0.01076360216362956,0.02152720432725912
0.01,0.9670000000000001,0.637,0.010781793615843612,0.021563587231687224
0.01,0.9670000000000001,0.6535000000000001,0.010799202529862318,0.021598405059724636
0.01,0.9670000000000001,0.67,0.010815877890347627,0.021631755780695254
0.01,0.9670000000000001,0.6865,0.010831864718261053,0.021663729436522106
0.01,0.9670000000000001,0.7030000000000001,0.010847204459142333,0.021694408918284665
0.01,0.9670000000000001,0.7195,0.010861935327250811,0.021723870654501622
0.01,0.9670000000000001,0.736,0.01087609261123342,0.02175218522246684
0.01,0.9670000000000001,0.7525000000000001,0.010889708946142959,0.021779417892285918
0.01,0.9670000000000001,0.769,0.010902814556008705,0.02180562911201741
0.01,0.9670000000000001,0.7855000000000001,0.010915437470545148,0.021830874941090296
0.01,0.9670000000000001,0.802,0.010927603719135679,0.021855207438271358
0.01,0.9670000000000001,0.8185,0.010939337504792413,0.021878675009584826
0.01,0.9670000000000001,0.8350000000000001,0.010950661360411238,0.021901322720822475
0.01,0.9670000000000001,0.8515,0.010961596289401028,0.021923192578802056
0.01,0.9670000000000001,0.8680000000000001,0.010972161892448517,0.021944323784897034
0.01,0.9670000000000001,0.8845000000000001,0.010982376481964524,0.02196475296392905
0.01,0.9670000000000001,0.901,0.010992257185588342,0.021984514371176683
0.01,0.9670000000000001,0.9175000000000001,0.011001820039944278,0.022003640079888555
0.01,0.9670000000000001,0.934,0.011011080075669626,0.022022160151339253
0.01,0.9670000000000001,0.9505,0.011020051394685797,0.022040102789371595
0.01,0.9670000000000001,0.9670000000000001,0.011028747240473188,0.022057494480946377
0.01,0.9670000000000001,0.9835,0.011037180062112316,0.022074360124224632
0.01,0.9670000000000001,1.0,0.01104536157268748,0.02209072314537496
0.01,0.9835,0.01,0.009984042103536388,0.019968084207072776
0.01,0.9835,0.026500000000000003,0.008931094615942428,0.017862189231884856
0.01,0.9835,0.043000000000000003,0.008668752860736798,0.017337505721473596
0.01,0.9835,0.059500000000000004,0.008674994956250048,0.017349989912500096
0.01,0.9835,0.076,0.008778782423584573,0.017557564847169145
0.01,0.9835,0.0925,0.008915570047576031,0.017831140095152062
0.01,0.9835,0.109,0.00905910682187597,0.01811821364375194
0.01,0.9835,0.1255,0.009198482760078003,0.018396965520156006
0.01,0.9835,0.14200000000000002,0.009329376225476162,0.018658752450952325
0.01,0.9835,0.15850000000000003,0.009450409318935689,0.018900818637871377
0.01,0.9835,0.17500000000000002,0.009561531926727674,0.019123063853455347
0.01,0.9835,0.1915,0.009663273709777995,0.01932654741955599
0.01,0.9835,0.20800000000000002,0.00975638905664979,0.01951277811329958
0.01,0.9835,0.22450000000000003,0.009841687665817427,0.019683375331634854
0.01,0.9835,0.24100000000000002,0.009919955490265826,0.01983991098053165
0.01,0.9835,0.2575,0.009991920459357609,0.019983840918715218
0.01,0.9835,0.274,0.010058240472443285,0.02011648094488657
0.01,0.9835,0.29050000000000004,0.010119502299072375,0.02023900459814475
0.01,0.9835,0.30700000000000005,0.010176225567424898,0.020352451134849795
0.01,0.9835,0.3235,0.010228868852844866,0.020457737705689732
0.01,0.9835,0.34,0.010277836348394503,0.020555672696789005
0.01,0.9835,0.35650000000000004,0.01032348437170214,0.02064696874340428
0.01,0.9835,0.373,0.010366127369123254,0.020732254738246508
0.01,0.9835,0.3895,0.010406043291078302,0.020812086582156605
0.01,0.9835,0.406,0.01044347832100707,0.02088695664201414
0.01,0.9835,0.42250000000000004,0.01047865099297562,0.02095730198595124
0.01,0.9835,0.43900000000000006,0.010511755755665094,0.021023511511330188
0.01,0.9835,0.4555,0.010542966047241116,0.021085932094482233
0.01,0.9835,0.47200000000000003,0.010572436944554193,0.021144873889108386
0.01,0.9835,0.48850000000000005,0.010600307445122548,0.021200614890245096
0.01,0.9835,0.505,0.010626702434186109,0.021253404868372218
0.01,0.9835,0.5215000000000001,0.010651734382262646,0.021303468764525293
0.01,0.9835,0.538,0.010675504812613071,0.021351009625226142
0.01,0.9835,0.5545,0.010698105572149017,0.021396211144298034
0.01,0.9835,0.5710000000000001,0.010719619934431246,0.02143923986886249
0.01,0.9835,0.5875,0.010740123559040075,0.02148024711808015
0.01,0.9835,0.6040000000000001,0.010759685327917929,0.021519370655835857
0.01,0.9835,0.6205,0.010778368076121142,0.021556736152242285
0.01,0.9835,0.637,0.010796229231822533,0.021592458463645065
0.01,0.9835,0.6535000000000001,0.01081332137810991,0.02162664275621982
0.01,0.9835,0.67,0.010829692747264785,0.02165938549452957
0.01,0.9835,0.6865,0.01084538765660339,0.02169077531320678
0.01,0.9835,0.7030000000000001,0.010860446893679711,0.021720893787359422
0.01,0.9835,0.7195,0.010874908057427841,0.021749816114855682
0.01,0.9835,0.736,0.010888805860935973,0.021777611721871946
0.01,0.9835,0.7525000000000001,0.010902172400762656,0.02180434480152531
0.01,0.9835,0.769,0.010915037396909478,0.021830074793818956
0.01,0.9835,0.7855000000000001,0.010927428407135448,0.021854856814270896
0.01,0.9835,0.802,0.010939371018662186,0.021878742037324372
0.01,0.9835,0.8185,0.0109508890200388,0.0219017780400776
0.01,0.9835,0.8350000000000001,0.010962004555439666,0.02192400911087933
0.01,0.9835,0.8515,0.010972738263475798,0.021945476526951595
0.01,0.9835,0.8680000000000001,0.010983109402266112,0.021966218804532225
0.01,0.9835,0.8845000000000001,0.01099313596234575,0.0219862719246915
0.01,0.9835,0.901,0.011002834768701373,0.022005669537402746
0.01,0.9835,0.9175000000000001,0.011012221573214312,0.022024443146428624
0.01,0.9835,0.934,0.011021311138441205,0.02204262227688241
0.01,0.9835,0.9505,0.011030117313743532,0.022060234627487064
0.01,0.9835,0.9670000000000001,0.011038653104520828,0.022077306209041657
0.01,0.9835,0.9835,0.011046930735254935,0.02209386147050987
0.01,0.9835,1.0,0.011054961707029912,0.022109923414059825
0.01,1.0,0.01,0.010083013756844676,0.02016602751368935
0.01,1.0,0.026500000000000003,0.009050830522297614,0.01810166104459523
0.01,1.0,0.043000000000000003,0.008777933138613117,0.017555866277226235
0.01,1.0,0.059500000000000004,0.008771251641179686,0.017542503282359373
0.01,1.0,0.076,0.008863761314535326,0.017727522629070652
0.01,1.0,0.0925,0.008991213961656147,0.017982427923312293
0.01,1.0,0.109,0.009127057911014608,0.018254115822029217
0.01,1.0,0.1255,0.009260045009071172,0.018520090018142345
0.01,1.0,0.14200000000000002,0.00938557521843765,0.0187711504368753
0.01,1.0,0.15850000000000003,0.009502056254360909,0.019004112508721818
0.01,1.0,0.17500000000000002,0.009609275126485486,0.01921855025297097
0.01,1.0,0.1915,0.009707637332642498,0.019415274665284997
0.01,1.0,0.20800000000000002,0.009797801723768845,0.01959560344753769
0.01,1.0,0.22450000000000003,0.009880503654691439,0.019761007309382878
0.01,1.0,0.24100000000000002,0.009956470553564741,0.019912941107129482
0.01,1.0,0.2575,0.01002638375775196,0.02005276751550392
0.01,1.0,0.274,0.010090863678836963,0.020181727357673925
0.01,1.0,0.29050000000000004,0.010150466623577962,0.020300933247155924
0.01,1.0,0.30700000000000005,0.010205687237224328,0.020411374474448657
0.01,1.0,0.3235,0.01025696343095195,0.0205139268619039
0.01,1.0,0.34,0.010304682170405642,0.020609364340811284
0.01,1.0,0.35650000000000004,0.010349185305512128,0.020698370611024256
0.01,1.0,0.373,0.010390775049758048,0.020781550099516096
0.01,1.0,0.3895,0.010429718944815512,0.020859437889631023
0.01,1.0,0.406,0.010466254265242909,0.020932508530485817
0.01,1.0,0.42250000000000004,0.010500591878036055,0.02100118375607211
0.01,1.0,0.43900000000000006,0.010532919599583836,0.02106583919916767
0.01,1.0,0.4555,0.010563405103254268,0.021126810206508535
0.01,1.0,0.47200000000000003,0.010592198432493101,0.021184396864986202
0.01,1.0,0.48850000000000005,0.010619434171369898,0.021238868342739796
0.01,1.0,0.505,0.010645233319795338,0.021290466639590677
0.01,1.0,0.5215000000000001,0.010669704915014904,0.02133940983002981
0.01,1.0,0.538,0.010692947435677726,0.021385894871355452
0.01,1.0,0.5545,0.010715050019666833,0.021430100039333665
0.01,1.0,0.5710000000000001,0.010736093522430837,0.021472187044861674
0.01,1.0,0.5875,0.010756151438600245,0.02151230287720049
0.01,1.0,0.6040000000000001,0.01077529070625078,0.02155058141250156
0.01,1.0,0.6205,0.010793572410339448,0.021587144820678895
0.01,1.0,0.637,0.010811052399297808,0.021622104798595616
0.01,1.0,0.6535000000000001,0.010827781826709813,0.021655563653419627
0.01,1.0,0.67,0.010843807628268295,0.02168761525653659
0.01,1.0,0.6865,0.01085917294260027,0.02171834588520054
0.01,1.0,0.7030000000000001,0.010873917483446039,0.021747834966892077
0.01,1.0,0.7195,0.01088807786944893,0.02177615573889786
0.01,1.0,0.736,0.01090168791703892,0.02180337583407784
0.01,1.0,0.7525000000000001,0.01091477890103313,0.02182955780206626
0.01,1.0,0.769,0.01092737978701158,0.02185475957402316
0.01,1.0,0.7855000000000001,0.010939517438893957,0.021879034877787914
0.01,1.0,0.802,0.010951216804725609,0.021902433609451218
0.01,1.0,0.8185,0.010962501083270834,0.02192500216654167
0.01,1.0,0.8350000000000001,0.010973391873673433,0.021946783747346866
0.01,1.0,0.8515,0.01098390931010607,0.02196781862021214
0.01,1.0,0.8680000000000001,0.01099407218316027,0.02198814436632054
0.01,1.0,0.8845000000000001,0.011003898049434578,0.022007796098869156
0.01,1.0,0.901,0.011013403330648264,0.022026806661296527
0.01,1.0,0.9175000000000001,0.011022603403403079,0.022045206806806158
0.01,1.0,0.934,0.011031512680609501,0.022063025361219003
0.01,1.0,0.9505,0.011040144685461113,0.022080289370922226
0.01,1.0,0.9670000000000001,0.011048512118742145,0.02209702423748429
0.01,1.0,0.9835,0.011056626920122277,0.022113253840244554
0.01,1.0,1.0,0.011064500324107421,0.022129000648214842
