mode,zeta,Y_normalized,slope,curvature
1,0.0,0.0,4.297497144517648,-0.003458006560094873
1,0.002,0.008594803330955018,4.297214165403794,-0.2795211072943573
1,0.004,0.017188488577480857,4.296379060088471,-0.5555842080282218
1,0.006,0.025779951487174588,4.294991828571681,-0.831647308762058
1,0.008,0.03436809375697002,4.293062600704068,-1.0962123085864164
1,0.01,0.042951851192059284,4.290607163534333,-1.3592248611457762
1,0.012,0.051530171727703966,4.287625701259486,-1.6222374137050792
1,0.014,0.06010200696622614,4.284125460088467,-1.875666828624503
1,0.016,0.06866633965963376,4.2801237867631166,-2.1260064967252674
1,0.018000000000000002,0.0772221683270545,4.275621434101565,-2.3763461648250086
1,0.02,0.08576849367224028,4.270623303219413,-2.6189219727181126
1,0.022,0.09430434373995275,4.265147417102613,-2.8569641440789155
1,0.024,0.10282876595108893,4.259195446643096,-3.095006315439605
1,0.026000000000000002,0.11134080916933847,4.252770450348242,-3.3270087079489485
1,0.028,0.11983954530789541,4.2458903158468475,-3.5531257934471796
1,0.03,0.12832406894327852,4.238557947174449,-3.779242878945979
1,0.032,0.13679347603491476,4.230775026749336,-4.0009499354111995
1,0.034,0.14524688114801337,4.222558566084606,-4.215510729310097
1,0.036000000000000004,0.15368342421819473,4.21391298383209,-4.430071523211154
1,0.038,0.16210224712829943,4.204839017217289,-4.64175890432125
1,0.04,0.17050250606552547,4.195352130308768,-4.84512800419941
1,0.042,0.1788833844907347,4.185458505200496,-5.048497104074158
1,0.044,0.18724406894395834,4.175158329753825,-5.2504377702434795
1,0.046,0.19558375636973374,4.1644649169256835,-5.4429750578990195
1,0.048,0.20390167189527755,4.153386429522224,-5.635512345556663
1,0.05,0.21219704537143913,4.141922867543456,-5.827976302919296
1,0.052000000000000005,0.22046911378046985,4.130084854762136,-6.010036478401673
1,0.054,0.228717142043587,4.117882721629839,-6.192096653890076
1,0.056,0.23694040192008858,4.105316468146576,-6.374156829376716
1,0.058,0.24513816980303021,4.092393974791335,-6.547282863524686
1,0.06,0.25330974856545146,4.0791274769127535,-6.719215015055397
1,0.062,0.2614544504678125,4.065517114731119,-6.891147166587871
1,0.064,0.26957159061320835,4.051568498520289,-7.055669790693173
1,0.066,0.2776605081725129,4.03729501170694,-7.217817022657641
1,0.068,0.2857205544637268,4.022697230429658,-7.379964254618244
1,0.07,0.29375108248999565,4.007778932230517,-7.536136914180929
1,0.07200000000000001,0.30175146628122307,3.992553959294185,-7.688836022143391
1,0.074,0.30972109472836185,3.9770235881419467,-7.84153513010051
1,0.076,0.3176593578288539,3.961190166347011,-7.9896071876551105
1,0.078,0.32556566322637315,3.945067370772387,-8.133188386954657
1,0.08,0.3334394358703445,3.9286574127991996,-8.276769586249657
1,0.082,0.34128010176389895,3.9119615791453666,-8.416986188804458
1,0.084,0.3490871010920269,3.8949928200900263,-8.551772866552653
1,0.08600000000000001,0.3568598933286887,3.8777544876791605,-8.686559544308238
1,0.088,0.3645979394236333,3.8602471443814674,-8.819161514174198
1,0.09,0.3723007111836922,3.842482512839555,-8.945470027725605
1,0.092,0.3799677010636401,3.824465264270563,-9.071778541269623
1,0.094,0.3875984038420488,3.806195542227608,-9.197002278911896
1,0.096,0.3951923221622798,3.7876833981700155,-9.315141778689977
1,0.098,0.4027489799153958,3.7689349751128494,-9.433281278471668
1,0.1,0.41026790454339807,3.7499502730561263,-9.551358666790975
1,0.10200000000000001,0.4177486288573131,3.7307372834271657,-9.661630962173227
1,0.10400000000000001,0.42519070664737957,3.71130374920744,-9.771903257566464
1,0.106,0.4325936968244157,3.691649670396914,-9.882175552952503
1,0.108,0.439957161774094,3.6717809509036083,-9.985761078752233
1,0.11,0.44728068368742546,3.6517067292687226,-10.088460556119458
1,0.112,0.4545638517585325,3.631427108679125,-10.191160033490405
1,0.114,0.4618062573050326,3.610946275954822,-10.288336062943586
1,0.116,0.46900750957580395,3.5902741903103457,-10.383749581520306
1,0.11800000000000001,0.47616722684824925,3.5694112776287317,-10.479163100091228
1,0.12,0.4832850286535464,3.5483603466392712,-10.57014005365994
1,0.122,0.49036055012881247,3.5271316596743745,-10.658546911212284
1,0.124,0.4973934374164339,3.5057261589944257,-10.746953768759113
1,0.126,0.504383337478136,3.4841455841564444,-10.831937332432176
1,0.128,0.5113299103238437,3.4624000375811046,-10.913609242924963
1,0.13,0.5182328287325797,3.4404911471847583,-10.995281153413316
1,0.132,0.5250917662594468,3.4184198636067276,-11.07447226468014
1,0.134,0.5319064069080756,3.3961957179945377,-11.14967334752248
1,0.136,0.5386764488633143,3.373821170216644,-11.224874430364935
1,0.138,0.5454015913921468,3.3512966349975852,-11.298469279594997
1,0.14,0.5520815417323786,3.3286307096319843,-11.367456086005802
1,0.14200000000000002,0.5587160222482662,3.3058268106535773,-11.436442892409332
1,0.14400000000000002,0.5653047570019485,3.282885044045128,-11.504632938800455
1,0.146,0.5718474758097982,3.259812756623387,-11.567654482958446
1,0.148,0.5783439239997163,3.2366144261132987,-11.630676027109985
1,0.15,0.5847938494855259,3.213290052514922,-11.693697571279245
1,0.152,0.5911970040959615,3.189845458644172,-11.750945849897171
1,0.154,0.5975531549229973,3.166286269115298,-11.808243678955591
1,0.156,0.6038620727753171,3.1426124839283505,-11.865541508006572
1,0.158,0.6101235309868559,3.118828390070929,-11.91798793772071
1,0.16,0.6163373172522908,3.0949406059483713,-11.969796184795996
1,0.162,0.6225032243329865,3.0709492053317344,-12.021604431871538
1,0.164,0.6286210465284213,3.0468572182778426,-12.069419103782877
1,0.166,0.6346905910964487,3.0226718345891506,-12.115964584932271
1,0.168,0.6407116718061362,2.9983933599381096,-12.162510066092409
1,0.17,0.6466841033315496,2.9740238205727256,-12.20585855549757
1,0.17200000000000001,0.6526077115873823,2.949570601159418,-12.247360857815465
1,0.17400000000000002,0.658482330399784,2.9250343771414653,-12.288863160126766
1,0.176,0.6643077941838714,2.900416399730608,-12.327906573801783
1,0.178,0.6700839467224554,2.8757239149883675,-12.3645781684138
1,0.18,0.6758106409483656,2.850958087056944,-12.401249763023998
1,0.182,0.6814877303496674,2.826119597927509,-12.436144803830189
1,0.184,0.6871150758916772,2.801215261963473,-12.468191160179572
1,0.186,0.6926925486690462,2.7762468332868013,-12.500237516514517
1,0.188,0.6982200205475441,2.751214608897824,-12.531136542704417
1,0.19,0.7036973690791066,2.7261247160910465,-12.558756264084337
1,0.192,0.7091244825856129,2.700979583841482,-12.586375985471477
1,0.194,0.7145012505949191,2.6757792881381626,-12.613427077766232
1,0.196,0.7198275667270718,2.65052904903069,-12.636812029679746
1,0.198,0.725103335611106,2.6252320400194544,-12.660196981578679
1,0.2,0.7303284637072138,2.5998882611043905,-12.683544012050902
1,0.202,0.7355028602511011,2.57450183763431,-12.70287945801973
1,0.20400000000000001,0.7406264452771565,2.5490767432723347,-12.722214903977715
1,0.20600000000000002,0.7456991414435958,2.523612978018403,-12.741550349928048
1,0.20800000000000002,0.7507208731933787,2.4981135694124212,-12.757462344528577
1,0.21,0.7556915750976797,2.4725831799713074,-12.77292709659082
1,0.212,0.7606111852935945,2.447021861026067,-12.78839184864978
1,0.214,0.7654796430019362,2.4214317457480083,-12.801047668178313
1,0.216,0.7702968965537158,2.3958178838418225,-12.812814237996918
1,0.218,0.7750628988485437,2.3701804887960116,-12.824580807815437
1,0.22,0.7797776034215685,2.3445209827677047,-12.834105959291776
1,0.222,0.7844409716853498,2.3188445360956895,-12.842340712701287
1,0.224,0.7890529705862802,2.2931516199169013,-12.850575466112332
1,0.226,0.7936135674826998,2.267443109892076,-12.857091698000715
1,0.228,0.7981227362768808,2.2417240631854947,-12.861955008579173
1,0.23,0.8025804572510276,2.2159952898577537,-12.86681831915405
1,0.232,0.8069867110738799,2.1902572659871073,-12.870443688085118
1,0.234,0.8113414836208775,2.1645147322106366,-12.8720900883728
1,0.23600000000000002,0.8156447678075219,2.138768905633632,-12.873736488649683
1,0.23800000000000002,0.8198965570839751,2.1130199932267475,-12.874585441917247
1,0.24,0.8240968488473073,2.0872722439869493,-12.873163797885752
1,0.242,0.8282456479554481,2.061527338035207,-12.871742153852892
1,0.244,0.8323429600996974,2.0357853283957033,-12.869925619349033
1,0.246,0.836388793802813,2.0100498235013426,-12.865579275001629
1,0.248,0.8403831651888285,1.9843230112956667,-12.861232930668734
1,0.25,0.8443260916431216,1.9586048917786885,-12.856858379420487
1,0.252,0.8482175924652844,1.9328983080662425,-12.849725333013488
1,0.254,0.8520576943861151,1.9072059904466192,-12.842592286613694
1,0.256,0.8558464259377995,1.8815279389198074,-12.835459240206546
1,0.258,0.8595838168793487,1.8558662328690836,-12.82597689509825
1,0.26,0.8632699039159254,1.8302240660217475,-12.816189952264779
1,0.262,0.8669047261926928,1.8046014730600355,-12.806403009431165
1,0.264,0.870488323597266,1.7789999140904906,-12.79469536480741
1,0.266,0.8740207422434303,1.7534228364302546,-12.782382295409832
1,0.268,0.8775020313604128,1.7278703849088444,-12.770069226008445
1,0.27,0.8809322406112587,1.702343529674228,-12.756229028955659
1,0.272,0.8843114250234153,1.676845787915262,-12.74151273002451
1,0.274,0.8876396433846517,1.651377478754164,-12.72679643109143
1,0.276,0.8909169547626554,1.6259391975952422,-12.71091346453477
1,0.278,0.8941434226651513,1.6005343720182545,-12.693912112449624
1,0.28,0.8973191149191977,1.5751635491454603,-12.67691076035726
1,0.28200000000000003,0.9004440996130693,1.5498270517407842,-12.659071911336298
1,0.28400000000000003,0.9035184483545894,1.5245280807099029,-12.639899119561505
1,0.28600000000000003,0.9065422374996314,1.4992674552625547,-12.62072632778677
1,0.28800000000000003,0.9095155437636318,1.4740453154410154,-12.601015672136441
1,0.29,0.912438446519854,1.44886451912366,-12.57978064521582
1,0.292,0.9153110301534956,1.4237261928601486,-12.558545618290509
1,0.294,0.9181333796078823,1.398630372591204,-12.537044497852946
1,0.296,0.9209055817256148,1.373579475914141,-12.513852179191922
1,0.298,0.9236277284346304,1.3485749638744235,-12.490659860545463
1,0.3,0.926299912504204,1.3236168364719783,-12.467467541884275
1,0.302,0.9289222279824271,1.2987069913438987,-12.442398174942362
1,0.304,0.9314947738679503,1.273847243772186,-12.417349396767179
1,0.306,0.9340176503558867,1.249037593756854,-12.392300618599165
1,0.308,0.936490958457498,1.2242794231055398,-12.365692409004971
1,0.31,0.9389148037911462,1.1995748466703375,-12.338884026218523
1,0.312,0.9412892935886895,1.1749238870006642,-12.312075643431967
1,0.314,0.9436145355737511,1.1503275100353343,-12.283998335614285
1,0.316,0.9458906415804563,1.1257879883225952,-12.255523377139724
1,0.318,0.9481177254936528,1.1013054165267628,-12.227048418686877
1,0.32,0.9502959014841358,1.0768804335552433,-12.197569447488434
1,0.322,0.9524252872471487,1.0525153468566184,-12.167517251156767
1,0.324,0.9545060029411572,1.0282103645506264,-12.137465054843233
1,0.326,0.9565381689079909,1.003965877014262,-12.106649617506548
1,0.328,0.958521908391886,0.9797841214316095,-12.075105965147173
1,0.33,0.9604573474519206,0.9556654531536846,-12.043562312804227
1,0.332,0.9623446123169703,0.9316100829424272,-12.011473439141099
1,0.334,0.9641838315044753,0.9076200888116068,-11.97852069167908
1,0.336,0.9659751366092134,0.8836960001757396,-11.945567944209813
1,0.338,0.9677186594580465,0.8598379082302022,-11.912266551595991
1,0.34,0.9694145335965912,0.8360476579087699,-11.877983769821412
1,0.342,0.9710628958000572,0.8123259731508914,-11.843700988061414
1,0.34400000000000003,0.9726638832016878,0.7886728774252089,-11.809245947742625
1,0.34600000000000003,0.9742176341559254,0.765089922453648,-11.77370902383661
1,0.34800000000000003,0.9757242902740675,0.7415780413298739,-11.738172099945132
1,0.35000000000000003,0.9771839937038099,0.718137234053871,-11.702620310985793
1,0.352,0.9785968874101155,0.6947687116618347,-11.66590208106481
1,0.354,0.9799631175080972,0.6714736257296167,-11.62918385116015
1,0.356,0.981282830870674,0.6482519762571988,-11.592465621248152
1,0.358,0.982556174888982,0.6251046391314858,-11.554760644611179
1,0.36,0.9837832998657127,0.6020329474776865,-11.516931009182883
1,0.362,0.9849643571184066,0.5790369150947721,-11.479101373747312
1,0.364,0.9860994982747228,0.5561171499501668,-11.440474804066454
1,0.366,0.9871888775409898,0.5332750743043613,-11.40160084169851
1,0.368,0.9882326504038901,0.5105107465833697,-11.362726879323247
1,0.37,0.9892309725290344,0.48782456600399593,-11.323227305670109
1,0.372,0.990184001775713,0.4652179653158671,-11.283373382474892
1,0.374,0.9910918975288621,0.44269107247411194,-11.243519459285125
1,0.376,0.9919548192869923,0.4202441296322357,-11.203193832670031
1,0.378,0.9927729283400065,0.3978785140897799,-11.162421709807752
1,0.38,0.9935463877061819,0.37559444279300735,-11.121649586941857
1,0.382,0.9942753605076073,0.3533920456005854,-11.080543268040579
1,0.384,0.9949600112663144,0.33127259012721055,-11.038912205323026
1,0.386,0.9956005063762,0.3092363967793058,-10.997281142605488
1,0.388,0.9961970123713207,0.28728352148815434,-10.955437956390305
1,0.39,0.9967496968271504,0.2654150787249296,-10.913004806809493
1,0.392,0.997258729263753,0.24363150226086674,-10.87057165722868
1,0.394,0.9977242794150479,0.22193280655898098,-10.828033934606736
1,0.396,0.9981465177474221,0.2003199193779489,-10.784853246411831
1,0.398,0.9985256166668106,0.17879339357334229,-10.741672558202374
1,0.4,0.9988617488959664,0.15735322914512778,-10.698481192038905
1,0.402,0.9991550876424733,0.13600014266225252,-10.654605290788929
1,0.404,0.9994058079678172,0.1147348079819999,-10.610729389495297
1,0.406,0.9996140853756029,0.09355722510429412,-10.566853488201659
1,0.40800000000000003,0.9997800956731937,0.07246790579326506,-10.522402957664907
1,0.41000000000000003,0.9999040163594737,0.05146762079089945,-10.477882044693203
1,0.41200000000000003,0.9999860255175748,0.030556377614498982,-10.433361131714221
1,0.41400000000000003,1.0000263014100703,0.009734526735725745,-10.388382750962862
1,0.41600000000000004,1.0000250237765507,-0.01099712099986241,-10.34326498461506
1,0.418,0.9999823730830927,-0.03163853320273713,-10.298147218281475
1,0.42,0.9998985298977511,-0.0521894829898843,-10.25267586675458
1,0.422,0.99977367602565,-0.07264916630518656,-10.207007448536075
1,0.424,0.9996079941237548,-0.09301751278402665,-10.16133903031212
1,0.426,0.9994016669124546,-0.11329438679904652,-10.11540840141813
1,0.428,0.9991548781052214,-0.13347902885047638,-10.069233650025605
1,0.43,0.9988678123633881,-0.15357132139916246,-10.023058898640343
1,0.432,0.9985406544047059,-0.1735711927146122,-9.97670154105171
1,0.434,0.9981735897085733,-0.19347795722861683,-9.930062972944103
1,0.436,0.9977668047605489,-0.21329144460639526,-9.883424404821923
1,0.438,0.9973204861203523,-0.2330116242469242,-9.83667175546924
1,0.44,0.9968348209027489,-0.2526379061557143,-9.789610153311667
1,0.442,0.9963099972445323,-0.27217006486015266,-9.742548551146811
1,0.444,0.9957462033928605,-0.29160809236605595,-9.695430977820436
1,0.446,0.9951436279765118,-0.31095150881270117,-9.647985468831596
1,0.448,0.9945024606182882,-0.330200034241411,-9.600539959850039
1,0.45,0.993822891100225,-0.3493536686521191,-9.553086791466768
1,0.452,0.993105109450591,-0.36841205035518,-9.505294911591559
1,0.454,0.9923493066213108,-0.38737484829850866,-9.457503031716342
1,0.456,0.9915556737799036,-0.40624206248205036,-9.409711151855703
1,0.458,0.9907244022437544,-0.4250134424227263,-9.361640352662448
1,0.46,0.989855684146369,-0.4436886208799693,-9.313538104565723
1,0.462,0.9889497118965652,-0.46226759484099106,-9.265435856476302
1,0.464,0.9880066779888445,-0.48075019857695644,-9.217119687814105
1,0.466,0.9870267756043641,-0.49913605987879284,-9.168741613987407
1,0.468,0.9860101982534276,-0.5174251650329307,-9.120363540153505
1,0.47000000000000003,0.9849571394931133,-0.5356174107877449,-9.07182702553564
1,0.47200000000000003,0.9838677934313268,-0.5537124440788138,-9.023206265524593
1,0.47400000000000003,0.9827423545444779,-0.5717102358498455,-8.974585505491746
1,0.47600000000000003,0.9815810173364244,-0.5896107268918488,-8.925852812841597
1,0.47800000000000004,0.9803839767314515,-0.6074136008629192,-8.877021158246919
1,0.48,0.9791514280418455,-0.6251188115248236,-8.828189503648616
1,0.482,0.9778835666023177,-0.6427263288408218,-8.779283975605608
1,0.484,0.9765805880513863,-0.6602358847399366,-8.730271923509036
1,0.486,0.9752426884127607,-0.6776474165348301,-8.68125987142696
1,0.488,0.9738700637369704,-0.6949609117938195,-8.632204063276163
1,0.49,0.9724629102807174,-0.7121761567286113,-8.583040871525569
1,0.492,0.9710214246609783,-0.729293075279939,-8.533877679774946
1,0.494,0.9695458035308594,-0.7463116640919635,-8.484693373267532
1,0.496,0.9680362436734358,-0.7632317645782949,-8.4354071130577
1,0.498,0.9664929421875598,-0.7800532925442072,-8.386120852855186
1,0.5,0.9649160962182725,-0.7967762479897116,-8.336829096462623
1,0.502,0.9633059029856984,-0.8134005237851005,-8.287446698958675
1,0.504,0.9616625599663287,-0.8299260347855777,-8.238064301491136
1,0.506,0.9599862646897529,-0.8463527809910438,-8.188681904030943
1,0.508,0.9582772147250302,-0.862680699353441,-8.139232723763385
1,0.51,0.9565356078293393,-0.87890971210578,-8.08978002856307
1,0.512,0.9547616418135341,-0.8950398194677085,-8.040327333362768
1,0.514,0.9529555145068855,-0.9110709882537587,-7.990835450333435
1,0.516,0.951117423858277,-0.9270031609546768,-7.941337250588731
1,0.518,0.9492475678606664,-0.9428363372561109,-7.891839050858607
1,0.52,0.9473461445141803,-0.958570502605284,-7.842322421549952
1,0.522,0.9454133518774059,-0.9742056275291757,-7.792802502305534
1,0.524,0.9434493880306226,-0.989741712614544,-7.743282583073892
1,0.526,0.9414544510557429,-1.0051787534813266,-7.693758560237882
1,0.528,0.939428739044202,-1.0205167517886395,-7.644239747095895
1,0.53,0.9373724500736725,-1.035755712469685,-7.59472093395749
1,0.532,0.935285782219855,-1.0508956354091505,-7.545206281160688
1,0.534,0.9331689335336774,-1.0659365521668023,-7.495710476523399
1,0.536,0.9310221020055938,-1.08087847731523,-7.446214671900577
1,0.538,0.9288454856189,-1.0957214114614002,-7.396725584396563
1,0.54,0.9266392823126617,-1.1104654108504768,-7.347273804655558
1,0.542,0.9244036899112047,-1.125110506680032,-7.297822024907248
1,0.544,0.922138906221693,-1.1396566989241008,-7.2483741531272585
1,0.546,0.9198451290005977,-1.1541040596417091,-7.198986564455268
1,0.548,0.9175225558332445,-1.1684526451819308,-7.149598975775973
1,0.55,0.9151713842699882,-1.1827024555448034,-7.100207436109656
1,0.552,0.9127918118133852,-1.1968535663788125,-7.05090339789143
1,0.554,0.9103840357431906,-1.2109060691363862,-7.0015993596804265
1,0.556,0.9079482532755573,-1.2248599638175421,-6.952295321462316
1,0.558,0.9054846615868322,-1.2387153219784792,-6.903076853389592
1,0.56,0.9029934575904421,-1.2524722737747729,-6.853874942935363
1,0.562,0.9004748380942804,-1.26613082175019,-6.804673032473829
1,0.5640000000000001,0.897928999876344,-1.2796910279235745,-6.75555745358858
1,0.5660000000000001,0.895356139426889,-1.2931530608820085,-6.706475504869445
1,0.5680000000000001,0.8927564530754144,-1.3065169299430284,-6.657393556150396
1,0.5700000000000001,0.890130137130134,-1.3197826842862825,-6.608393790660813
1,0.5720000000000001,0.8874773876038883,-1.3329505270052144,-6.559448928264146
1,0.5740000000000001,0.8847984002819297,-1.3460204799993607,-6.510504065872965
1,0.5760000000000001,0.8820933709325924,-1.3589925782931167,-6.461632609835448
1,0.578,0.8793624950383431,-1.3718670521781342,-6.412841275187134
1,0.58,0.8766059677789928,-1.3846439433938837,-6.364049940537029
1,0.582,0.873823984314835,-1.3973232733313066,-6.315318874381944
1,0.584,0.8710167395451013,-1.409905289063586,-6.266696857890906
1,0.586,0.868184427987936,-1.4223900607628406,-6.21807484138526
1,0.588,0.8653272441298708,-1.4347775984098308,-6.169495847342205
1,0.59,0.8624453822330415,-1.447068152576879,-6.121058319710514
1,0.592,0.8595390361029335,-1.4592618316886354,-6.072620792078851
1,0.594,0.856608399489491,-1.4713586381108243,-6.024205168730873
1,0.596,0.8536536659619058,-1.4833588099874067,-5.975966707823233
1,0.598,0.8506750285674893,-1.4952625049421058,-5.927728246915649
1,0.6,0.8476726802600852,-1.5070697229750065,-5.879489786015483
1,0.602,0.8446468138572107,-1.518780671438949,-5.831461540856559
1,0.604,0.8415976216081725,-1.5303955691384175,-5.78343615862218
1,0.606,0.8385252956145,-1.541914416073425,-5.735410776373442
1,0.608,0.8354300278807556,-1.5533373808816977,-5.687580877104338
1,0.61,0.8323120098231217,-1.5646647438103127,-5.63978205151443
1,0.612,0.8291714326372818,-1.5758965090877486,-5.591983225931926
1,0.614,0.826008487454154,-1.5870328074705924,-5.544361393862687
1,0.616,0.8228233648226244,-1.5980739709592895,-5.496802094843133
1,0.618,0.8196162549827155,-1.609020015849964,-5.449242795827331
1,0.62,0.8163873481325991,-1.619871037395872,-5.401838454215778
1,0.622,0.8131368339190879,-1.6306274070206819,-5.354531170571818
1,0.624,0.8098649015808945,-1.6412891620781405,-5.307223886929819
1,0.626,0.8065717403263803,-1.6518563661184298,-5.2600461650650345
1,0.628,0.8032575388639712,-1.6623294152117096,-5.213002928230935
1,0.63,0.7999224853898493,-1.6727083778313498,-5.165959691400417
1,0.632,0.7965667680679391,-1.6829932909591983,-5.11901744912069
1,0.634,0.79319057462951,-1.6931845582760738,-5.07224986776464
1,0.636,0.78979409219161,-1.7032822904302667,-5.025482286408533
1,0.638,0.7863775078218626,-1.7132865042041852,-4.978784128167206
1,0.64,0.782941008232342,-1.7231975917444167,-4.932303412092935
1,0.642,0.7794847794291728,-1.7330157178525711,-4.885822696018636
1,0.644,0.7760090073349013,-1.7427408866251932,-4.839376972870923
1,0.646,0.7725138775963822,-1.7523734575553473,-4.79319395730834
1,0.648,0.7689995750820341,-1.7619136624543736,-4.747010941745771
1,0.65,0.7654662845239187,-1.7713615013223425,-4.700825773876545
1,0.652,0.7619141904529391,-1.7807172780506964,-4.65495095445177
1,0.654,0.7583434765781419,-1.7899813051401614,-4.609076135045257
1,0.656,0.7547543263988045,-1.7991535825908558,-4.563201315646211
1,0.658,0.7511469232752156,-1.8082343504992457,-4.517602983861067
1,0.66,0.7475214497392113,-1.8172240000238316,-4.472046540697988
1,0.662,0.7438780880170445,-1.8261225366620701,-4.426490097542228
1,0.664,0.7402170202444496,-1.834930142015883,-4.381177825043693
1,0.666,0.7365384277568806,-1.8436472694967163,-4.33594965577322
1,0.668,0.7328424914706884,-1.8522739406390047,-4.290721486521079
1,0.67,0.7291293922451005,-1.8608102849622492,-4.245702532871093
1,0.672,0.7253993101969429,-1.86925679977877,-4.2008122836731445
1,0.674,0.721652424899651,-1.8776135340969582,-4.1559220344789765
1,0.676,0.7178889158862476,-1.8858805728088603,-4.111203514246029
1,0.678,0.7141089620288693,-1.89405843693531,-4.066660612229612
1,0.68,0.7103127415290423,-1.902147215257782,-4.022117710224052
1,0.682,0.706500432546375,-1.9101469564894296,-3.977706619447247
1,0.684,0.7026722126776997,-1.9180581834143893,-3.9335203055330226
1,0.686,0.6988282587278024,-1.9258810377115736,-3.8893339916223795
1,0.6880000000000001,0.6949687474383648,-1.9336155412951814,-3.8452372162269626
1,0.6900000000000001,0.6910938550950978,-1.9412621950936408,-3.8014165822493453
1,0.6920000000000001,0.6872037570855019,-1.9488212076242173,-3.757595948279004
1,0.6940000000000001,0.6832986286916835,-1.956292584275715,-3.713820286582404
1,0.6960000000000001,0.679378644846539,-1.9636767788787262,-3.670374316436238
1,0.6980000000000001,0.6754439795041287,-1.9709740815414505,-3.6269283462974045
1,0.7000000000000001,0.6714948064483333,-1.9781844922639156,-3.583480524302331
1,0.7020000000000001,0.6675312992110175,-1.9853083909213987,-3.5404181331696662
1,0.704,0.6635536303011695,-1.9923461647966088,-3.4973557420393035
1,0.706,0.659561971968353,-1.9992978138895496,-3.454293350914213
1,0.708,0.6555564962896879,-2.0061636354421926,-3.41157251926802
1,0.71,0.6515373743203771,-2.0129441105626213,-3.3689026011560372
1,0.712,0.6475047767406618,-2.019639245846826,-3.3262326830515576
1,0.714,0.643458874119419,-2.026249264282695,-3.2838619464763497
1,0.716,0.6393998360459765,-2.032774719652043,-3.241593422869755
1,0.718,0.6353278315988424,-2.0392156379741753,-3.1993248992632743
1,0.72,0.6312430297867907,-2.0455721771986024,-3.1573109828148063
1,0.722,0.6271455987158487,-2.0518449410327513,-3.1154528513455944
1,0.724,0.6230357058335015,-2.058033988603982,-3.0735947198937765
1,0.726,0.6189135185382754,-2.0641394228723744,-3.03194443098522
1,0.728,0.6147792034294031,-2.070161873132796,-2.9905058294301625
1,0.73,0.610632926297213,-2.0761014461900933,-2.949067227875048
1,0.732,0.6064748528815883,-2.0819582008755346,-2.90778748060427
1,0.734,0.6023051482446987,-2.0877327661026452,-2.8667777464904987
1,0.736,0.5981239764968233,-2.0934253118614863,-2.8257680123838327
1,0.738,0.5939315016725853,-2.0990358645385263,-2.784865860348077
1,0.74,0.5897278872592941,-2.1045650249993755,-2.7442946004889848
1,0.742,0.585513295667601,-2.1100130429404858,-2.7037233406298355
1,0.744,0.5812878891820276,-2.1153799248391127,-2.6632060164429276
1,0.746,0.5770518296688697,-2.120666214042136,-2.6230831865946627
1,0.748,0.5728052778229654,-2.125872257585491,-2.582960356739136
1,0.75,0.5685483941356342,-2.130998055469101,-2.542835312580337
1,0.752,0.5642813387967429,-2.1360440620860506,-2.5031713043570036
1,0.754,0.5600042707726343,-2.1410107406865184,-2.4635072961445985
1,0.756,0.5557173487193411,-2.14589809127061,-2.4238432879287757
1,0.758,0.5514207310866788,-2.150706469397039,-2.384587967516268
1,0.76,0.5471145751014617,-2.1554364510641046,-2.3453936995385902
1,0.762,0.5427990375414464,-2.160088044195185,-2.3061994315610264
1,0.764,0.5384742750511327,-2.1646615157960647,-2.267363653024546
1,0.766,0.534140443100883,-2.1691575301291097,-2.228650680030853
1,0.768,0.5297976965479134,-2.173576118516184,-2.1899377070262744
1,0.77,0.5254461901658489,-2.177917470455104,-2.151530582797193
1,0.772,0.521086077643354,-2.18218231224923,-2.113311211312862
1,0.774,0.5167175118760139,-2.1863707153003675,-2.0750918398232443
1,0.776,0.5123406457005072,-2.1904828034559842,-2.0371230140719376
1,0.778,0.5079556309892859,-2.1945193369058433,-1.9994104357916171
1,0.78,0.5035626186363213,-2.198480445199152,-1.9616978575012354
1,0.782,0.49916175947447644,-2.2023661992931896,-1.9241775797515288
1,0.784,0.49475320351510443,-2.2061773628918253,-1.886986018885409
1,0.786,0.49033709961165695,-2.20991414336873,-1.8497944580263948
1,0.788,0.48591359652520827,-2.2135765725769083,-1.8127336578337463
1,0.79,0.48148284234948757,-2.2171653847692676,-1.7760785345276133
1,0.792,0.4770449838596289,-2.2206808867150114,-1.7394234112215372
1,0.794,0.4726001676755192,-2.2241230861435817,-1.7028337831171712
1,0.796,0.468148539903588,-2.2274926518266183,-1.6667318999372043
1,0.798,0.463690245204057,-2.2307900137433454,-1.6306300167755126
1,0.8,0.45922542798445876,-2.2340151718937262,-1.5945241186407202
1,0.802,0.45475423227926853,-2.237168689879201,-1.5589938668394296
1,0.804,0.450276800598611,-2.240251147361102,-1.5234636150418055
1,0.806,0.4457932750634932,-2.2432625443393786,-1.4879333632443377
1,0.808,0.4413037975373617,-2.2462033262140393,-1.4529165597413822
1,0.81,0.4368085083440826,-2.249074220930913,-1.4179781571418744
1,0.812,0.4323075472381749,-2.2518752388426018,-1.3830397545423239
1,0.8140000000000001,0.42780105380601524,-2.2546067180810327,-1.3485570808131797
1,0.8160000000000001,0.42328916613852435,-2.2572695079935934,-1.3142328317522356
1,0.8180000000000001,0.41877202153970633,-2.259863649408031,-1.2799085826914052
1,0.8200000000000001,0.41424975720681,-2.262389385102918,-1.245978193497649
1,0.8220000000000001,0.40972250893715756,-2.264847656079309,-1.2122927828946217
1,0.8240000000000001,0.4051904114963735,-2.2672385562345054,-1.178607372289889
1,0.8260000000000001,0.4006535995735891,-2.269562246110679,-1.1452490635759887
1,0.8280000000000001,0.3961122065960219,-2.2718197250659427,-1.1122298916889122
1,0.8300000000000001,0.39156636469888784,-2.274011165677443,-1.0792107198008125
1,0.8320000000000001,0.3870162059362659,-2.276136660894298,-1.046446117286223
1,0.834,0.3824618612705364,-2.2781972306887184,-1.0141236771303
1,0.836,0.3779034601100982,-2.2801931556028268,-0.9818012369695452
1,0.838,0.3733411317380358,-2.2821244775652296,-0.9496539967783519
1,0.84,0.3687750045360442,-2.2839921938600622,-0.9180622980665589
1,0.842,0.3642052050848604,-2.2857967267575034,-0.8864705993619282
1,0.844,0.3596318597505397,-2.2875380861763577,-0.8549666225260353
1,0.846,0.35505509419357795,-2.2892171964674106,-0.8241436685156245
1,0.848,0.3504750320619421,-2.2908346608504315,-0.7933207145016468
1,0.85,0.3458917966474485,-2.292390479325409,-0.7624883843600401
1,0.852,0.34130551071981197,-2.2938854444196055,-0.7324767098332678
1,0.854,0.3367162948853361,-2.295320386164734,-0.7024650352974504
1,0.856,0.3321242691907191,-2.296695304560794,-0.6724533607618923
1,0.858,0.3275295533151358,-2.2980108388478913,-0.6431827611702658
1,0.86,0.3229322647070609,-2.2992680516554316,-0.6140300463805488
1,0.862,0.31833251997880047,-2.300466959033399,-0.5848773315908602
1,0.864,0.313730435497866,-2.30160805653396,-0.5563971624701196
1,0.866,0.3091261254173007,-2.3026926106176115,-0.5281569211652481
1,0.868,0.30451970270905077,-2.303720684218624,-0.49991667985887034
1,0.87,0.29991128018615193,-2.3046926406645767,-0.47227103805784054
1,0.872,0.2953009685411742,-2.3056099150992813,-0.44500339665603406
1,0.874,0.2906888768826099,-2.306472654251209,-0.41773575525576234
1,0.876,0.2860751142018059,-2.3072811032427687,-0.39097329173245043
1,0.878,0.28145978753368334,-2.3080368224065806,-0.36474587207231934
1,0.88,0.2768430018820725,-2.3087400867310484,-0.3385184524070155
1,0.882,0.272224862122136,-2.309391040587774,-0.31269284056281776
1,0.884,0.2676054713960039,-2.309991315181961,-0.2875817536367151
1,0.886,0.26298493034285725,-2.3105413676023168,-0.2624706667140799
1,0.888,0.2583633393968909,-2.311041263503354,-0.23764114706978035
1,0.89,0.2537407975269375,-2.311492636776254,-0.21373212582628298
1,0.892,0.24911740072848088,-2.311896192006656,-0.18982310458090978
1,0.894,0.24449324463658242,-2.3122519441458422,-0.16605505668781007
1,0.896,0.23986842371172964,-2.312561443930823,-0.14344472828892663
1,0.898,0.23524302900796368,-2.312825723059001,-0.12083439989191902
1,0.9,0.2306171509665981,-2.313044781530384,-0.09819997401893943
1,0.902,0.22599087913869984,-2.313219978812596,-0.07699730819442152
1,0.904,0.2213642993215688,-2.3133527707631676,-0.05579464237530374
1,0.906,0.21673749632586828,-2.3134431573820935,-0.03459197655479329
1,0.908,0.21211055432030845,-2.313492262955676,-0.014701404131457707
1,0.91,0.20748355350628936,-2.3135019937131722,0.004970646635683806
1,0.912,0.20285657257485676,-2.3134723803691326,0.024642697399258395
1,0.914,0.19822968977923547,-2.313404315908313,0.04309339836487425
1,0.916,0.19360297933597986,-2.313300126465178,0.06109604476603181
1,0.918,0.18897651327690326,-2.3131599317292473,0.07909869116883783
1,0.92,0.18435036334246252,-2.312984401684268,0.09599468406247524
1,0.922,0.17972459731280452,-2.3127762358025437,0.11217119767167105
1,0.924,0.1750992799679372,-2.312535716893584,0.12834771128109423
1,0.926,0.1704744758665743,-2.312263306570876,0.14356181491814368
1,0.928,0.16585024582594743,-2.3119620096134614,0.15773514249474374
1,0.93,0.16122664672589054,-2.3116323660008953,0.17190847007100274
1,0.932,0.15660373519471069,-2.311274652353059,0.1852998587339698
1,0.934,0.15198156446976302,-2.3108920825741803,0.1972699201429009
1,0.936,0.14736018282449587,-2.3104855726724836,0.20923998155285517
1,0.9380000000000001,0.1427396381201069,-2.3100552494532325,0.22065275238219328
1,0.9400000000000001,0.13811997528711914,-2.3096044033275467,0.23019337330438816
1,0.9420000000000001,0.1335012332276246,-2.309134475960015,0.23973399422925468
1,0.9440000000000001,0.12888345010238034,-2.3086454951506465,0.24899559100572333
1,0.9460000000000001,0.12426666167355116,-2.3081406485334752,0.25585102616427235
1,0.9480000000000001,0.11965089664882665,-2.3076220910459884,0.26270646132013553
1,0.9500000000000001,0.11503618244994736,-2.3070898226881913,0.2696259488270698
1,0.9520000000000001,0.11042254464379304,-2.3065466898039,0.27350693546403804
1,0.9540000000000001,0.10581000086538059,-2.3059957949463357,0.2773879221027755
1,0.9560000000000001,0.10119856663865655,-2.305437138115493,0.28126890873954835
1,0.9580000000000001,0.09658825612395222,-2.3048731203522306,0.2823333746130601
1,0.96,0.09197907493618274,-2.3043078743247536,0.28291265286691214
1,0.962,0.08737102539902447,-2.3037414697407645,0.28349193112057947
1,0.964,0.08276410888910712,-2.3031758490872205,0.2813992002025145
1,0.966,0.0781583179274868,-2.302616143456225,0.2783064307965333
1,0.968,0.07355364019158968,-2.302062623364033,0.2752136613912626
1,0.97,0.06895006271698985,-2.3015167708817024,0.26965672174321753
1,0.972,0.0643475636993284,-2.3009846414505253,0.2624727094333821
1,0.974,0.05974611457250468,-2.300466880043969,0.25528869712320557
1,0.976,0.055145686272554575,-2.2999645229796926,0.24592690463873623
1,0.978,0.050546241247162886,-2.2994844190327806,0.23417704227199465
1,0.98,0.045947732929940276,-2.2990278148106063,0.22242717990638994
1,0.982,0.04135011417551669,-2.2985953386526075,0.20888265977328047
1,0.984,0.03675333002807847,-2.298194426511876,0.1920294809565064
1,0.986,0.03215731399856408,-2.2978272207287813,0.17517630213933444
1,0.988,0.027561998631619844,-2.297494010858941,0.15702999889640523
1,0.99,0.02296730962637689,-2.2972025161454344,0.13446471461065812
1,0.992,0.018373158479992376,-2.296956152000499,0.11189943032491101
1,0.994,0.013779454927770083,-2.2967549802393163,0.08868677043528805
1,0.996,0.009186103029417431,-2.296606573820776,0.059719648104334055
1,0.998,0.004592990009657193,-2.2965161016469,0.030752525772868466
1,1.0,0.0,-2.2964835637176853,0.001785403441544986
2,0.0,0.0,7.654979312588488,-0.006420852816063416
2,0.002,0.015309247565930986,7.6539191445723205,-1.0537471633517725
2,0.004,0.030614280143208564,7.650764323935079,-2.1010734738874817
2,0.006,0.045910908426590596,7.645514850676771,-3.1483997844243277
2,0.008,0.06119495403839183,7.638189777654855,-4.173585797514136
2,0.01,0.07646230535191903,7.628821000778596,-5.195191078745438
2,0.012,0.09170887590113126,7.617409013339875,-6.216796359977707
2,0.014,0.10693058659100808,7.60396872540583,-7.218177740906754
2,0.016,0.12212342489856029,7.588538188257552,-8.212359407368012
2,0.018000000000000002,0.13728341376848305,7.571119287776359,-9.206541073830067
2,0.02,0.15240658094626547,7.55172295812487,-10.182906495166321
2,0.022,0.1674890176087659,7.530391983996147,-11.14806763355773
2,0.024,0.18252686200073218,7.507130687590633,-12.113228771949707
2,0.026000000000000002,0.1975162558705919,7.48194639736526,-13.063433970121196
2,0.028,0.21245339869657873,7.454884878219842,-13.998085175286633
2,0.03,0.22733454918186435,7.425954056664107,-14.932736380452752
2,0.032,0.24215596976508694,7.395158210120281,-15.85570489261886
2,0.034,0.25691397293505297,7.36254403960104,-16.758465626619795
2,0.036000000000000004,0.27160494224251247,7.328124347613801,-17.661226360621185
2,0.038,0.2862252669582968,7.291901080087593,-18.555950082143454
2,0.04,0.3007713774853087,7.253919580424617,-19.42554958081587
2,0.042,0.31523978581399725,7.214198881764318,-20.295149079492603
2,0.044,0.3296270135838607,7.172739462809067,-21.160688659742164
2,0.046,0.34392961428032087,7.129582807731978,-21.995966417357977
2,0.048,0.3581442311111117,7.084755597139635,-22.831244174974017
2,0.05,0.37226752296520266,7.0382578310320705,-23.666729264177775
2,0.052000000000000005,0.38629617189817217,6.990124466654238,-24.466635113649488
2,0.054,0.400226954290687,6.9403912905774625,-25.26654096312268
2,0.056,0.41405667051934936,6.889058302801742,-26.06644681259695
2,0.058,0.42778213689579137,6.836152981931324,-26.83476407435745
2,0.06,0.4414002642689818,6.781719859997461,-27.598357859525095
2,0.062,0.45490799821073424,6.725759550493239,-28.36195164468245
2,0.064,0.4683022946103393,6.668292703618258,-29.097850047958786
2,0.066,0.48158020001688034,6.609370552623027,-29.82430094726442
2,0.068,0.49473880821963234,6.548995499829182,-30.550751846578805
2,0.07,0.5077752194691272,6.487182162232193,-31.253676216228428
2,0.07200000000000001,0.5206866173841505,6.423986224286924,-31.94226172904746
2,0.074,0.5334702462522576,6.359413115316012,-32.63084724186092
2,0.076,0.5461233548795363,6.293472338337043,-33.30030951823369
2,0.078,0.5586432655340823,6.226221614663231,-33.95041415559194
2,0.08,0.571027374532006,6.157670681714675,-34.6005187929527
2,0.082,0.5832730827986944,6.087824951024294,-35.23609724337348
2,0.084,0.5953778530971549,6.01674164288557,-35.84721089536265
2,0.08600000000000001,0.607339234552034,5.944436107442842,-36.458324547337725
2,0.088,0.6191547831098547,5.870910770004202,-37.05966288212926
2,0.09,0.6308221041800702,5.796219728197107,-37.63137892493046
2,0.092,0.6423388997345862,5.720385254304463,-38.20309496773143
2,0.094,0.6537028829592648,5.643407955381153,-38.76990135991991
2,0.096,0.6649118043918743,5.565336139511536,-39.30191450967746
2,0.098,0.6759635181664448,5.486200297342447,-39.83392765942767
2,0.1,0.6868558962303776,5.406000428873822,-40.365973658650546
2,0.10200000000000001,0.6975868370715173,5.324776377620627,-40.858077594515464
2,0.10400000000000001,0.7081543456022791,5.242568118495757,-41.35018153038027
2,0.106,0.7185564534069191,5.159375651499147,-41.84228546623399
2,0.108,0.7287912099228422,5.075229593442671,-42.299385713726906
2,0.11,0.7388567689484264,4.990178737204617,-42.75147052432635
2,0.112,0.7487513220919134,4.904223711345377,-43.20355533491147
2,0.114,0.7584730722809511,4.817387045027467,-43.625607419527114
2,0.116,0.7680203204565763,4.729723780802592,-44.037656805336155
2,0.11800000000000001,0.7773914180049801,4.641236417806118,-44.44970619113019
2,0.12,0.7865847232520212,4.55194059674127,-44.83675518931818
2,0.122,0.7955986828762281,4.461894998017002,-45.208843534976495
2,0.124,0.8044318071262949,4.371105222601356,-45.58093188064731
2,0.126,0.8130826109867574,4.279581262917954,-45.933078040361806
2,0.128,0.8215496858303152,4.187382817541112,-46.26536733649334
2,0.13,0.8298316992045272,4.094519793571982,-46.59765663261055
2,0.132,0.8379273233595783,4.000997798028925,-46.9150537767149
2,0.134,0.8458352936903389,3.906874953860071,-47.207790392146364
2,0.136,0.8535544328595314,3.8121666364603617,-47.50052700758533
2,0.138,0.8610835703388435,3.716875335623703,-47.78338087793668
2,0.14,0.8684215852407628,3.621055062509663,-48.036892236114994
2,0.14200000000000002,0.8755674525737378,3.524727766679236,-48.290403594293366
2,0.14400000000000002,0.8825201583457654,3.427894077759296,-48.53897018169482
2,0.146,0.8892787254334927,3.330601446254307,-48.75366132329442
2,0.148,0.8958422778759271,3.232879432466146,-48.96835246488058
2,0.15,0.9022099569085018,3.134728036394791,-49.1830436064738
2,0.152,0.9083809295419825,3.0361858137233364,-49.35928637935346
2,0.154,0.9143544650299456,2.93729089087737,-49.535636466601545
2,0.156,0.9201298579720423,2.8380432678569294,-49.711986553849556
2,0.158,0.9257064200323486,2.7384720915309657,-49.85514756915734
2,0.16,0.9310835615477847,2.6386232376613794,-49.99370630044268
2,0.162,0.9362607282380191,2.538497266329191,-50.13226503171359
2,0.164,0.9412373764756192,2.438115291121275,-50.2428075121791
2,0.166,0.9460130538535078,2.3375282921024856,-50.34419150662171
2,0.168,0.9505873544653698,2.23673852509478,-50.44557550106424
2,0.17,0.9549598788307679,2.1357604308992633,-50.524002207108396
2,0.17200000000000001,0.9591303084287375,2.034647537362731,-50.58889132942505
2,0.17400000000000002,0.9630983824613891,1.9334048655815734,-50.65378045175794
2,0.176,0.9668638444318641,1.8320415144362228,-50.70063183381859
2,0.178,0.9704265067746137,1.7306111170854144,-50.72976551698238
2,0.18,0.973786250055295,1.6291224523683012,-50.75889920013526
2,0.182,0.9769429590164151,1.5275805650129146,-50.77475155336026
2,0.184,0.9798965745276376,1.4260368883609864,-50.76892509855463
2,0.186,0.9826471143384656,1.3245048646186732,-50.76309864374906
2,0.188,0.9851946021327792,1.222986716708187,-50.748562263194145
2,0.19,0.9875391050677396,1.1215295312873033,-50.70862315771667
2,0.192,0.9896807735100689,1.0201522240773078,-50.668684052246476
2,0.194,0.9916197672654243,0.9188553619610952,-50.624401373507396
2,0.196,0.9933562779571188,0.8176797149928647,-50.55124559474536
2,0.198,0.9948905836664341,0.7166503795820951,-50.47808981599786
2,0.2,0.9962229770164855,0.6157673557288837,-50.40473358973877
2,0.202,0.9973537725485258,0.5150633201925685,-50.29930194661643
2,0.20400000000000001,0.99828337087278,0.414570147942451,-50.19387030349411
2,0.20600000000000002,0.9990121937158198,0.3142878389785747,-50.08843866037901
2,0.20800000000000002,0.9995406771000185,0.2142407178100679,-49.95541623705691
2,0.21,0.999869338853495,0.11446661083213734,-49.818690740861406
2,0.212,0.9999987258440084,0.014965954846593042,-49.68196524467322
2,0.214,0.9999293937313091,-0.08424389671030026,-49.52231796121791
2,0.216,0.9996619726351053,-0.18312153292387837,-49.35531825237062
2,0.218,0.999197130265892,-0.2816651697197766,-49.18831854351606
2,0.22,0.9985355395525585,-0.379863114259948,-49.00283315942848
2,0.222,0.9976779384711891,-0.47767256037447514,-48.80661295508426
2,0.224,0.9966251109379995,-0.5750895660803097,-48.610392750732785
2,0.226,0.9953778442929291,-0.6721068684517788,-48.399875576089016
2,0.228,0.9939369803757953,-0.7686822632210998,-48.17551919325456
2,0.23,0.9923034143818885,-0.8648089452247855,-47.95116281042368
2,0.232,0.9904780447526936,-0.9604829384705662,-47.71643797581234
2,0.234,0.9884618135871809,-1.0556644333522038,-47.4650569058427
2,0.23600000000000002,0.9862557221940449,-1.1503431660939216,-47.21367583588028
2,0.23800000000000002,0.983860776397098,-1.2445173992033014,-46.955583612259886
2,0.24,0.9812780152784139,-1.3381512960075836,-46.678313192048336
2,0.242,0.9785085409069613,-1.4312306519714504,-46.40104277183593
2,0.244,0.9755534624042129,-1.5237550199429564,-46.12043790295456
2,0.246,0.9724139128244361,-1.6156938918764085,-45.81843403052915
2,0.248,0.9690910895085372,-1.7070287560650947,-45.51643015811828
2,0.25,0.9655862004720056,-1.7977596125089053,-45.21418022088733
2,0.252,0.9619004699292408,-1.8878624089085065,-44.88861617867663
2,0.254,0.9580351849217613,-1.9773140772236566,-44.5630521364659
2,0.256,0.953991647705736,-2.0661146174543488,-44.237488094277296
2,0.258,0.9497711709101204,-2.1542464653113456,-43.89209929931488
2,0.26,0.9453751257386658,-2.241682727259832,-43.544162649152554
2,0.262,0.9408049039166145,-2.328423115907956,-43.196225998997534
2,0.264,0.9360619034277992,-2.414455344861702,-42.832158249364
2,0.266,0.9311475744952018,-2.4997505509233853,-42.463047812341415
2,0.268,0.9260633933713549,-2.584307536111068,-42.093937375319
2,0.27,0.9208108399448159,-2.6681181857104104,-41.71209559968753
2,0.272,0.9153914387668972,-2.7511532998576875,-41.323018547596234
2,0.274,0.9098067455147879,-2.8334102599008,-40.93394149550704
2,0.276,0.9040583181860575,-2.914884124292287,-40.535234417981314
2,0.278,0.8981477513559464,-2.9955467621641994,-40.127403453934164
2,0.28,0.8920766749120195,-3.0753937381080068,-39.719572489885195
2,0.28200000000000003,0.8858467208659804,-3.154422395751517,-39.30491124668754
2,0.28400000000000003,0.8794595498315584,-3.232606848883336,-38.879541885128674
2,0.28600000000000003,0.8729168606295957,-3.3099405632920353,-38.454172523569696
2,0.28800000000000003,0.8662203549392113,-3.3864223922323955,-38.02446933453166
2,0.29,0.8593717556774497,-3.4620296388435055,-37.582777276574376
2,0.292,0.8523728253065813,-3.536753501338688,-37.14108521863318
2,0.294,0.8452253306224002,-3.610593680531197,-36.6972520810325
2,0.296,0.8379310532914261,-3.6835313833176277,-36.24045070540001
2,0.298,0.8304918141576304,-3.7555554833528273,-35.783649329782065
2,0.3,0.8229094404265157,-3.8266659806367516,-35.32684795415025
2,0.302,0.8151857690730706,-3.8968484721267207,-34.85589472238285
2,0.304,0.8073226741407359,-3.9660895595262886,-34.38519267718516
2,0.306,0.7993220384376922,-4.0343892428354655,-33.9144906319807
2,0.308,0.791185750825737,-4.101737362730044,-33.43242742012504
2,0.31,0.7829157335128398,-4.168118816465551,-32.949026315408446
2,0.312,0.774513920094681,-4.233533467991652,-32.46562521069245
2,0.314,0.7659822476901916,-4.297974473790104,-31.97334675676575
2,0.316,0.7573226819876188,-4.361426259522283,-31.478438975392578
2,0.318,0.7485372025291444,-4.423888229691692,-30.983531194015995
2,0.32,0.7396277908177236,-4.485356044889984,-30.481925131325283
2,0.322,0.730596451699945,-4.545814661756507,-29.976691735187956
2,0.324,0.7214452058152256,-4.605262811830723,-29.471458339045512
2,0.326,0.7121760749812067,-4.663697963845414,-28.961404213620085
2,0.328,0.7027910991725848,-4.721106381028405,-28.447012969376374
2,0.33,0.6932923353120853,-4.777486015722918,-27.932621725143235
2,0.332,0.6836818413131859,-4.832835563348267,-27.414990055193925
2,0.334,0.6739616884707099,-4.887143146962242,-26.892593558760154
2,0.336,0.6641339652539989,-4.940405937583314,-26.370197062318766
2,0.338,0.6542007613499409,-4.99262338848613,-25.84584841519336
2,0.34,0.6441641757202019,-5.043785819220798,-25.316582319453516
2,0.342,0.6340263237611852,-5.093889717763956,-24.78731622371356
2,0.34400000000000003,0.6237893225519736,-5.142934936554507,-24.257100349456778
2,0.34600000000000003,0.6134552951572587,-5.190914118613886,-23.722081709916722
2,0.34800000000000003,0.6030263794357041,-5.23782326339418,-23.187063070380418
2,0.35000000000000003,0.5925047154618682,-5.283662370895403,-22.651818078109955
2,0.352,0.581892446866779,-5.32842633276524,-22.112143791741786
2,0.354,0.5711917296965227,-5.372110946062355,-21.572469505383424
2,0.356,0.5604047226482447,-5.414716210786779,-21.032795219015043
2,0.358,0.5495335863576185,-5.456238997739932,-20.489766411227322
2,0.36,0.5385804909990812,-5.496675275914896,-19.94651176374782
2,0.362,0.5275476095934888,-5.536025044794913,-19.403257116272016
2,0.364,0.5164371161143301,-5.5742865571747,-18.857889650429797
2,0.366,0.5052511910758045,-5.611456553788465,-18.312106963326414
2,0.368,0.4939920176094257,-5.647534985028011,-17.76632427622735
2,0.37,0.4826617792553983,-5.682521000459433,-17.219392513509547
2,0.372,0.47126266332453115,-5.7164125028682315,-16.672109895297808
2,0.374,0.4597968589540829,-5.749209440040624,-16.124827277088116
2,0.376,0.44826655541906896,-5.780911481458819,-15.577089844245506
2,0.378,0.43667394346299987,-5.811517881341652,-15.0293100385976
2,0.38,0.42502121426677647,-5.841028721613202,-14.481530232953446
2,0.382,0.41331055898919905,-5.869443919192391,-13.933729490493988
2,0.384,0.40154416855894665,-5.896764077503527,-13.386428820638002
2,0.386,0.38972423241341153,-5.922989634474923,-12.839128150782017
2,0.388,0.37785293976474904,-5.948120581954912,-12.291989686602847
2,0.39,0.36593247853653044,-5.972158688731426,-11.746117089898974
2,0.392,0.35396503283995223,-5.995105050314507,-11.20024449318771
2,0.394,0.34195278616824465,-6.016959656192724,-10.654476647878028
2,0.396,0.3298979202517909,-6.037725085647195,-10.11095280659464
2,0.398,0.3178026105241108,-6.057403467419093,-9.567428965315003
2,0.4,0.30566903108056936,-6.075994801508446,-9.023722406182515
2,0.402,0.29349935422170026,-6.093501962880525,-8.483438965894464
2,0.404,0.2812957436069677,-6.10992855737202,-7.943155525604652
2,0.406,0.26906036037013253,-6.12527458498294,-7.402872085317085
2,0.40800000000000003,0.25679536408299836,-6.139542877754872,-6.866001720882252
2,0.41000000000000003,0.24450290377812495,-6.152738700079487,-6.329820603725921
2,0.41200000000000003,0.23218512419083662,-6.164862160169778,-5.79363948657101
2,0.41400000000000003,0.2198441688492777,-6.175915778233042,-5.260988723368655
2,0.41600000000000004,0.2074821694801705,-6.185906508471346,-4.729741514939633
2,0.418,0.19510125114500387,-6.194834744292802,-4.198494306509929
2,0.42,0.18270353802705047,-6.202702521291111,-3.6706676466222916
2,0.422,0.17029114199089032,-6.209518344011337,-3.1451550736035188
2,0.424,0.1578661653344358,-6.215283141585524,-2.619642500586906
2,0.426,0.14543070964449165,-6.219998382993385,-2.0972249214594285
2,0.428,0.13298686443433944,-6.223673824320006,-1.5782164051664722
2,0.43,0.12053670635856661,-6.226311248614048,-1.059207888875335
2,0.432,0.10808231123894384,-6.2279115614531335,-0.5427646474745416
2,0.434,0.0956257437645515,-6.228485324034759,-0.030997934151514528
2,0.436,0.08316905229842254,-6.22803555318974,0.48076877917128513
2,0.438,0.07071428384258707,-6.226562673784958,0.9906923115204336
2,0.44,0.05826347575906398,-6.224077470026216,1.4945114472216119
2,0.442,0.045818645721329786,-6.2205846279960735,1.998330582923245
2,0.444,0.03338180899898288,-6.216084248153221,2.5012090613142846
2,0.446,0.020954973052782454,-6.210586632055483,2.9964070364221413
2,0.448,0.008540122734727722,-6.204098620007533,3.491605011528918
2,0.45,-0.003860761163281025,-6.196620212009368,3.986933224066661
2,0.452,-0.01624570376380014,-6.188160409983995,4.472868801304614
2,0.454,-0.02861275488911404,-6.178728736804149,4.958804378541572
2,0.456,-0.04095997079691378,-6.16832519246983,5.444739955778459
2,0.458,-0.05328541196443988,-6.156957118535377,5.922161710218916
2,0.46,-0.06558716450183702,-6.144636730735155,6.398226090001344
2,0.462,-0.07786332413487417,-6.131364214175373,6.874290469781954
2,0.464,-0.09011198941309999,-6.11714527052643,7.3426359090460664
2,0.466,-0.10233128427110721,-6.1019943818670015,7.8082527503818255
2,0.468,-0.1145193461181129,-6.0859122595249,8.273869591717812
2,0.47000000000000003,-0.12667431418981634,-6.0689030595823095,8.732726737718394
2,0.47200000000000003,-0.13879435177191446,-6.050982980720226,9.18735212436627
2,0.47400000000000003,-0.1508776399455151,-6.032153651084842,9.64197751101392
2,0.47600000000000003,-0.16292236111603867,-6.012417843197132,10.090954617197895
2,0.47800000000000004,-0.1749267194782995,-5.991792811614102,10.534076965839404
2,0.48,-0.18688894153269658,-5.9702815353337755,10.977199314481823
2,0.482,-0.19880725518393833,-5.947885626971821,11.415924802571226
2,0.484,-0.210679907161667,-5.9246226374519,11.847064717353419
2,0.486,-0.22250517088052627,-5.900497368102405,12.27820463213584
2,0.488,-0.23428132189909545,-5.8755105508330905,12.706326996980124
2,0.49,-0.24600665120672027,-5.849679186768081,13.125037068030338
2,0.492,-0.257679480366073,-5.823010402560975,13.543747139075094
2,0.494,-0.2692981345509915,-5.795504378090433,13.960934850650801
2,0.496,-0.2808609508611019,-5.767176643835389,14.366799404384437
2,0.498,-0.29236629997359476,-5.738037180472888,14.772663958114208
2,0.5,-0.3038125584302553,-5.708085988002938,15.178605323084412
2,0.502,-0.3151981114390804,-5.677336142554885,15.571240124972107
2,0.504,-0.32652137948740567,-5.645801027503031,15.963874926865174
2,0.506,-0.33778079203602346,-5.613480642847427,16.35650972875783
2,0.508,-0.34897478450429037,-5.580385264841058,16.737329873741146
2,0.51,-0.3601018276729473,-5.546531553176973,17.116381790354126
2,0.512,-0.37116040531444283,-5.51191973767965,17.49543370695983
2,0.514,-0.38214900505996335,-5.476557544063381,17.86412066104424
2,0.516,-0.3930661484756882,-5.440464156121608,18.229267280748218
2,0.518,-0.4039103748222901,-5.403640474940404,18.594413900455493
2,0.52,-0.41468022577895436,-5.366091974203399,18.950744882300796
2,0.522,-0.42537427427145746,-5.327839535230201,19.301694090886258
2,0.524,-0.43599111598759704,-5.288885197839841,19.652643299467854
2,0.526,-0.4465293483097251,-5.249232525378504,19.996414240895547
2,0.528,-0.45698759620565055,-5.2089032073719945,20.3329037656099
2,0.53,-0.46736451248651356,-5.167900910316067,20.669393290317203
2,0.532,-0.47765875169795224,-5.126227666225087,21.000418598914848
2,0.534,-0.4878689916619255,-5.08390503210857,21.322215517603922
2,0.536,-0.4979939427638283,-5.0409388041546705,21.64401243629345
2,0.538,-0.5080323179662147,-4.997329893626063,21.962124742544802
2,0.54,-0.5179828489038336,-4.953098743918652,22.26902496487355
2,0.542,-0.5278443037415929,-4.908253793766579,22.575925187194798
2,0.544,-0.5376154548971747,-4.862795270245024,22.880975077001267
2,0.546,-0.5472950889357027,-4.816741492379087,23.172802788933723
2,0.548,-0.5568820317630749,-4.770104059089293,23.464630500858902
2,0.55,-0.566375116068444,-4.722882970375644,23.756486233112582
2,0.552,-0.5757731846320058,-4.675093390824563,24.033093317976657
2,0.554,-0.5850751208222958,-4.626750597103729,24.309700402844328
2,0.556,-0.5942798182109744,-4.57785458921318,24.58630748771884
2,0.558,-0.6033861771871476,-4.528417073835563,24.84951306838866
2,0.56,-0.6123931381317242,-4.478456782262416,25.11077850475567
2,0.562,-0.621299655962282,-4.427973959816534,25.37204394110813
2,0.5640000000000001,-0.6301046899393934,-4.3769772638757685,25.621749217880335
2,0.5660000000000001,-0.6388072370825506,-4.32548793620202,25.867578455887838
2,0.5680000000000001,-0.6474063139118841,-4.273506950052219,26.113407693898807
2,0.5700000000000001,-0.6559009396249076,-4.221040347441868,26.349558029567106
2,0.5720000000000001,-0.6642901676541921,-4.168110907072671,26.579882339641244
2,0.5740000000000001,-0.6725730761541181,-4.114720818083286,26.810206649710608
2,0.5760000000000001,-0.6807487451198991,-4.060873961090636,27.03276321845442
2,0.578,-0.6888162843317683,-4.0065936588416395,27.24753903049634
2,0.58,-0.6967748333875161,-3.951883804968646,27.462314842535307
2,0.582,-0.7046235337307764,-3.8967465875560325,27.671254285412715
2,0.584,-0.7123615515918365,-3.8412048707633772,27.870462507231707
2,0.586,-0.7199880876028676,-3.7852647375271107,28.069670729061727
2,0.588,-0.7275023450935216,-3.7289271622310687,28.264984820681093
2,0.59,-0.7349035470181272,-3.6722135472669373,28.448630143442756
2,0.592,-0.7421909544221592,-3.615132641657283,28.63227546620442
2,0.594,-0.7493638327448087,-3.557684690173847,28.813970756160643
2,0.596,-0.7564214621101857,-3.4998886384739896,28.98208094372086
2,0.598,-0.7633631631517879,-3.4417563663989696,29.150191131273914
2,0.6,-0.7701882634288648,-3.3832878739488756,29.31830131883362
2,0.602,-0.7768961008494537,-3.3244986715808356,29.47091377299523
2,0.604,-0.7834860546149506,-3.265404218856879,29.623538950957027
2,0.606,-0.7899575142246439,-3.2060045157770176,29.776164128911205
2,0.608,-0.7963098760878736,-3.146311393135403,29.915285553049785
2,0.61,-0.8025425768284246,-3.086343610108492,30.05249747385494
2,0.612,-0.80865506757908,-3.0261014032399896,30.18970939466726
2,0.614,-0.8146468038251873,-2.9655934225176255,30.31540942898252
2,0.616,-0.8205172785904894,-2.9048407123467577,30.43730074189284
2,0.618,-0.8262660041528238,-2.8438442195500664,30.55919205481382
2,0.62,-0.8318924954421313,-2.782609916617628,30.67155293719634
2,0.622,-0.8373963010471522,-2.7211601272333628,30.77823644710128
2,0.624,-0.8427769937063847,-2.6594969708292497,30.884919957024294
2,0.626,-0.8480341479568486,-2.5976242458219048,30.984036155495517
2,0.628,-0.8531673673042278,-2.5355645655803762,31.075644086021725
2,0.63,-0.8581762840752628,-2.4733216694778384,31.167252016540715
2,0.632,-0.8630605323723025,-2.410897681298592,31.253229854920278
2,0.634,-0.8678197701530304,-2.348314538349575,31.329913094112044
2,0.636,-0.8724536882813817,-2.2855780289221115,31.40659633329301
2,0.638,-0.8769619801827313,-2.222689093755447,31.479553609358334
2,0.64,-0.881344357978117,-2.159668059177328,31.541480968774408
2,0.642,-0.885600569849628,-2.0965231698803706,31.60340832820509
2,0.644,-0.8897303681080627,-2.0332546636426008,31.66347395743321
2,0.646,-0.8937335189157839,-1.9698803582541091,31.710831431075718
2,0.648,-0.897609826397781,-1.9064113379183087,31.758188904725557
2,0.65,-0.9013591011241591,-1.842847602635218,31.805502535713345
2,0.652,-0.9049811633310135,-1.7792036075470077,31.83849255245643
2,0.654,-0.9084758715676582,-1.7154936324253685,31.871482569192267
2,0.656,-0.9118430938740261,-1.6517176772702717,31.904472585913368
2,0.658,-0.9150827046813699,-1.5878866574739507,31.92503490362874
2,0.66,-0.9181946153660528,-1.5240177469802796,31.943875590048663
2,0.662,-0.9211787505483758,-1.460111155113756,31.962716276483093
2,0.664,-0.9240350388358736,-1.3961747848767263,31.971069705836243
2,0.666,-0.9267634429832491,-1.3322277210155835,31.975994155340913
2,0.668,-0.9293639431540032,-1.2682708082553733,31.980918604838166
2,0.67,-0.931836521916479,-1.2043094522269997,31.977247017122437
2,0.672,-0.9341811921565352,-1.1403637026474025,31.968502562504028
2,0.674,-0.9363979883863415,-1.0764354419770166,31.959758107896448
2,0.676,-0.9384869467289108,-1.0125280779427497,31.944253913880033
2,0.678,-0.9404481291453048,-0.9486617226195765,31.92210140930287
2,0.68,-0.9422816231560618,-0.8848396723055245,31.8999489047294
2,0.682,-0.9439875178493556,-0.8210638177571233,31.872812695129056
2,0.684,-0.9455659233840701,-0.7573534792522344,31.837525809766433
2,0.686,-0.9470169788155453,-0.6937137145180723,31.80223892439659
2,0.6880000000000001,-0.9483408254327578,-0.6301453569736895,31.76367912661418
2,0.6900000000000001,-0.9495376208787717,-0.5666661342002093,31.715543646875936
2,0.6920000000000001,-0.9506075541501982,-0.5032831823861622,31.667408167137694
2,0.6940000000000001,-0.9515508178072701,-0.43999671341638363,31.617640687402996
2,0.6960000000000001,-0.9523676164106333,-0.37682211889927564,31.55695382975236
2,0.6980000000000001,-0.9530581871986775,-0.3137688980973723,31.49626697212355
2,0.7000000000000001,-0.953622772918833,-0.25083705101074827,31.435514862610688
2,0.7020000000000001,-0.9540616246112997,-0.18803895154142083,31.362584606712527
2,0.704,-0.9543750259653399,-0.1253867125839017,31.289654350808032
2,0.706,-0.9545632687019766,-0.0628803341381855,31.216724094946244
2,0.708,-0.9546266499712915,-0.0005290642812362176,31.13329189850539
2,0.71,-0.9545654980864372,0.06165266394536871,31.048436328122477
2,0.712,-0.9543801524562705,0.12366468103125551,30.963580757761406
2,0.714,-0.9540709558427939,0.18550035943370177,30.869957663518736
2,0.716,-0.9536382795108234,0.24714382142485197,30.773504327599795
2,0.718,-0.9530825091615425,0.3085943767441247,30.677050991680858
2,0.72,-0.9524040324966535,0.3698475376934086,30.573488319382847
2,0.722,-0.9516032622544311,0.4308867996270954,30.465773614267974
2,0.724,-0.950680628917752,0.49171063215050503,30.358058909160405
2,0.726,-0.9496365642914811,0.5523162334465193,30.244813204690388
2,0.728,-0.9484715212858011,0.6126872284221445,30.12618177091747
2,0.73,-0.9471859735530376,0.6728209605302027,30.00755033714273
2,0.732,-0.9457803960111923,0.7327158885182208,29.884883070888947
2,0.734,-0.9442552805985848,0.792356458803988,29.755687214850013
2,0.736,-0.9426111424371177,0.8517386373776423,29.626491358789224
2,0.738,-0.9408484984259675,0.9108617486277365,29.494668654661893
2,0.74,-0.9389678785253078,0.9697116850793165,29.35526779690649
2,0.742,-0.9369698375534605,1.028282819815378,29.215866939136504
2,0.744,-0.9348549331290716,1.0865749798723177,29.075159289747887
2,0.746,-0.9326237323439859,1.1445760585942955,28.925919432203678
2,0.748,-0.9302768278811712,1.2022786576011224,28.77667957464496
2,0.75,-0.9278148167000579,1.2596827768928587,28.62736158267404
2,0.752,-0.9252383022276256,1.3167787932800024,28.468654804460414
2,0.754,-0.9225479131359756,1.3735573961106984,28.30994802627589
2,0.756,-0.9197442842522205,1.4300185853850618,28.151241248091537
2,0.758,-0.9168280545842158,1.4861552634640713,27.984502138361208
2,0.76,-0.9137998869170161,1.5419564717332517,27.816706130800014
2,0.762,-0.910660452425293,1.5974220879872987,27.64891012323892
2,0.764,-0.9074104248320708,1.6525470944563065,27.474504046274433
2,0.766,-0.9040504993033187,1.7073196001693645,27.298001666756363
2,0.768,-0.9005813817678994,1.7617391011233707,27.121499287238407
2,0.77,-0.8970037796527645,1.8158022462547714,26.939716447907358
2,0.772,-0.8933184189414445,1.86949685802233,26.754895319690092
2,0.774,-0.8895260386488458,1.92282182753353,26.570074191478398
2,0.776,-0.8856273787611035,1.9757750909834035,26.38120757692269
2,0.778,-0.8816231946625522,2.0283447582831027,26.188459722782284
2,0.78,-0.8775142567251101,2.0805289298745357,25.99571186864182
2,0.782,-0.8733013362282691,2.1323264845563616,25.800057087089044
2,0.784,-0.8689852166639689,2.1837263202506,25.599778607168957
2,0.786,-0.8645666979852399,2.2347255989850323,25.399500127252395
2,0.788,-0.8600465813907442,2.2853238332346835,25.19735525672297
2,0.79,-0.8554256772865652,2.3355111345424606,24.989946051075464
2,0.792,-0.8507048133981817,2.385283617438958,24.782536845435175
2,0.794,-0.8458848193738148,2.4346411557022747,24.574202298564842
2,0.796,-0.8409665314154543,2.4835754238375145,24.36006583666716
2,0.798,-0.8359508031937473,2.5320814190489456,24.145929374784032
2,0.8,-0.8308384912545409,2.5801591413366394,23.931707785005756
2,0.802,-0.8256304565275302,2.6278021000576954,23.711250936038404
2,0.804,-0.8203275767967756,2.6750041450808215,23.490794087071095
2,0.806,-0.8149307338896724,2.721765276405964,23.270337238104048
2,0.808,-0.8094408124045988,2.7680808188564607,23.044623133513255
2,0.81,-0.8038587124320055,2.8139436980435377,22.81825605355516
2,0.812,-0.7981853394351979,2.8593538430706738,22.591888973589676
2,0.8140000000000001,-0.7924216005257688,2.9043080322511665,22.36131278998488
2,0.8160000000000001,-0.7865684164116287,2.94879879391783,22.129448876675156
2,0.8180000000000001,-0.7806267145019818,2.9928258277578803,21.89758496336208
2,0.8200000000000001,-0.7745974231474342,3.0363870403679822,21.662458776019093
2,0.8220000000000001,-0.7684814821118645,3.07947501384231,21.425514698291977
2,0.8240000000000001,-0.7622798390175018,3.122089099161162,21.188570620557584
2,0.8260000000000001,-0.7559934420729458,3.164228043403542,20.949208592944615
2,0.8280000000000001,-0.749623248638415,3.2058848563961693,20.70760439969297
2,0.8300000000000001,-0.7431702247862856,3.247058461002307,20.466000206432227
2,0.8320000000000001,-0.736635337107206,3.287748194967544,20.222718665777393
2,0.834,-0.7300195591737274,3.3279477916174893,19.976877984191788
2,0.836,-0.7233238737283118,3.3676557069042996,19.731037302605728
2,0.838,-0.7165492641845512,3.406871658010933,19.484154864032803
2,0.84,-0.7096967189919117,3.4455903180734957,19.234505198515905
2,0.842,-0.7027672357784781,3.4838096788049824,18.984855532999063
2,0.844,-0.6957618131501364,3.52152966482265,18.734693262094197
2,0.846,-0.6886814531185352,3.558746024494603,18.48166640986132
2,0.848,-0.6815271664212943,3.595456330462073,18.228639557621136
2,0.85,-0.6742999651658235,3.6316605827250967,17.975521178517965
2,0.852,-0.6670008636029584,3.6673556576688693,17.71955376523382
2,0.854,-0.6596308838250324,3.7025387977860316,17.46358635195702
2,0.856,-0.6521910497016986,3.7372100030766613,17.207618938665746
2,0.858,-0.6446823863604775,3.771367198357473,16.949372642720192
2,0.86,-0.6371059255290401,3.8050074777984335,16.690906798228866
2,0.862,-0.6294627010704098,3.8381308255503828,16.432440953730293
2,0.864,-0.6217537475304632,3.8707359472468235,16.17234346177048
2,0.866,-0.6139801046262516,3.902820118361991,15.911827653409887
2,0.868,-0.6061428144114264,3.934383257860447,15.65131184506754
2,0.87,-0.5982429192835464,3.965424623249435,15.389703870626477
2,0.872,-0.5902814653692785,3.9959419210324016,15.12759391233078
2,0.874,-0.5822595010793614,4.025934998898772,14.865483954035426
2,0.876,-0.5741780749966503,4.055403476654881,14.602711355477368
2,0.878,-0.5660382381137927,4.0843456596211105,14.339471610757414
2,0.88,-0.5578410433444921,4.112761363097894,14.07623186604178
2,0.882,-0.5495875436988926,4.140650419921786,13.812646341734307
2,0.884,-0.5412787934964884,4.1680118174209,13.548751157366326
2,0.886,-0.5329158482894549,4.194845424551245,13.284855973008916
2,0.888,-0.5244997636731208,4.2211511794169025,13.020815817235416
2,0.89,-0.5160315957257322,4.246928746431765,12.75675119763008
2,0.892,-0.5075124007735531,4.272178184207412,12.49268657801008
2,0.894,-0.49894323507793437,4.2968994714840285,12.228557556189344
2,0.896,-0.49032515484280553,4.321092852168913,11.964823128686675
2,0.898,-0.481659215315162,4.344758763998787,11.701088701191338
2,0.9,-0.4729464714327136,4.367897206973668,11.43724502213513
2,0.902,-0.4641879777878596,4.39050880831145,11.174356315667026
2,0.904,-0.4553847867177431,4.412594632236349,10.911467609202646
2,0.906,-0.4465379497771896,4.434154678748291,10.648578902742429
2,0.908,-0.4376485180784579,4.455189805773208,10.386784099354315
2,0.91,-0.42871753923798794,4.475701865059056,10.125275186503586
2,0.912,-0.41974605929677206,4.495690906519224,9.8637662736528
2,0.914,-0.41073512387916067,4.5151578414547435,9.603590693685646
2,0.916,-0.40168577406383005,4.534105449392837,9.344017244401698
2,0.918,-0.39259904817952174,4.552533910432349,9.084443795121842
2,0.92,-0.38347598420728113,4.570444052612269,8.826319103661717
2,0.922,-0.37431761483531856,4.5878396336155856,8.569261899657931
2,0.924,-0.36512496841575737,4.604721100210913,8.3122046956546
2,0.926,-0.3558990729821136,4.621089103512833,8.056580150906143
2,0.928,-0.3466409509021364,4.63694833278919,7.802649125461812
2,0.93,-0.3373516182256574,4.6522997000146695,7.548718100018959
2,0.932,-0.32803209058305444,4.66714363183333,7.296062789736197
2,0.934,-0.31868337796789137,4.68148559628825,7.0459016651875
2,0.936,-0.3093064817460675,4.6953272384940785,6.795740540638462
2,0.9380000000000001,-0.29990240253404205,4.7086687633718425,6.5465458490380115
2,0.9400000000000001,-0.29047213572119857,4.721516146672435,6.300837451560199
2,0.9420000000000001,-0.2810166655585489,4.733872113178078,6.055129054084318
2,0.9440000000000001,-0.27153697487783923,4.745736704624206,5.809911394657092
2,0.9460000000000001,-0.26203404199757224,4.7571159997573345,5.569383738471444
2,0.9480000000000001,-0.25250883158235143,4.768014239578096,5.328856082285711
2,0.9500000000000001,-0.24296230574280137,4.778431424086476,5.088159916222821
2,0.9520000000000001,-0.2333954229526325,4.788373177164111,4.853593161411503
2,0.9540000000000001,-0.223809125789818,4.797845796732129,4.619026406598323
2,0.9560000000000001,-0.21420435252137707,4.806849282790512,4.384459651786074
2,0.9580000000000001,-0.20458203865541694,4.815388524095052,4.155661980648858
2,0.96,-0.19494310212699373,4.823472082464838,3.92789638913996
2,0.962,-0.18528845401301347,4.8311001096516115,3.7001307976302087
2,0.964,-0.17561900342928505,4.838276646805223,3.4779507858231113
2,0.966,-0.16593564093742208,4.8450124933981495,3.2578958071055695
2,0.968,-0.15623924686233073,4.851308230033643,3.0378408283877434
2,0.97,-0.14653070017604441,4.857166986085252,2.8230079809040944
2,0.972,-0.13681086109148213,4.862601646692005,2.6116526258491604
2,0.974,-0.12708057539641646,4.867613596588649,2.400297270795818
2,0.976,-0.11734068781502482,4.872205045265117,2.193596416390392
2,0.978,-0.10759202491520328,4.876390662785702,1.9920211041963967
2,0.98,-0.09783539393096492,4.8801731296819035,1.7904457920026289
2,0.982,-0.08807160085087656,4.88355379377454,1.592723583809402
2,0.984,-0.07830143488944506,4.886548631014322,1.4021136559725846
2,0.986,-0.06852566047338969,4.88916224839843,1.2115037281346304
2,0.988,-0.058745039950315485,4.891395269998995,1.0236758289527188
2,0.99,-0.048960320951228084,4.893264282804148,0.8453369762009402
2,0.992,-0.039172220604235884,4.894776617903799,0.66699812344973
2,0.994,-0.029381452256781897,4.8959324104717075,0.49005713540418583
2,0.996,-0.019588717070993068,4.8967479006044154,0.3254329973065211
2,0.998,-0.009794680153215003,4.897234142460935,0.16080885921019217
2,1.0,0.0,4.897391136041257,-0.003815278886577289
3,0.0,0.0,10.831100104308977,-0.010097507330101507
3,0.002,0.021660370652378483,10.828365867457102,-2.724139344544369
3,0.004,0.043309844747378784,10.820203546930797,-5.438181181758864
3,0.006,0.06493756611765204,10.806613142730068,-8.152223018973928
3,0.008,0.08653269532345863,10.787625519850225,-10.828488754283057
3,0.01,0.1080845107123674,10.763300532416952,-13.496498678990974
3,0.012,0.1295823401065602,10.733639525134265,-16.16450860369787
3,0.014,0.15101552501847967,10.698671408487524,-18.79156294475058
3,0.016,0.1723735445819296,10.658478091144636,-21.401754398133107
3,0.018000000000000002,0.19364595712778707,10.613064390894987,-24.01194585151825
3,0.02,0.2148223313416855,10.56245443150275,-26.581234816381993
3,0.022,0.23589238369484058,10.506750901543572,-29.122295142813982
3,0.024,0.25684594686742446,10.4459652509315,-31.6633554692462
3,0.026000000000000002,0.2776728621827282,10.380115269085392,-34.16664570145781
3,0.028,0.2983631186710795,10.309320840057659,-36.62778332626158
3,0.03,0.3189068640261258,10.233604135780338,-39.08892095106694
3,0.032,0.33929425628465854,10.15297628148281,-41.518321786059914
3,0.034,0.3595155915457265,10.067568650422434,-43.88930927431022
3,0.036000000000000004,0.3795613695696973,9.977419044385577,-46.26029676255894
3,0.038,0.3994221072034229,9.882532729229592,-48.608280715587625
3,0.04,0.4190884419585011,9.78304495487375,-50.879493640254736
3,0.042,0.4385512587390184,9.679014754668565,-53.15070656492253
3,0.044,0.4578014727785196,9.570443377029127,-55.41012824550671
3,0.046,0.47683009764169787,9.457460668954589,-57.57257982904986
3,0.048,0.49562843218555985,9.34015305771293,-59.7350314125938
3,0.05,0.5141878266037716,9.218520543304203,-61.8991448584361
3,0.052000000000000005,0.5324997058196675,9.092676882093865,-63.94451635190502
3,0.054,0.5505558069701557,8.962742477896583,-65.98988784538687
3,0.056,0.5683479485692625,8.828717330712315,-68.03525933887158
3,0.058,0.5858680025064144,8.690694266684504,-69.97302900377383
3,0.06,0.6031081645372649,8.548827541910487,-71.89369577027446
3,0.062,0.6200607517850343,8.403119483603426,-73.81436253677475
3,0.064,0.6367181170648302,8.253642078841452,-75.6376828912604
3,0.066,0.6530729331544892,8.100577659696809,-77.42673625341081
3,0.068,0.6691180422991345,7.943935133827822,-79.2157896155677
3,0.07,0.684846309767117,7.783766813322803,-80.91993440552062
3,0.07200000000000001,0.7002509026817002,7.620275679634631,-82.57119928261955
3,0.074,0.7153252107991529,7.453482016192318,-84.22246415970858
3,0.076,0.7300626404684516,7.283420574671537,-85.80317324318503
3,0.078,0.7444568699057046,7.110306179779611,-87.31122164870919
3,0.08,0.7585018544563628,6.934175688076717,-88.81927005423495
3,0.082,0.7721915668745208,6.755049225723181,-90.27275458189956
3,0.084,0.7855202130431898,6.573143556139142,-91.63291500214405
3,0.08600000000000001,0.7984823275518503,6.388517565714606,-92.9930754223924
3,0.088,0.8110724712481627,6.20118037426562,-94.31602150951221
3,0.09,0.8232853943784669,6.011339968434614,-95.52438432148944
3,0.092,0.8351162199714852,5.819082836979634,-96.73274713347382
3,0.094,0.846560114759716,5.624411256871928,-97.92231807187318
3,0.096,0.8576123903579891,5.42751320173745,-98.97573706261167
3,0.098,0.8682687630080116,5.228508308621461,-100.02915605335738
3,0.1,0.8785250190338206,5.027396577524031,-101.08299302499518
3,0.10200000000000001,0.8883770488093998,4.824334501345785,-101.97908315328262
3,0.10400000000000001,0.8978211622523661,4.619480244910914,-102.87517328157742
3,0.106,0.9068537750022058,4.412833808219459,-103.7712634098666
3,0.108,0.9154713732912796,4.204516436387792,-104.52852624937131
3,0.11,0.9236708576905037,3.994722252309696,-105.26565782873752
3,0.112,0.9314492794584127,3.78345380507285,-106.00278940811131
3,0.114,0.9388037349037144,3.5708008451284514,-106.6201465176589
3,0.116,0.9457317114413687,3.3569832627423093,-107.19743586847403
3,0.11800000000000001,0.9522308982355492,3.1420111016545422,-107.77472521930349
3,0.12,0.9582990122037379,2.925946914041064,-108.25197516772147
3,0.122,0.9639341238835955,2.7090256668720567,-108.6692720012602
3,0.124,0.9691345584754482,2.4912698260360013,-109.08656883479512
3,0.126,0.9738986601732744,2.2727194395892316,-109.42396131934476
3,0.128,0.9782250792153723,2.053613645287548,-109.68183298234555
3,0.13,0.9821127709255406,1.8339921076598529,-109.9397046453555
3,0.132,0.9855607094716902,1.613877319238836,-110.13793146839973
3,0.134,0.9885681217720649,1.3935017435530084,-110.2376442174397
3,0.136,0.99113458349557,1.1729267423690828,-110.337356966487
3,0.138,0.9932596974776993,0.9521623161307459,-110.39754192381304
3,0.14,0.9949432646944373,0.7314237347694106,-110.3410394375424
3,0.14200000000000002,0.9961854677534252,0.5107981583805719,-110.28453695127907
3,0.14400000000000002,0.9969865328836145,0.29028813911090223,-110.20822474121049
3,0.146,0.9973468327928092,0.07008181031172388,-109.99810405797315
3,0.148,0.9972671402857723,-0.14970427712102027,-109.78798337474467
3,0.15,0.9967482958452363,-0.3690701231872648,-109.5778626915235
3,0.152,0.9957912416870957,-0.5878638633148714,-109.21661260600821
3,0.154,0.994397321078531,-0.8059365736112953,-108.85609769042759
3,0.156,0.9925679760792046,-1.0232882540765516,-108.49558277484698
3,0.158,0.9903047155218071,-1.2398051862903385,-108.00596066800304
3,0.16,0.9876094312858139,-1.4553100207409901,-107.49887378265521
3,0.162,0.9844841515546902,-1.6698006814209436,-106.99178689730718
3,0.164,0.9809309457578246,-1.8831957334125535,-106.37709182415225
3,0.166,0.9769522329532617,-2.095300648194997,-105.72782295830575
3,0.168,0.9725506088568655,-2.3061070252457765,-105.07855409248123
3,0.17,0.967728693727617,-2.5155598989814942,-104.3424200669993
3,0.17200000000000001,0.9624894134398422,-2.7234582136323153,-103.55589458382872
3,0.17400000000000002,0.9568359095737322,-2.929783477316792,-102.76936910065297
3,0.176,0.9507713398073557,-3.134501551947321,-101.91574808505106
3,0.178,0.9442991174441328,-3.3374146928548956,-100.99739282253381
3,0.18,0.9374229055096195,-3.5384911232374394,-100.07903756002929
3,0.182,0.9301463822106515,-3.7377121777177758,-99.11218199583129
3,0.184,0.9224734296858691,-3.9348922497425907,-98.06789002899512
3,0.186,0.9144082056009704,-4.129983737833755,-97.02359806218055
3,0.188,0.905954888539768,-4.322978486257569,-95.94804290637285
3,0.19,0.8971178114185996,-4.513710666330984,-94.78413716703221
3,0.192,0.8879015977487632,-4.702115034925703,-93.6202314276843
3,0.194,0.878310903345144,-4.888189468605949,-92.44077580039539
3,0.196,0.8683504940590359,-5.071794216149883,-91.16397174354074
3,0.198,0.8580254288859536,-5.252845355580074,-89.88716768667155
3,0.2,0.8473408150421246,-5.431342886896571,-88.6088561806298
3,0.202,0.8363018333109321,-5.607177966814606,-87.22622373741537
3,0.20400000000000001,0.8249139466847905,-5.780247781846207,-85.8435912942009
3,0.20600000000000002,0.8131826856934716,-5.950552331991408,-84.46095885098703
3,0.20800000000000002,0.8011136272355175,-6.118013501004999,-82.99061992439209
3,0.21,0.7887126063770081,-6.282513665830016,-81.50954490063577
3,0.212,0.775985547338896,-6.444051680607512,-80.02846987686371
3,0.214,0.7629384017788194,-6.602574047396564,-78.47768712519655
3,0.216,0.7495773462130076,-6.7579575667993,-76.90583227758361
3,0.218,0.7359086673180856,-6.910197376506875,-75.33397742997431
3,0.22,0.7219386673062951,-7.05925901638882,-73.70865471534046
3,0.222,0.7076738351201455,-7.205021591731235,-72.0539206270621
3,0.224,0.6931207872514878,-7.347474698897079,-70.39918653878067
3,0.226,0.6782861497211806,-7.486597937216052,-68.70535680349258
3,0.228,0.6631766961424718,-7.622279136827968,-66.9758428083976
3,0.23,0.647799339192529,-7.75450130844965,-65.24632881328807
3,0.232,0.6321609997539137,-7.883253796374215,-63.49013457380647
3,0.234,0.6162687092484949,-8.008438030805891,-61.69409985787229
3,0.23600000000000002,0.6001296423436446,-8.130030195805709,-59.89806514193424
3,0.23800000000000002,0.5837509840033881,-8.248025779474126,-58.0857391023892
3,0.24,0.5671399970828437,-8.362343082766339,-56.23156418981466
3,0.242,0.5503040839055398,-8.472952036233398,-54.3773892772474
3,0.244,0.5332506612911134,-8.579851421252254,-52.51523509992603
3,0.246,0.515987197212591,-8.682978040179284,-50.61138382711303
3,0.248,0.49852128759875997,-8.782296956560721,-48.707532554311
3,0.25,0.48086054785471155,-8.877808170396536,-46.80190581970328
3,0.252,0.4630126243808257,-8.969466964216009,-44.85688799976464
3,0.254,0.44498527335494076,-9.057235722395603,-42.911870179815196
3,0.256,0.42678627484833653,-9.141114444935274,-40.966852359870245
3,0.258,0.4084234262290119,-9.221075032293555,-38.99149446531561
3,0.26,0.3899046116189074,-9.29708035610426,-37.013829345379236
3,0.262,0.37123774169142143,-9.369130349675073,-35.036164225446555
3,0.264,0.3524307358855769,-9.437208779369037,-33.03861885621336
3,0.266,0.33349157563533904,-9.5012841977625,-31.03679953725623
3,0.268,0.31442826818695213,-9.561355977518058,-29.03498021829637
3,0.27,0.2952488247425474,-9.617415791761843,-27.02158634815828
3,0.272,0.2759612950137178,-9.669441423372495,-25.004045262485988
3,0.274,0.25657374910383823,-9.717431972811791,-22.98650417681165
3,0.276,0.23709425865526493,-9.761383868775567,-20.963545953022958
3,0.278,0.217530913775422,-9.801286036260164,-18.938621531570107
3,0.28,0.1978918144094528,-9.83713835490185,-16.913697110117027
3,0.28200000000000003,0.17818506070288695,-9.868939669311375,-14.887387615406624
3,0.28400000000000003,0.1584187559859517,-9.896690349164734,-12.863292237955193
3,0.28600000000000003,0.13860099810006457,-9.920392838263195,-10.839196860505126
3,0.28800000000000003,0.11873988354171354,-9.940046861794183,-8.815662448013882
3,0.29,0.09884350196700074,-9.95566297603359,-6.800451791392334
3,0.292,0.07891991858512183,-9.967248668959751,-4.7852411347712405
3,0.294,0.05897719426746747,-9.974803797724999,-2.770506243499767
3,0.296,0.03902337796363681,-9.978346354052459,-0.7720500839604938
3,0.298,0.019066473459470306,-9.97789199806084,1.2264060755783248
3,0.3,-0.0008855254203938679,-9.973440729750148,3.224862235114415
3,0.302,-0.020824637982581478,-9.965013817300237,5.200478931260463
3,0.304,-0.04074294862904437,-9.952638814025104,7.174524343873145
3,0.306,-0.060632561178131796,-9.936315719924744,9.148569756483994
3,0.308,-0.08048559133716972,-9.916066245031121,11.096284927088618
3,0.31,-0.10029423644540286,-9.891931457214525,13.038502889509346
3,0.312,-0.12005072754207796,-9.863912233473084,14.980720851928709
3,0.314,-0.1397473050745037,-9.832028308151449,16.895164983698464
3,0.316,-0.15937630253571028,-9.796334740490675,18.79840267707459
3,0.318,-0.17893010638620857,-9.756834697443145,20.70164037045015
3,0.32,-0.1984011100439233,-9.713544338533474,22.577623387531958
3,0.322,-0.21778180521347368,-9.666531700646171,24.43501449977316
3,0.324,-0.23706476032502505,-9.615804280534384,26.29240561201277
3,0.326,-0.25624254951458464,-9.561373846239535,28.124927295160205
3,0.328,-0.2753078440287657,-9.503319006087676,29.92991285669541
3,0.33,-0.29425341889152,-9.441654194812752,31.734898418229932
3,0.332,-0.31307205586674614,-9.376386710796947,33.51915815547295
3,0.334,-0.3317566267404033,-9.307602047047325,35.26550559414375
3,0.336,-0.3503001355916839,-9.235324688420373,37.01185303280954
3,0.338,-0.36869559755421527,-9.159558072757202,38.74325890612727
3,0.34,-0.3869361059683349,-9.080389734571154,40.425079279911984
3,0.342,-0.4050149140653349,-8.997857755637545,42.106899653692835
3,0.34400000000000003,-0.42292529462013045,-8.911962952117102,43.78107682285008
3,0.34600000000000003,-0.4406605838617953,-8.822789035085936,45.39284020830581
3,0.34800000000000003,-0.45821430174262695,-8.730391591283881,47.00460359375393
3,0.35000000000000003,-0.4755800012090833,-8.634770620710928,48.61740197704739
3,0.352,-0.49275128328052,-8.535999267710839,50.15395102306641
3,0.354,-0.5097219495478648,-8.434154816618673,51.690500069091286
3,0.356,-0.5264858538149333,-8.329237267434475,53.2270491151221
3,0.358,-0.5430368841485327,-8.221306191312818,54.694563015011795
3,0.36,-0.5593691363640293,-8.110460503634165,56.151124663654855
3,0.362,-0.5754767840808712,-7.996701692658199,57.60768631230894
3,0.364,-0.5913540238008452,-7.880075908238451,59.001844035980184
3,0.366,-0.6069952571323396,-7.760700024800405,60.37403940207787
3,0.368,-0.6223949943062256,-7.638579750630162,61.74623476817169
3,0.37,-0.6375477603055103,-7.513748611865899,63.064002062058194
3,0.372,-0.6524482736234853,-7.3863367552930015,64.34785451083849
3,0.374,-0.6670913955234172,-7.256357193822545,65.63170695961935
3,0.376,-0.681471997904467,-7.123832204618812,66.87030448917017
3,0.378,-0.6955851270771071,-6.9888996542114725,68.06224591817829
3,0.38,-0.7094260072660743,-6.851583220946093,69.25418734718687
3,0.382,-0.7229898738750837,-6.711895812861741,70.41109316955772
3,0.384,-0.7362721120642282,-6.56997675116255,71.5079685296273
3,0.386,-0.749268318379254,-6.425863938743227,72.60484388969371
3,0.388,-0.7619741062716087,-6.279563224762945,73.67779527426774
3,0.39,-0.7743852110838507,-6.131208564111585,74.6768653771191
3,0.392,-0.7864976084345845,-5.980855763254476,75.67593547997785
3,0.394,-0.7983073021600082,-5.828506276570693,76.6629300999698
3,0.396,-0.8098103895578598,-5.674281473735801,77.56187273493049
3,0.398,-0.8210032294647716,-5.518258785630968,78.46081536989823
3,0.4,-0.8318822261102039,-5.36043821225622,79.3601118392171
3,0.402,-0.8424438510380934,-5.200921079161077,80.15702125594815
3,0.404,-0.8526848478809593,-5.039810127232471,80.95393067269379
3,0.406,-0.8626020290011343,-4.877105356470294,81.75084008944623
3,0.40800000000000003,-0.8721922525864563,-4.712885559221476,82.4574332940035
3,0.41000000000000003,-0.881452646581769,-4.5472773078201705,83.15081810733886
3,0.41200000000000003,-0.8903804373046523,-4.3802822867921485,83.84420292068853
3,0.41400000000000003,-0.8989728804305341,-4.211959062529257,84.45931650547817
3,0.41600000000000004,-0.9072274874028703,-4.042451649951142,85.04809607263815
3,0.418,-0.9151419019909156,-3.871766678238734,85.63687563979761
3,0.42,-0.9227137861346648,-3.6999451489767923,86.15995386441114
3,0.422,-0.9299410341920041,-3.5271417419197992,86.64345319258052
3,0.424,-0.9368217084365731,-3.3533713362064788,87.12695252076082
3,0.426,-0.9433538836591977,-3.1786603044533788,87.55769021392996
3,0.428,-0.9495358369255068,-3.003166980771036,87.93563346840835
3,0.43,-0.9553660476579424,-2.8269177705797235,88.31357672288141
3,0.432,-0.9608430078084493,-2.649927549640383,88.6519155229571
3,0.434,-0.9659653774082267,-2.472351215908185,88.92441820924492
3,0.436,-0.9707320493351671,-2.294229876803414,89.19692089553291
3,0.438,-0.9751419346895379,-2.115570162684609,89.44304501244306
3,0.44,-0.9791940772183035,-1.9365165127915962,89.61060488057781
3,0.442,-0.9828877773275466,-1.7571277431622776,89.77816474871258
3,0.444,-0.9862223649201577,-1.5774055347449578,89.93249625545195
3,0.446,-0.9891972686726216,-1.3974770554617226,89.99598302778556
3,0.448,-0.9918121884929747,-1.2174216026338012,90.05946980011913
3,0.45,-0.9940668704341272,-1.037239176261222,90.12266347183433
3,0.452,-0.9959611296970554,-0.8570332053417418,90.08330744761703
3,0.454,-0.9974950557301931,-0.6769059464707464,90.04395142338518
3,0.456,-0.9986688059576374,-0.49685739964822395,90.00459539916056
3,0.458,-0.9994825835874273,-0.31696573288694924,89.87626878328629
3,0.46,-0.9999368562625547,-0.13735381570057711,89.73564840304942
3,0.462,-1.00003218634407,0.04197686072527905,89.59502802281256
3,0.464,-0.9997691647426614,0.2209697624901632,89.37946168804913
3,0.466,-0.9991486262753364,0.3994887143192645,89.13949014104824
3,0.468,-0.9981715298474471,0.5775277230543746,88.89951859404738
3,0.47000000000000003,-0.9968388515409843,0.7550482299027548,88.5983507931183
3,0.47200000000000003,-0.9951517831056261,0.9319078424387615,88.26126174287597
3,0.47400000000000003,-0.9931116696232961,1.1080932768742597,87.92417269263376
3,0.47600000000000003,-0.9907198676116491,1.2835803287662348,87.53923458879541
3,0.47800000000000004,-0.9879779162632674,1.4582271304513272,87.10756709628563
3,0.48,-0.9848875346465006,1.6320105971513765,86.67589960376824
3,0.482,-0.9814504528308459,1.8049173626888004,86.20920745722748
3,0.484,-0.9776685486354026,1.976812360330142,85.68579018408266
3,0.486,-0.973543901279223,2.1476605234251416,85.16237291093046
3,0.488,-0.9690786054390228,2.317455974649149,84.61611999349304
3,0.49,-0.9642748692932256,2.4860761494038535,84.00405476122023
3,0.492,-0.9591351169283836,2.6534721936940437,83.3919895289473
3,0.494,-0.9536617967391436,2.819642593557773,82.76853782536693
3,0.496,-0.9478574393798527,2.984482313995507,82.07118261238277
3,0.498,-0.9417247972901123,3.147927324007288,81.37382739942063
3,0.5,-0.9352666598907741,3.3099776235931966,80.67569907804841
3,0.502,-0.9284858726111301,3.4705499732013054,79.89665053005986
3,0.504,-0.9213854987293661,3.6295642257134157,79.11760198203501
3,0.506,-0.9139686544396739,3.787020381129473,78.33855343401046
3,0.508,-0.9062384919681429,3.9428573855577413,77.49054623851958
3,0.51,-0.8981983673875203,4.096981553579708,76.63362178344892
3,0.512,-0.8898517083197641,4.249391872691534,75.7766973283783
3,0.514,-0.8812019641993857,4.4000455126543345,74.86352341214683
3,0.516,-0.8722527666475002,4.548841779107351,73.93274304084457
3,0.518,-0.8630078381234514,4.6957764848177135,73.00196266953526
3,0.52,-0.8534709137836812,4.840821304605457,72.02675595625931
3,0.522,-0.8436458846173608,4.983874384313371,71.02632375163103
3,0.524,-0.8335367501560338,5.124926599611983,70.02589154699945
3,0.526,-0.8231475180319459,5.263960703455202,68.99189171997455
3,0.528,-0.8124823233179355,5.400878772385459,67.92617721026647
3,0.53,-0.8015454238950838,5.535665412296265,66.86046270054567
3,0.532,-0.7903410850263541,5.668311361645838,65.77100582726825
3,0.534,-0.7788736712784716,5.7987268927048,64.64452523169791
3,0.536,-0.7671476794296623,5.92688946257262,63.51804463612007
3,0.538,-0.7551676161093845,6.0527950737371015,62.3765537708407
3,0.54,-0.7429380612560743,6.176365578720374,61.19395121244071
3,0.542,-0.7304637305979143,6.297570878586865,60.011348654048106
3,0.544,-0.7177493546432927,6.416409920557565,58.82132443608543
3,0.546,-0.7047997148008093,6.532818598173787,57.587353180135864
3,0.548,-0.6916197255456056,6.646759333278106,56.35338192416475
3,0.55,-0.6782143227627048,6.75823212587048,55.11839317397789
3,0.552,-0.6645884753887515,6.8671884160148045,53.83789697037264
3,0.554,-0.650747276426917,6.97358371375193,52.557400766771025
3,0.556,-0.6366958478620153,7.077418019081899,51.276904563177595
3,0.558,-0.6224393318402208,7.17865767143199,49.958969715383944
3,0.56,-0.6079829799615378,7.2772535054448815,48.636864297508055
3,0.562,-0.5933320806256649,7.373205128622045,47.314758879625515
3,0.5640000000000001,-0.5784919337290826,7.466490371260633,45.964133745878144
3,0.5660000000000001,-0.5634679305491954,7.557059893563816,44.60538855731056
3,0.5680000000000001,-0.5482655058150788,7.644911925489861,43.246643368740024
3,0.5700000000000001,-0.5328901004731312,7.7300328029164,41.86708106185654
3,0.5720000000000001,-0.5173472276250507,7.81237658522622,40.476701247975825
3,0.5740000000000001,-0.5016424479719781,7.891939607908299,39.0863214340975
3,0.5760000000000001,-0.48578132577450006,7.9687141706822455,37.68158847947848
3,0.578,-0.4697694789170144,8.042660356385834,36.26459722412619
3,0.58,-0.4536125736706313,8.113772559578749,34.84760596876595
3,0.582,-0.4373162790534416,8.18204696016379,33.421473593675955
3,0.584,-0.4208863012384325,8.247451328592414,31.98289483494227
3,0.586,-0.4043283918440836,8.309978539503543,30.54431607620063
3,0.588,-0.38764830548822565,8.369627036303754,29.10055167288283
3,0.59,-0.3708518204178856,8.426372981229665,27.645393253032694
3,0.592,-0.3539447537745334,8.480208609315882,26.19023483318233
3,0.594,-0.3369329262392173,8.53113348117153,24.732593581577476
3,0.596,-0.31982217193151896,8.57913190562276,23.265830869646095
3,0.598,-0.3026183543003421,8.624196804650117,21.79906815771119
3,0.6,-0.2853273403965344,8.666328178253602,20.33230544577782
3,0.602,-0.26795500376366455,8.705517307964781,18.857844877138803
3,0.604,-0.25050723575128525,8.741759557762153,17.384404920242105
3,0.606,-0.23298993011922506,8.775054927645744,15.91096496334103
3,0.608,-0.21540898297751845,8.805400268762538,14.434932115817958
3,0.61,-0.1977702960782794,8.832794879217712,12.95967833934992
3,0.612,-0.1800797704656829,8.857238982119942,11.48442456288467
3,0.614,-0.1623433074306488,8.878732766832922,10.010411260584647
3,0.616,-0.14456680259612306,8.897281306862203,8.538128768692559
3,0.618,-0.1267561452465225,8.912885281907693,7.065846276801494
3,0.62,-0.10891722402013432,8.925546476573766,5.597386466651187
3,0.622,-0.0910559127063851,8.935276631009577,4.132767969160568
3,0.624,-0.07317807032075929,8.94207754845041,2.6681494716704037
3,0.626,-0.0552895547882959,8.945951347705435,1.2087125068335354
3,0.628,-0.0373962029129404,8.946916405115509,-0.24365509675953945
3,0.63,-0.01950382565797194,8.9449767273184,-1.6960227003528416
3,0.632,-0.001618232164188425,8.940133977007891,-3.143038521259541
3,0.634,0.016254792613876263,8.932412251602479,-4.578686884153967
3,0.636,0.034109502644404335,8.921819229471277,-6.014335247049075
3,0.638,0.05194015544209824,8.908355781917233,-7.445608878244002
3,0.64,0.06974103272727193,8.892049972804294,-8.86020023469473
3,0.642,0.08750646921150684,8.872914980978454,-10.274791591145913
3,0.644,0.10523080653542043,8.850950986309643,-11.687085162583116
3,0.646,0.12290840811206655,8.826187477512418,-13.076423634643703
3,0.648,0.14053370399417406,8.798645291771072,-14.46576210670446
3,0.65,0.15810113682785495,8.7683244290856,-15.855926585914858
3,0.652,0.17560516713807486,8.735252533744594,-17.21596875509144
3,0.654,0.19304033357327446,8.699460554065237,-18.57601092426421
3,0.656,0.21040119596477697,8.660948490047533,-19.936053093440023
3,0.658,0.22768232774987637,8.619740358533576,-21.267856218752
3,0.66,0.24487838817802615,8.575877781376251,-22.59472093857221
3,0.662,0.26198406972242166,8.52936147477929,-23.921585658397817
3,0.664,0.27899407444976415,8.480211055881494,-25.221539558233758
3,0.666,0.2959031934974463,8.42847799931837,-26.511517004886855
3,0.668,0.3127062664771088,8.374164987861946,-27.80149445153984
3,0.67,0.3293981394976481,8.317286914099087,-29.066927361656553
3,0.672,0.34597374643115486,8.257903499423623,-30.31648731381256
3,0.674,0.36242808741540633,8.196020964843836,-31.566047265960606
3,0.676,0.3787561675189714,8.131649573831588,-32.79440359387763
3,0.678,0.3949530739932185,8.064854967301315,-34.00020293637408
3,0.68,0.41101397965572006,7.995648762086088,-35.206002278869164
3,0.682,0.42693406277950735,7.924037078156265,-36.39484605561188
3,0.684,0.4427085746507432,7.850088496596898,-37.55373550375111
3,0.686,0.4583328715799641,7.773822136141268,-38.712624951883754
3,0.6880000000000001,0.47380231845456555,7.695240816278787,-39.859642996458206
3,0.6900000000000001,0.4891123414477632,7.614412500235284,-40.96867304704887
3,0.6920000000000001,0.5042584897487726,7.531366124090596,-42.07770309763555
3,0.6940000000000001,0.5192363272886902,7.446102372218569,-43.18070790655406
3,0.6960000000000001,0.5340414663332412,7.358684530295967,-44.23713401605329
3,0.6980000000000001,0.5486696568417282,7.269153836154365,-45.29356012555263
3,0.7000000000000001,0.5631166731097129,7.177510289793768,-46.35049244902484
3,0.7020000000000001,0.5773783251797394,7.083808017901256,-47.351779443468374
3,0.704,0.5914505701319913,6.988103172019859,-48.35306643791273
3,0.706,0.6053294028184922,6.890395752149603,-49.35435343235531
3,0.708,0.6190108430476382,6.790728944455454,-50.30582331346187
3,0.71,0.6324910600727712,6.689173472102133,-51.24964903985506
3,0.712,0.6457662785017448,6.585730348296014,-52.19347476625535
3,0.714,0.6588327393167323,6.480432455380239,-53.09304112068378
3,0.716,0.6716868286397625,6.373362114905477,-53.97729935405391
3,0.718,0.6843250087653765,6.264523257964015,-54.86155758742325
3,0.72,0.6967437523736337,6.1539394273781935,-55.707776681824384
3,0.722,0.7089396671399505,6.041701071400544,-56.53057929581246
3,0.724,0.7209094595890841,5.927817110194944,-57.35338190980292
3,0.726,0.7326498436085432,5.812303000041422,-58.14494719599156
3,0.728,0.7441576532619522,5.695253427226447,-58.90462561900267
3,0.73,0.7554298444128851,5.576684497565428,-59.66430404201947
3,0.732,0.7664633805393546,5.456605082437996,-60.400046623312846
3,0.734,0.7772553272070062,5.335109883224613,-61.095152590059115
3,0.736,0.7878028932642974,5.212224472077767,-61.790258556809476
3,0.738,0.798103298943664,5.087952845047176,-62.46914738092755
3,0.74,0.8081538468019148,4.962385244662999,-63.098453003205066
3,0.742,0.8179520008481531,4.83555903303438,-63.72775862547542
3,0.744,0.827495243941028,4.707475207230368,-64.34890044294366
3,0.746,0.836781121556485,4.578214909167691,-64.91139761971547
3,0.748,0.8458073535814632,4.447829616751531,-65.47389479647268
3,0.75,0.8545716900272555,4.316319329981805,-66.03653384921995
3,0.752,0.8630719256867256,4.183751363090967,-66.53143304160082
3,0.754,0.8713060356140296,4.050193597815389,-67.02633223395969
3,0.756,0.8792720402123976,3.9156460341550985,-67.52123142633263
3,0.758,0.8869679901826859,3.7801606957259293,-67.95657811141928
3,0.76,0.8943921139323228,3.6438208111148094,-68.38330649968987
3,0.762,0.901542704455961,3.5066274697271633,-68.81003488794568
3,0.764,0.9084180740547657,3.3686191404367403,-69.18541886212972
3,0.766,0.915016702698542,3.229890103652905,-69.54361792171767
3,0.768,0.9213371568706312,3.0904446687498828,-69.90181698129436
3,0.77,0.9273780149456669,2.950309651380207,-70.21710209897759
3,0.772,0.9331380070292187,2.8095859246664117,-70.50662461479544
3,0.774,0.9386159726143114,2.668283152921,-70.79614713063506
3,0.776,0.94381075934588,2.526418524137895,-71.05132766151286
3,0.778,0.9487213464677984,2.3840949622630228,-71.27223421338653
3,0.78,0.9533468446528629,2.241329587284355,-71.4931407652839
3,0.782,0.9576863726992324,2.098132068158873,-71.68833944846904
3,0.784,0.9617391584533557,1.9546028343156108,-71.8408943947824
3,0.786,0.9655045806298999,1.8107684905797305,-71.9934493411032
3,0.788,0.968982029730877,1.6666333384735947,-72.12891524902079
3,0.79,0.9721709821326616,1.5222908409788976,-72.21358224570002
3,0.792,0.9750710802054636,1.3777790094908107,-72.29824924237931
3,0.794,0.9776819853737416,1.233098933731165,-72.37435548230133
3,0.796,0.9800034229055153,1.0883327856805134,-72.39179256830951
3,0.798,0.9820352932670159,0.9435317634579021,-72.40922965430315
3,0.8,0.9837775267098992,0.798695867063335,-72.42647090099754
3,0.802,0.9852300981327015,0.6538918709779853,-72.37752518436233
3,0.804,0.9863931594547666,0.5091857663258589,-72.32857946772711
3,0.806,0.9872669064589606,0.36457755310707873,-72.27963375111366
3,0.808,0.9878515644729005,0.22011767520332967,-72.17327132530548
3,0.81,0.9881475294793383,0.0758854305752378,-72.05897330275864
3,0.812,0.988155258592565,-0.0681182180077231,-71.94467528021181
3,0.8140000000000001,0.987875227348771,-0.21185678466582705,-71.78199917900515
3,0.8160000000000001,0.9873080687427122,-0.3552423405777763,-71.60355673295656
3,0.8180000000000001,0.9864544959097213,-0.4982710115976347,-71.42511428690801
3,0.8200000000000001,0.9853152330733923,-0.6409178990459021,-71.20713869392074
3,0.8220000000000001,0.983891143803177,-0.7830909685370406,-70.96593079719281
3,0.8240000000000001,0.982183190809773,-0.9247816222346896,-70.72472290045766
3,0.8260000000000001,0.9801923441957615,-1.0659742163232484,-70.45256570582956
3,0.8280000000000001,0.9779196922515871,-1.2065769179090013,-70.15013587995654
3,0.8300000000000001,0.975366439763893,-1.346574759843051,-69.84770605410893
3,0.8320000000000001,0.9725337986487074,-1.4859590941643817,-69.5225854997754
3,0.834,0.9694230765896678,-1.6246423147312727,-69.16063506710992
3,0.836,0.9660357119903593,-1.7626016344328335,-68.79868463445428
3,0.838,0.9623731533033775,-1.8998332483867122,-68.42191588756236
3,0.84,0.9584369227207146,-2.036257461333359,-68.00229705906219
3,0.842,0.9542286829498156,-2.1718424366229656,-67.58267823055473
3,0.844,0.9497501125519358,-2.306587196761955,-67.15566990674165
3,0.846,0.9450029436793729,-2.440423245413736,-66.68037874505112
3,0.848,0.9399890532918296,-2.5733087117421536,-66.20508758336064
3,0.85,0.9347103425539534,-2.7052435957471817,-65.72933821466097
3,0.852,0.9291687492398217,-2.8361734414883717,-65.20050752657176
3,0.854,0.9233663538955839,-2.966045625853463,-64.67167683848982
3,0.856,0.917305271843992,-3.094860148842364,-64.14284615042288
3,0.858,0.9109876420507528,-3.222576903591341,-63.56866352091609
3,0.86,0.904415737655057,-3.349134122839841,-62.98855572757964
3,0.862,0.8975918790364511,-3.4745311265016645,-62.40844793423594
3,0.864,0.8905184009499584,-3.59873964882596,-61.791161739304755
3,0.866,0.8831977586621437,-3.7216929723307053,-61.16216176547471
3,0.868,0.8756324677272673,-3.843388295887841,-60.53316179164494
3,0.87,0.8678250521120681,-3.9638068319506363,-59.87463434923643
3,0.872,0.8597781394406375,-4.082880708895222,-59.199242595361056
3,0.874,0.8514944297988255,-4.2006038023321,-58.52385084148773
3,0.876,0.8429766286794769,-4.316964612035932,-57.82601316277476
3,0.878,0.8342275268787809,-4.431897463809389,-57.106838610716636
3,0.88,0.8252499977236419,-4.54539196647877,-56.38766405864362
3,0.882,0.8160469195179442,-4.657441912996316,-55.65251245474042
3,0.884,0.8066212374980349,-4.767986691416377,-54.89226596531432
3,0.886,0.7969759864142645,-4.87701097685761,-54.13201947589141
3,0.888,0.78711420772548,-4.984512080560516,-53.361612263089
3,0.89,0.77703899268125,-5.090436792960894,-52.56310013728955
3,0.892,0.7667535252364709,-5.194764481109667,-51.76458801149738
3,0.894,0.7562609995048352,-5.297494439270982,-50.961042316497924
3,0.896,0.7455646444630841,-5.398582641768257,-50.12716018077049
3,0.898,0.7346677807806098,-5.49800307999406,-49.29327804504328
3,0.9,0.7235737439859553,-5.59575575394844,-48.4587667314363
3,0.902,0.7122858924598657,-5.691807014505885,-47.59249382599923
3,0.904,0.7008076709584724,-5.786125729252463,-46.72622092057304
3,0.906,0.6891425445733965,-5.878711898188178,-45.85994801514789
3,0.908,0.677293992484531,-5.969541934368365,-44.96736360398063
3,0.91,0.6652655709592877,-6.058581055524309,-44.07175755193498
3,0.912,0.6530608624038367,-6.145828964576122,-43.17615149988205
3,0.914,0.6406834573540543,-6.231269933128917,-42.260234175599294
3,0.916,0.6281370115580144,-6.3148685936264535,-41.33842632192545
3,0.918,0.6154252120566868,-6.3966236384166075,-40.41661846824127
3,0.92,0.6025517503517234,-6.476525240232968,-39.47976107283455
3,0.922,0.5895203702215017,-6.554539953793573,-38.53495248775198
3,0.924,0.5763348502813291,-6.630665050183975,-37.59014390267066
3,0.926,0.5629989717538078,-6.704894908450086,-36.63478107298283
3,0.928,0.5495165554025928,-6.777199928849158,-35.670239326065484
3,0.93,0.5358914580940738,-6.847575865754342,-34.70569757914609
3,0.932,0.5221275387689661,-6.916019887073031,-33.734304440083406
3,0.934,0.5082286843480595,-6.982507552773933,-32.75336126080367
3,0.936,0.49419881648210945,-7.047033332116249,-31.772418081516207
3,0.9380000000000001,0.4800418591685574,-7.10959605522712,-30.78750929844682
3,0.9400000000000001,0.46576175467286846,-7.170177123780751,-29.793559255180924
3,0.9420000000000001,0.45136247594015877,-7.228770292247836,-28.79960921190741
3,0.9440000000000001,0.4368479988057558,-7.28537522966104,-27.80373844823498
3,0.9460000000000001,0.4222223098693105,-7.3399792068976835,-26.800238788404073
3,0.9480000000000001,0.4074894199777115,-7.392576184814634,-25.79673912856606
3,0.9500000000000001,0.39265334312959815,-7.443166163411949,-24.79249892939424
3,0.9520000000000001,0.37771809882370333,-7.491741633088923,-23.782970747588763
3,0.9540000000000001,0.36268772263481813,-7.538298046402307,-22.773442565788628
3,0.9560000000000001,0.34756625267566976,-7.582835403352086,-21.763914383986048
3,0.9580000000000001,0.33235772930490454,-7.625350514233085,-20.75149561560312
3,0.96,0.31706619993126883,-7.665841536372978,-19.73952652430421
3,0.962,0.3016957124515351,-7.704308620330285,-18.72755743300604
3,0.964,0.28625031526603284,-7.740751295788309,-17.715731400229288
3,0.966,0.270734055045978,-7.77517200710541,-16.70497991688353
3,0.968,0.2551509749062556,-7.80757121545584,-15.694228433541866
3,0.97,0.23950511766146473,-7.837949871943229,-14.685785758534735
3,0.972,0.2238005168781425,-7.866315645338292,-13.679987636527585
3,0.974,0.2080411961442742,-7.8926698224893395,-12.674189514521913
3,0.976,0.1922311783240908,-7.917013791153003,-11.671972872796005
3,0.978,0.17637447147819077,-7.939360713671199,-10.674949645394236
3,0.98,0.16047506483370919,-7.959713589734584,-9.677926417988601
3,0.982,0.14453694627003616,-7.978073583724504,-8.684835685421831
3,0.984,0.12856408565119412,-7.994458925128612,-7.700505718692057
3,0.986,0.1125604230094773,-8.008875606599268,-6.716175751962055
3,0.988,0.09652989559708733,-8.021324247179495,-5.735174166171646
3,0.99,0.08047642182613443,-8.031826987904171,-4.767566558505337
3,0.992,0.0644038777889475,-8.040394513413515,-3.799958950839482
3,0.994,0.048316133916297806,-8.04702692972795,-2.8340803830978984
3,0.996,0.03221704304825962,-8.051748362218262,-1.8873521072156052
3,0.998,0.01611040277179256,-8.054576338156814,-0.9406238313349604
3,1.0,0.0,-8.055510857543602,0.006104444546508603
